◇ injected env (0) from .env // tip: ⌘ multiple files { path: ['.env.local', '.env'] }
Server running on port 5000
[0mGET /api/health [32m200[0m 44.431 ms - 46[0m
2026-08-01 07:16:47: ◇ injected env (0) from .env // tip: ◈ encrypted .env [www.dotenvx.com]
2026-08-01 07:16:47: 3. About to listen on 5000
2026-08-01 07:16:50: ◇ injected env (0) from .env // tip: ⌘ multiple files { path: ['.env.local', '.env'] }
2026-08-01 07:16:50: 3. About to listen on 5000
2026-08-01 07:16:53: ◇ injected env (0) from .env // tip: ◈ encrypted .env [www.dotenvx.com]
2026-08-01 07:16:53: 3. About to listen on 5000
2026-08-01 07:16:57: ◇ injected env (0) from .env // tip: ⌘ suppress logs { quiet: true }
2026-08-01 07:16:57: 3. About to listen on 5000
2026-08-01 07:17:00: ◇ injected env (0) from .env // tip: ⌘ custom filepath { path: '/custom/path/.env' }
2026-08-01 07:17:00: 3. About to listen on 5000
2026-08-01 07:17:03: ◇ injected env (0) from .env // tip: ⌘ override existing { override: true }
2026-08-01 07:17:03: 3. About to listen on 5000
2026-08-01 07:17:07: ◇ injected env (0) from .env // tip: ⌘ enable debugging { debug: true }
2026-08-01 07:17:07: 3. About to listen on 5000
2026-08-01 07:17:10: ◇ injected env (0) from .env // tip: ⌘ suppress logs { quiet: true }
2026-08-01 07:17:10: 3. About to listen on 5000
2026-08-01 07:17:13: ◇ injected env (0) from .env // tip: ⌘ multiple files { path: ['.env.local', '.env'] }
2026-08-01 07:17:13: 3. About to listen on 5000
2026-08-01 07:17:17: ◇ injected env (0) from .env // tip: ⌘ multiple files { path: ['.env.local', '.env'] }
2026-08-01 07:17:17: 3. About to listen on 5000
2026-08-01 07:17:20: ◇ injected env (0) from .env // tip: ⌘ multiple files { path: ['.env.local', '.env'] }
2026-08-01 07:17:20: 3. About to listen on 5000
2026-08-01 07:17:23: ◇ injected env (0) from .env // tip: ⌘ override existing { override: true }
2026-08-01 07:17:23: 3. About to listen on 5000
2026-08-01 07:17:27: ◇ injected env (0) from .env // tip: ⌘ enable debugging { debug: true }
2026-08-01 07:17:27: 3. About to listen on 5000
2026-08-01 07:17:30: ◇ injected env (0) from .env // tip: ⌘ override existing { override: true }
2026-08-01 07:17:30: 3. About to listen on 5000
2026-08-01 07:17:33: ◇ injected env (0) from .env // tip: ⌘ multiple files { path: ['.env.local', '.env'] }
2026-08-01 07:17:33: 3. About to listen on 5000
2026-08-01 07:17:37: ◇ injected env (0) from .env // tip: ⌘ custom filepath { path: '/custom/path/.env' }
2026-08-01 07:17:37: 3. About to listen on 5000
2026-08-01 07:17:40: ◇ injected env (0) from .env // tip: ⌘ multiple files { path: ['.env.local', '.env'] }
2026-08-01 07:17:40: 3. About to listen on 5000
2026-08-01 07:17:43: ◇ injected env (0) from .env // tip: ⌘ override existing { override: true }
2026-08-01 07:17:43: 3. About to listen on 5000
2026-08-01 07:17:46: ◇ injected env (0) from .env // tip: ◈ encrypted .env [www.dotenvx.com]
2026-08-01 07:17:46: 3. About to listen on 5000
2026-08-01 07:17:50: ◇ injected env (0) from .env // tip: ⌘ enable debugging { debug: true }
2026-08-01 07:17:50: 3. About to listen on 5000
2026-08-01 07:17:53: ◇ injected env (0) from .env // tip: ⌘ custom filepath { path: '/custom/path/.env' }
2026-08-01 07:17:53: 3. About to listen on 5000
2026-08-01 07:17:56: ◇ injected env (0) from .env // tip: ⌘ override existing { override: true }
2026-08-01 07:17:56: 3. About to listen on 5000
2026-08-01 07:18:00: ◇ injected env (0) from .env // tip: ⌘ enable debugging { debug: true }
2026-08-01 07:18:00: 3. About to listen on 5000
2026-08-01 07:18:03: ◇ injected env (0) from .env // tip: ⌘ override existing { override: true }
2026-08-01 07:18:03: 3. About to listen on 5000
2026-08-01 07:18:06: ◇ injected env (0) from .env // tip: ⌘ multiple files { path: ['.env.local', '.env'] }
2026-08-01 07:18:06: 3. About to listen on 5000
2026-08-01 07:18:10: ◇ injected env (0) from .env // tip: ⌘ multiple files { path: ['.env.local', '.env'] }
2026-08-01 07:18:10: 3. About to listen on 5000
2026-08-01 07:18:13: ◇ injected env (0) from .env // tip: ⌘ override existing { override: true }
2026-08-01 07:18:13: 3. About to listen on 5000
2026-08-01 07:18:16: ◇ injected env (0) from .env // tip: ⌘ suppress logs { quiet: true }
2026-08-01 07:18:16: 3. About to listen on 5000
2026-08-01 07:18:20: ◇ injected env (0) from .env // tip: ◈ secrets for agents [www.dotenvx.com]
2026-08-01 07:18:20: 3. About to listen on 5000
2026-08-01 07:18:23: ◇ injected env (0) from .env // tip: ⌁ auth for agents [www.vestauth.com]
2026-08-01 07:18:23: 3. About to listen on 5000
2026-08-01 07:18:26: ◇ injected env (0) from .env // tip: ⌘ override existing { override: true }
2026-08-01 07:18:26: 3. About to listen on 5000
2026-08-01 07:18:29: ◇ injected env (0) from .env // tip: ⌘ suppress logs { quiet: true }
2026-08-01 07:18:29: 3. About to listen on 5000
2026-08-01 07:18:33: ◇ injected env (0) from .env // tip: ⌘ multiple files { path: ['.env.local', '.env'] }
2026-08-01 07:18:33: 3. About to listen on 5000
2026-08-01 07:18:36: ◇ injected env (0) from .env // tip: ⌁ auth for agents [www.vestauth.com]
2026-08-01 07:18:36: 3. About to listen on 5000
2026-08-01 07:18:39: ◇ injected env (0) from .env // tip: ⌘ suppress logs { quiet: true }
2026-08-01 07:18:39: 3. About to listen on 5000
2026-08-01 07:18:43: ◇ injected env (0) from .env // tip: ⌘ custom filepath { path: '/custom/path/.env' }
2026-08-01 07:18:43: 3. About to listen on 5000
2026-08-01 07:18:46: ◇ injected env (0) from .env // tip: ◈ encrypted .env [www.dotenvx.com]
2026-08-01 07:18:46: 3. About to listen on 5000
2026-08-01 07:18:49: ◇ injected env (0) from .env // tip: ◈ secrets for agents [www.dotenvx.com]
2026-08-01 07:18:49: 3. About to listen on 5000
2026-08-01 07:18:53: ◇ injected env (0) from .env // tip: ⌘ multiple files { path: ['.env.local', '.env'] }
2026-08-01 07:18:53: 3. About to listen on 5000
2026-08-01 07:18:56: ◇ injected env (0) from .env // tip: ⌘ suppress logs { quiet: true }
2026-08-01 07:18:56: 3. About to listen on 5000
2026-08-01 07:18:59: ◇ injected env (0) from .env // tip: ⌘ suppress logs { quiet: true }
2026-08-01 07:18:59: 3. About to listen on 5000
2026-08-01 07:19:03: ◇ injected env (0) from .env // tip: ◈ secrets for agents [www.dotenvx.com]
2026-08-01 07:19:03: 3. About to listen on 5000
2026-08-01 07:19:06: ◇ injected env (0) from .env // tip: ⌘ custom filepath { path: '/custom/path/.env' }
2026-08-01 07:19:06: 3. About to listen on 5000
2026-08-01 07:19:09: ◇ injected env (0) from .env // tip: ◈ secrets for agents [www.dotenvx.com]
2026-08-01 07:19:09: 3. About to listen on 5000
2026-08-01 07:19:13: ◇ injected env (0) from .env // tip: ◈ secrets for agents [www.dotenvx.com]
2026-08-01 07:19:13: 3. About to listen on 5000
2026-08-01 07:19:16: ◇ injected env (0) from .env // tip: ⌁ auth for agents [www.vestauth.com]
2026-08-01 07:19:16: 3. About to listen on 5000
2026-08-01 07:19:19: ◇ injected env (0) from .env // tip: ⌘ multiple files { path: ['.env.local', '.env'] }
2026-08-01 07:19:19: 3. About to listen on 5000
2026-08-01 07:19:22: ◇ injected env (0) from .env // tip: ⌘ enable debugging { debug: true }
2026-08-01 07:19:22: 3. About to listen on 5000
2026-08-01 07:19:26: ◇ injected env (0) from .env // tip: ⌁ auth for agents [www.vestauth.com]
2026-08-01 07:19:26: 3. About to listen on 5000
2026-08-01 07:19:29: ◇ injected env (0) from .env // tip: ⌘ override existing { override: true }
2026-08-01 07:19:29: 3. About to listen on 5000
2026-08-01 07:19:32: ◇ injected env (0) from .env // tip: ⌁ auth for agents [www.vestauth.com]
2026-08-01 07:19:32: 3. About to listen on 5000
2026-08-01 07:19:36: ◇ injected env (0) from .env // tip: ⌘ multiple files { path: ['.env.local', '.env'] }
2026-08-01 07:19:36: 3. About to listen on 5000
2026-08-01 07:19:39: ◇ injected env (0) from .env // tip: ⌘ enable debugging { debug: true }
2026-08-01 07:19:39: 3. About to listen on 5000
2026-08-01 07:19:42: ◇ injected env (0) from .env // tip: ⌘ custom filepath { path: '/custom/path/.env' }
2026-08-01 07:19:42: 3. About to listen on 5000
2026-08-01 07:19:46: ◇ injected env (0) from .env // tip: ◈ secrets for agents [www.dotenvx.com]
2026-08-01 07:19:46: 3. About to listen on 5000
2026-08-01 07:19:49: ◇ injected env (0) from .env // tip: ⌘ override existing { override: true }
2026-08-01 07:19:49: 3. About to listen on 5000
2026-08-01 07:19:52: ◇ injected env (0) from .env // tip: ⌘ override existing { override: true }
2026-08-01 07:19:52: 3. About to listen on 5000
2026-08-01 07:19:56: ◇ injected env (0) from .env // tip: ⌘ multiple files { path: ['.env.local', '.env'] }
2026-08-01 07:19:56: 3. About to listen on 5000
2026-08-01 07:19:59: ◇ injected env (0) from .env // tip: ◈ encrypted .env [www.dotenvx.com]
2026-08-01 07:19:59: 3. About to listen on 5000
2026-08-01 07:20:02: ◇ injected env (0) from .env // tip: ⌘ override existing { override: true }
2026-08-01 07:20:02: 3. About to listen on 5000
2026-08-01 07:20:05: ◇ injected env (0) from .env // tip: ⌘ custom filepath { path: '/custom/path/.env' }
2026-08-01 07:20:05: 3. About to listen on 5000
2026-08-01 07:20:09: ◇ injected env (0) from .env // tip: ⌘ custom filepath { path: '/custom/path/.env' }
2026-08-01 07:20:09: 3. About to listen on 5000
2026-08-01 07:20:12: ◇ injected env (0) from .env // tip: ⌘ suppress logs { quiet: true }
2026-08-01 07:20:12: 3. About to listen on 5000
2026-08-01 07:20:15: ◇ injected env (0) from .env // tip: ⌘ multiple files { path: ['.env.local', '.env'] }
2026-08-01 07:20:15: 3. About to listen on 5000
2026-08-01 07:20:19: ◇ injected env (0) from .env // tip: ⌘ override existing { override: true }
2026-08-01 07:20:19: 3. About to listen on 5000
2026-08-01 07:20:22: ◇ injected env (0) from .env // tip: ◈ encrypted .env [www.dotenvx.com]
2026-08-01 07:20:22: 3. About to listen on 5000
2026-08-01 07:20:25: ◇ injected env (0) from .env // tip: ⌘ custom filepath { path: '/custom/path/.env' }
2026-08-01 07:20:25: 3. About to listen on 5000
2026-08-01 07:20:29: ◇ injected env (0) from .env // tip: ⌘ enable debugging { debug: true }
2026-08-01 07:20:29: 3. About to listen on 5000
2026-08-01 07:20:32: ◇ injected env (0) from .env // tip: ⌘ enable debugging { debug: true }
2026-08-01 07:20:32: 3. About to listen on 5000
2026-08-01 07:20:35: ◇ injected env (0) from .env // tip: ⌁ auth for agents [www.vestauth.com]
2026-08-01 07:20:35: 3. About to listen on 5000
2026-08-01 07:20:39: ◇ injected env (0) from .env // tip: ⌘ custom filepath { path: '/custom/path/.env' }
2026-08-01 07:20:39: 3. About to listen on 5000
2026-08-01 07:20:42: ◇ injected env (0) from .env // tip: ⌘ custom filepath { path: '/custom/path/.env' }
2026-08-01 07:20:42: 3. About to listen on 5000
2026-08-01 07:20:45: ◇ injected env (0) from .env // tip: ⌘ multiple files { path: ['.env.local', '.env'] }
2026-08-01 07:20:45: 3. About to listen on 5000
2026-08-01 07:20:49: ◇ injected env (0) from .env // tip: ◈ encrypted .env [www.dotenvx.com]
2026-08-01 07:20:49: 3. About to listen on 5000
2026-08-01 07:20:52: ◇ injected env (0) from .env // tip: ⌁ auth for agents [www.vestauth.com]
2026-08-01 07:20:52: 3. About to listen on 5000
2026-08-01 07:20:56: ◇ injected env (0) from .env // tip: ⌘ custom filepath { path: '/custom/path/.env' }
2026-08-01 07:20:56: 3. About to listen on 5000
2026-08-01 07:20:59: ◇ injected env (0) from .env // tip: ⌘ custom filepath { path: '/custom/path/.env' }
2026-08-01 07:20:59: 3. About to listen on 5000
2026-08-01 07:21:02: ◇ injected env (0) from .env // tip: ◈ encrypted .env [www.dotenvx.com]
2026-08-01 07:21:02: 3. About to listen on 5000
2026-08-01 07:21:06: ◇ injected env (0) from .env // tip: ◈ encrypted .env [www.dotenvx.com]
2026-08-01 07:21:06: 3. About to listen on 5000
2026-08-01 07:21:09: ◇ injected env (0) from .env // tip: ⌘ enable debugging { debug: true }
2026-08-01 07:21:09: 3. About to listen on 5000
2026-08-01 07:21:12: ◇ injected env (0) from .env // tip: ⌘ multiple files { path: ['.env.local', '.env'] }
2026-08-01 07:21:12: 3. About to listen on 5000
2026-08-01 07:21:16: ◇ injected env (0) from .env // tip: ⌁ auth for agents [www.vestauth.com]
2026-08-01 07:21:16: 3. About to listen on 5000
2026-08-01 07:21:19: ◇ injected env (0) from .env // tip: ◈ encrypted .env [www.dotenvx.com]
2026-08-01 07:21:19: 3. About to listen on 5000
2026-08-01 07:21:21: ◇ injected env (0) from .env // tip: ⌁ auth for agents [www.vestauth.com]
2026-08-01 07:21:21: 3. About to listen on 5000
2026-08-01 07:21:24: ◇ injected env (0) from .env // tip: ⌘ enable debugging { debug: true }
2026-08-01 07:21:24: 3. About to listen on 5000
2026-08-01 07:21:27: ◇ injected env (0) from .env // tip: ⌘ enable debugging { debug: true }
2026-08-01 07:21:27: 3. About to listen on 5000
2026-08-01 07:21:30: ◇ injected env (0) from .env // tip: ◈ encrypted .env [www.dotenvx.com]
2026-08-01 07:21:30: 3. About to listen on 5000
2026-08-01 07:21:34: ◇ injected env (0) from .env // tip: ⌘ override existing { override: true }
2026-08-01 07:21:34: 3. About to listen on 5000
2026-08-01 07:21:37: ◇ injected env (0) from .env // tip: ⌁ auth for agents [www.vestauth.com]
2026-08-01 07:21:37: 3. About to listen on 5000
2026-08-01 07:21:40: ◇ injected env (0) from .env // tip: ◈ encrypted .env [www.dotenvx.com]
2026-08-01 07:21:40: 3. About to listen on 5000
2026-08-01 07:21:44: ◇ injected env (0) from .env // tip: ⌁ auth for agents [www.vestauth.com]
2026-08-01 07:21:44: 3. About to listen on 5000
2026-08-01 07:21:47: ◇ injected env (0) from .env // tip: ⌁ auth for agents [www.vestauth.com]
2026-08-01 07:21:47: 3. About to listen on 5000
2026-08-01 07:21:50: ◇ injected env (0) from .env // tip: ⌘ suppress logs { quiet: true }
2026-08-01 07:21:50: 3. About to listen on 5000
2026-08-01 07:21:53: ◇ injected env (0) from .env // tip: ⌘ override existing { override: true }
2026-08-01 07:21:53: 3. About to listen on 5000
2026-08-01 07:21:57: ◇ injected env (0) from .env // tip: ⌘ custom filepath { path: '/custom/path/.env' }
2026-08-01 07:21:57: 3. About to listen on 5000
2026-08-01 07:22:00: ◇ injected env (0) from .env // tip: ◈ secrets for agents [www.dotenvx.com]
2026-08-01 07:22:00: 3. About to listen on 5000
2026-08-01 07:22:03: ◇ injected env (0) from .env // tip: ⌁ auth for agents [www.vestauth.com]
2026-08-01 07:22:03: 3. About to listen on 5000
2026-08-01 07:22:07: ◇ injected env (0) from .env // tip: ⌘ enable debugging { debug: true }
2026-08-01 07:22:07: 3. About to listen on 5000
2026-08-01 07:22:10: ◇ injected env (0) from .env // tip: ⌘ enable debugging { debug: true }
2026-08-01 07:22:10: 3. About to listen on 5000
2026-08-01 07:22:13: ◇ injected env (0) from .env // tip: ⌘ multiple files { path: ['.env.local', '.env'] }
2026-08-01 07:22:13: 3. About to listen on 5000
2026-08-01 07:22:17: ◇ injected env (0) from .env // tip: ⌘ multiple files { path: ['.env.local', '.env'] }
2026-08-01 07:22:17: 3. About to listen on 5000
2026-08-01 07:22:20: ◇ injected env (0) from .env // tip: ⌘ suppress logs { quiet: true }
2026-08-01 07:22:20: 3. About to listen on 5000
2026-08-01 07:22:23: ◇ injected env (0) from .env // tip: ⌘ suppress logs { quiet: true }
2026-08-01 07:22:23: 3. About to listen on 5000
2026-08-01 07:22:26: ◇ injected env (0) from .env // tip: ⌘ multiple files { path: ['.env.local', '.env'] }
2026-08-01 07:22:26: 3. About to listen on 5000
2026-08-01 07:22:30: ◇ injected env (0) from .env // tip: ⌘ override existing { override: true }
2026-08-01 07:22:30: 3. About to listen on 5000
2026-08-01 07:22:33: ◇ injected env (0) from .env // tip: ◈ encrypted .env [www.dotenvx.com]
2026-08-01 07:22:33: 3. About to listen on 5000
2026-08-01 07:22:36: ◇ injected env (0) from .env // tip: ⌘ multiple files { path: ['.env.local', '.env'] }
2026-08-01 07:22:36: 3. About to listen on 5000
2026-08-01 07:22:40: ◇ injected env (0) from .env // tip: ⌘ multiple files { path: ['.env.local', '.env'] }
2026-08-01 07:22:40: 3. About to listen on 5000
2026-08-01 07:22:43: ◇ injected env (0) from .env // tip: ⌘ multiple files { path: ['.env.local', '.env'] }
2026-08-01 07:22:43: 3. About to listen on 5000
2026-08-01 07:22:46: ◇ injected env (0) from .env // tip: ⌘ override existing { override: true }
2026-08-01 07:22:46: 3. About to listen on 5000
2026-08-01 07:22:50: ◇ injected env (0) from .env // tip: ⌘ enable debugging { debug: true }
2026-08-01 07:22:50: 3. About to listen on 5000
2026-08-01 07:22:53: ◇ injected env (0) from .env // tip: ⌘ multiple files { path: ['.env.local', '.env'] }
2026-08-01 07:22:53: 3. About to listen on 5000
2026-08-01 07:22:56: ◇ injected env (0) from .env // tip: ⌘ custom filepath { path: '/custom/path/.env' }
2026-08-01 07:22:56: 3. About to listen on 5000
2026-08-01 07:22:59: ◇ injected env (0) from .env // tip: ⌘ enable debugging { debug: true }
2026-08-01 07:22:59: 3. About to listen on 5000
2026-08-01 07:23:03: ◇ injected env (0) from .env // tip: ⌘ enable debugging { debug: true }
2026-08-01 07:23:03: 3. About to listen on 5000
2026-08-01 07:23:06: ◇ injected env (0) from .env // tip: ⌘ override existing { override: true }
2026-08-01 07:23:06: 3. About to listen on 5000
2026-08-01 07:23:09: ◇ injected env (0) from .env // tip: ◈ encrypted .env [www.dotenvx.com]
2026-08-01 07:23:09: 3. About to listen on 5000
2026-08-01 07:23:13: ◇ injected env (0) from .env // tip: ⌘ suppress logs { quiet: true }
2026-08-01 07:23:13: 3. About to listen on 5000
2026-08-01 07:23:16: ◇ injected env (0) from .env // tip: ◈ encrypted .env [www.dotenvx.com]
2026-08-01 07:23:16: 3. About to listen on 5000
2026-08-01 07:23:19: ◇ injected env (0) from .env // tip: ⌘ enable debugging { debug: true }
2026-08-01 07:23:19: 3. About to listen on 5000
2026-08-01 07:23:23: ◇ injected env (0) from .env // tip: ⌘ override existing { override: true }
2026-08-01 07:23:23: 3. About to listen on 5000
2026-08-01 07:23:26: ◇ injected env (0) from .env // tip: ⌘ override existing { override: true }
2026-08-01 07:23:26: 3. About to listen on 5000
2026-08-01 07:23:29: ◇ injected env (0) from .env // tip: ⌁ auth for agents [www.vestauth.com]
2026-08-01 07:23:29: 3. About to listen on 5000
2026-08-01 07:23:32: ◇ injected env (0) from .env // tip: ◈ encrypted .env [www.dotenvx.com]
2026-08-01 07:23:32: 3. About to listen on 5000
2026-08-01 07:23:36: ◇ injected env (0) from .env // tip: ⌘ multiple files { path: ['.env.local', '.env'] }
2026-08-01 07:23:36: 3. About to listen on 5000
2026-08-01 07:23:39: ◇ injected env (0) from .env // tip: ⌘ enable debugging { debug: true }
2026-08-01 07:23:39: 3. About to listen on 5000
2026-08-01 07:23:42: ◇ injected env (0) from .env // tip: ⌘ custom filepath { path: '/custom/path/.env' }
2026-08-01 07:23:42: 3. About to listen on 5000
2026-08-01 07:23:46: ◇ injected env (0) from .env // tip: ⌘ suppress logs { quiet: true }
2026-08-01 07:23:46: 3. About to listen on 5000
2026-08-01 07:23:49: ◇ injected env (0) from .env // tip: ⌘ override existing { override: true }
2026-08-01 07:23:49: 3. About to listen on 5000
2026-08-01 07:23:52: ◇ injected env (0) from .env // tip: ⌘ override existing { override: true }
2026-08-01 07:23:52: 3. About to listen on 5000
2026-08-01 07:23:56: ◇ injected env (0) from .env // tip: ⌘ override existing { override: true }
2026-08-01 07:23:56: 3. About to listen on 5000
2026-08-01 07:23:59: ◇ injected env (0) from .env // tip: ◈ secrets for agents [www.dotenvx.com]
2026-08-01 07:23:59: 3. About to listen on 5000
2026-08-01 07:24:02: ◇ injected env (0) from .env // tip: ⌘ suppress logs { quiet: true }
2026-08-01 07:24:02: 3. About to listen on 5000
2026-08-01 07:24:05: ◇ injected env (0) from .env // tip: ⌘ multiple files { path: ['.env.local', '.env'] }
2026-08-01 07:24:05: 3. About to listen on 5000
2026-08-01 07:24:09: ◇ injected env (0) from .env // tip: ⌘ custom filepath { path: '/custom/path/.env' }
2026-08-01 07:24:09: 3. About to listen on 5000
2026-08-01 07:24:12: ◇ injected env (0) from .env // tip: ⌘ multiple files { path: ['.env.local', '.env'] }
2026-08-01 07:24:12: 3. About to listen on 5000
2026-08-01 07:24:15: ◇ injected env (0) from .env // tip: ⌘ custom filepath { path: '/custom/path/.env' }
2026-08-01 07:24:15: 3. About to listen on 5000
2026-08-01 07:24:19: ◇ injected env (0) from .env // tip: ⌘ custom filepath { path: '/custom/path/.env' }
2026-08-01 07:24:19: 3. About to listen on 5000
2026-08-01 07:24:22: ◇ injected env (0) from .env // tip: ⌘ override existing { override: true }
2026-08-01 07:24:22: 3. About to listen on 5000
2026-08-01 07:24:25: ◇ injected env (0) from .env // tip: ⌘ custom filepath { path: '/custom/path/.env' }
2026-08-01 07:24:25: 3. About to listen on 5000
2026-08-01 07:24:29: ◇ injected env (0) from .env // tip: ⌘ override existing { override: true }
2026-08-01 07:24:29: 3. About to listen on 5000
2026-08-01 07:24:32: ◇ injected env (0) from .env // tip: ⌁ auth for agents [www.vestauth.com]
2026-08-01 07:24:32: 3. About to listen on 5000
2026-08-01 07:24:35: ◇ injected env (0) from .env // tip: ⌁ auth for agents [www.vestauth.com]
2026-08-01 07:24:35: 3. About to listen on 5000
2026-08-01 07:24:38: ◇ injected env (0) from .env // tip: ⌘ suppress logs { quiet: true }
2026-08-01 07:24:38: 3. About to listen on 5000
2026-08-01 07:24:42: ◇ injected env (0) from .env // tip: ⌁ auth for agents [www.vestauth.com]
2026-08-01 07:24:42: 3. About to listen on 5000
2026-08-01 07:24:45: ◇ injected env (0) from .env // tip: ◈ encrypted .env [www.dotenvx.com]
2026-08-01 07:24:45: 3. About to listen on 5000
2026-08-01 07:24:48: ◇ injected env (0) from .env // tip: ⌁ auth for agents [www.vestauth.com]
2026-08-01 07:24:48: 3. About to listen on 5000
2026-08-01 07:24:52: ◇ injected env (0) from .env // tip: ◈ encrypted .env [www.dotenvx.com]
2026-08-01 07:24:52: 3. About to listen on 5000
2026-08-01 07:24:55: ◇ injected env (0) from .env // tip: ⌘ multiple files { path: ['.env.local', '.env'] }
2026-08-01 07:24:55: 3. About to listen on 5000
2026-08-01 07:24:58: ◇ injected env (0) from .env // tip: ⌘ multiple files { path: ['.env.local', '.env'] }
2026-08-01 07:24:58: 3. About to listen on 5000
2026-08-01 07:25:02: ◇ injected env (0) from .env // tip: ⌘ enable debugging { debug: true }
2026-08-01 07:25:02: 3. About to listen on 5000
2026-08-01 07:25:05: ◇ injected env (0) from .env // tip: ⌘ suppress logs { quiet: true }
2026-08-01 07:25:05: 3. About to listen on 5000
2026-08-01 07:25:08: ◇ injected env (0) from .env // tip: ⌘ enable debugging { debug: true }
2026-08-01 07:25:08: 3. About to listen on 5000
2026-08-01 07:25:12: ◇ injected env (0) from .env // tip: ◈ encrypted .env [www.dotenvx.com]
2026-08-01 07:25:12: 3. About to listen on 5000
2026-08-01 07:25:15: ◇ injected env (0) from .env // tip: ⌘ suppress logs { quiet: true }
2026-08-01 07:25:15: 3. About to listen on 5000
2026-08-01 07:25:18: ◇ injected env (0) from .env // tip: ◈ secrets for agents [www.dotenvx.com]
2026-08-01 07:25:18: 3. About to listen on 5000
2026-08-01 07:25:21: ◇ injected env (0) from .env // tip: ⌘ multiple files { path: ['.env.local', '.env'] }
2026-08-01 07:25:21: 3. About to listen on 5000
2026-08-01 07:25:25: ◇ injected env (0) from .env // tip: ⌘ suppress logs { quiet: true }
2026-08-01 07:25:25: 3. About to listen on 5000
2026-08-01 07:25:28: ◇ injected env (0) from .env // tip: ⌘ multiple files { path: ['.env.local', '.env'] }
2026-08-01 07:25:28: 3. About to listen on 5000
2026-08-01 07:25:32: ◇ injected env (0) from .env // tip: ◈ secrets for agents [www.dotenvx.com]
2026-08-01 07:25:32: 3. About to listen on 5000
2026-08-01 07:25:35: ◇ injected env (0) from .env // tip: ⌘ override existing { override: true }
2026-08-01 07:25:35: 3. About to listen on 5000
2026-08-01 07:25:38: ◇ injected env (0) from .env // tip: ⌘ override existing { override: true }
2026-08-01 07:25:38: 3. About to listen on 5000
2026-08-01 07:25:42: ◇ injected env (0) from .env // tip: ◈ secrets for agents [www.dotenvx.com]
2026-08-01 07:25:42: 3. About to listen on 5000
2026-08-01 07:25:45: ◇ injected env (0) from .env // tip: ⌘ suppress logs { quiet: true }
2026-08-01 07:25:45: 3. About to listen on 5000
2026-08-01 07:25:48: ◇ injected env (0) from .env // tip: ◈ secrets for agents [www.dotenvx.com]
2026-08-01 07:25:48: 3. About to listen on 5000
2026-08-01 07:25:51: ◇ injected env (0) from .env // tip: ⌁ auth for agents [www.vestauth.com]
2026-08-01 07:25:51: 3. About to listen on 5000
2026-08-01 07:25:55: ◇ injected env (0) from .env // tip: ⌁ auth for agents [www.vestauth.com]
2026-08-01 07:25:55: 3. About to listen on 5000
2026-08-01 07:25:58: ◇ injected env (0) from .env // tip: ⌘ suppress logs { quiet: true }
2026-08-01 07:25:58: 3. About to listen on 5000
2026-08-01 07:26:01: ◇ injected env (0) from .env // tip: ⌘ suppress logs { quiet: true }
2026-08-01 07:26:01: 3. About to listen on 5000
2026-08-01 07:26:04: ◇ injected env (0) from .env // tip: ⌘ suppress logs { quiet: true }
2026-08-01 07:26:05: 3. About to listen on 5000
2026-08-01 07:26:08: ◇ injected env (0) from .env // tip: ⌁ auth for agents [www.vestauth.com]
2026-08-01 07:26:08: 3. About to listen on 5000
2026-08-01 07:26:11: ◇ injected env (0) from .env // tip: ⌘ enable debugging { debug: true }
2026-08-01 07:26:11: 3. About to listen on 5000
2026-08-01 07:26:14: ◇ injected env (0) from .env // tip: ⌘ enable debugging { debug: true }
2026-08-01 07:26:14: 3. About to listen on 5000
2026-08-01 07:26:18: ◇ injected env (0) from .env // tip: ⌘ suppress logs { quiet: true }
2026-08-01 07:26:18: 3. About to listen on 5000
2026-08-01 07:26:21: ◇ injected env (0) from .env // tip: ⌘ suppress logs { quiet: true }
2026-08-01 07:26:21: 3. About to listen on 5000
2026-08-01 07:26:24: ◇ injected env (0) from .env // tip: ⌘ override existing { override: true }
2026-08-01 07:26:24: 3. About to listen on 5000
2026-08-01 07:26:27: ◇ injected env (0) from .env // tip: ⌘ suppress logs { quiet: true }
2026-08-01 07:26:28: 3. About to listen on 5000
2026-08-01 07:26:31: ◇ injected env (0) from .env // tip: ◈ encrypted .env [www.dotenvx.com]
2026-08-01 07:26:31: 3. About to listen on 5000
2026-08-01 07:26:34: ◇ injected env (0) from .env // tip: ◈ encrypted .env [www.dotenvx.com]
2026-08-01 07:26:34: 3. About to listen on 5000
2026-08-01 07:26:37: ◇ injected env (0) from .env // tip: ⌘ override existing { override: true }
2026-08-01 07:26:37: 3. About to listen on 5000
2026-08-01 07:26:41: ◇ injected env (0) from .env // tip: ⌘ suppress logs { quiet: true }
2026-08-01 07:26:41: 3. About to listen on 5000
2026-08-01 07:26:44: ◇ injected env (0) from .env // tip: ⌘ suppress logs { quiet: true }
2026-08-01 07:26:44: 3. About to listen on 5000
2026-08-01 07:26:47: ◇ injected env (0) from .env // tip: ◈ encrypted .env [www.dotenvx.com]
2026-08-01 07:26:47: 3. About to listen on 5000
2026-08-01 07:26:50: ◇ injected env (0) from .env // tip: ⌘ multiple files { path: ['.env.local', '.env'] }
2026-08-01 07:26:50: 3. About to listen on 5000
2026-08-01 07:26:54: ◇ injected env (0) from .env // tip: ⌘ enable debugging { debug: true }
2026-08-01 07:26:54: 3. About to listen on 5000
2026-08-01 07:26:57: ◇ injected env (0) from .env // tip: ⌘ multiple files { path: ['.env.local', '.env'] }
2026-08-01 07:26:57: 3. About to listen on 5000
2026-08-01 07:27:00: ◇ injected env (0) from .env // tip: ⌁ auth for agents [www.vestauth.com]
2026-08-01 07:27:00: 3. About to listen on 5000
2026-08-01 07:27:04: ◇ injected env (0) from .env // tip: ⌘ enable debugging { debug: true }
2026-08-01 07:27:04: 3. About to listen on 5000
2026-08-01 07:27:07: ◇ injected env (0) from .env // tip: ⌘ enable debugging { debug: true }
2026-08-01 07:27:07: 3. About to listen on 5000
2026-08-01 07:27:10: ◇ injected env (0) from .env // tip: ⌘ multiple files { path: ['.env.local', '.env'] }
2026-08-01 07:27:10: 3. About to listen on 5000
2026-08-01 07:27:14: ◇ injected env (0) from .env // tip: ⌁ auth for agents [www.vestauth.com]
2026-08-01 07:27:14: 3. About to listen on 5000
2026-08-01 07:27:17: ◇ injected env (0) from .env // tip: ⌁ auth for agents [www.vestauth.com]
2026-08-01 07:27:17: 3. About to listen on 5000
2026-08-01 07:27:20: ◇ injected env (0) from .env // tip: ◈ secrets for agents [www.dotenvx.com]
2026-08-01 07:27:20: 3. About to listen on 5000
2026-08-01 07:27:23: ◇ injected env (0) from .env // tip: ◈ encrypted .env [www.dotenvx.com]
2026-08-01 07:27:23: 3. About to listen on 5000
2026-08-01 07:27:27: ◇ injected env (0) from .env // tip: ⌘ override existing { override: true }
2026-08-01 07:27:27: 3. About to listen on 5000
2026-08-01 07:27:30: ◇ injected env (0) from .env // tip: ⌘ suppress logs { quiet: true }
2026-08-01 07:27:30: 3. About to listen on 5000
2026-08-01 07:27:33: ◇ injected env (0) from .env // tip: ⌘ enable debugging { debug: true }
2026-08-01 07:27:33: 3. About to listen on 5000
2026-08-01 07:27:37: ◇ injected env (0) from .env // tip: ⌘ enable debugging { debug: true }
2026-08-01 07:27:37: 3. About to listen on 5000
2026-08-01 07:27:40: ◇ injected env (0) from .env // tip: ◈ secrets for agents [www.dotenvx.com]
2026-08-01 07:27:40: 3. About to listen on 5000
2026-08-01 07:27:43: ◇ injected env (0) from .env // tip: ⌘ custom filepath { path: '/custom/path/.env' }
2026-08-01 07:27:43: 3. About to listen on 5000
2026-08-01 07:27:46: ◇ injected env (0) from .env // tip: ⌘ enable debugging { debug: true }
2026-08-01 07:27:46: 3. About to listen on 5000
2026-08-01 07:27:50: ◇ injected env (0) from .env // tip: ◈ secrets for agents [www.dotenvx.com]
2026-08-01 07:27:50: 3. About to listen on 5000
2026-08-01 07:27:53: ◇ injected env (0) from .env // tip: ⌘ multiple files { path: ['.env.local', '.env'] }
2026-08-01 07:27:53: 3. About to listen on 5000
2026-08-01 07:27:56: ◇ injected env (0) from .env // tip: ⌘ custom filepath { path: '/custom/path/.env' }
2026-08-01 07:27:56: 3. About to listen on 5000
2026-08-01 07:28:00: ◇ injected env (0) from .env // tip: ⌘ enable debugging { debug: true }
2026-08-01 07:28:00: 3. About to listen on 5000
2026-08-01 07:28:03: ◇ injected env (0) from .env // tip: ◈ secrets for agents [www.dotenvx.com]
2026-08-01 07:28:03: 3. About to listen on 5000
2026-08-01 07:28:06: ◇ injected env (0) from .env // tip: ⌘ custom filepath { path: '/custom/path/.env' }
2026-08-01 07:28:06: 3. About to listen on 5000
2026-08-01 07:28:09: ◇ injected env (0) from .env // tip: ⌁ auth for agents [www.vestauth.com]
2026-08-01 07:28:09: 3. About to listen on 5000
2026-08-01 07:28:13: ◇ injected env (0) from .env // tip: ⌘ override existing { override: true }
2026-08-01 07:28:13: 3. About to listen on 5000
2026-08-01 07:28:16: ◇ injected env (0) from .env // tip: ⌁ auth for agents [www.vestauth.com]
2026-08-01 07:28:16: 3. About to listen on 5000
2026-08-01 07:28:19: ◇ injected env (0) from .env // tip: ◈ encrypted .env [www.dotenvx.com]
2026-08-01 07:28:19: 3. About to listen on 5000
2026-08-01 07:28:23: ◇ injected env (0) from .env // tip: ⌘ custom filepath { path: '/custom/path/.env' }
2026-08-01 07:28:23: 3. About to listen on 5000
2026-08-01 07:28:26: ◇ injected env (0) from .env // tip: ◈ secrets for agents [www.dotenvx.com]
2026-08-01 07:28:26: 3. About to listen on 5000
2026-08-01 07:28:29: ◇ injected env (0) from .env // tip: ⌘ multiple files { path: ['.env.local', '.env'] }
2026-08-01 07:28:29: 3. About to listen on 5000
2026-08-01 07:28:32: ◇ injected env (0) from .env // tip: ⌁ auth for agents [www.vestauth.com]
2026-08-01 07:28:32: 3. About to listen on 5000
2026-08-01 07:28:36: ◇ injected env (0) from .env // tip: ⌁ auth for agents [www.vestauth.com]
2026-08-01 07:28:36: 3. About to listen on 5000
2026-08-01 07:28:39: ◇ injected env (0) from .env // tip: ⌁ auth for agents [www.vestauth.com]
2026-08-01 07:28:39: 3. About to listen on 5000
2026-08-01 07:28:42: ◇ injected env (0) from .env // tip: ◈ secrets for agents [www.dotenvx.com]
2026-08-01 07:28:42: 3. About to listen on 5000
2026-08-01 07:28:45: ◇ injected env (0) from .env // tip: ⌘ custom filepath { path: '/custom/path/.env' }
2026-08-01 07:28:46: 3. About to listen on 5000
2026-08-01 07:28:49: ◇ injected env (0) from .env // tip: ◈ secrets for agents [www.dotenvx.com]
2026-08-01 07:28:49: 3. About to listen on 5000
2026-08-01 07:28:52: ◇ injected env (0) from .env // tip: ⌘ custom filepath { path: '/custom/path/.env' }
2026-08-01 07:28:52: 3. About to listen on 5000
2026-08-01 07:28:55: ◇ injected env (0) from .env // tip: ◈ secrets for agents [www.dotenvx.com]
2026-08-01 07:28:55: 3. About to listen on 5000
2026-08-01 07:28:59: ◇ injected env (0) from .env // tip: ⌁ auth for agents [www.vestauth.com]
2026-08-01 07:28:59: 3. About to listen on 5000
2026-08-01 07:29:02: ◇ injected env (0) from .env // tip: ⌘ multiple files { path: ['.env.local', '.env'] }
2026-08-01 07:29:02: 3. About to listen on 5000
2026-08-01 07:29:05: ◇ injected env (0) from .env // tip: ◈ secrets for agents [www.dotenvx.com]
2026-08-01 07:29:05: 3. About to listen on 5000
2026-08-01 07:29:08: ◇ injected env (0) from .env // tip: ⌁ auth for agents [www.vestauth.com]
2026-08-01 07:29:08: 3. About to listen on 5000
2026-08-01 07:29:12: ◇ injected env (0) from .env // tip: ⌘ multiple files { path: ['.env.local', '.env'] }
2026-08-01 07:29:12: 3. About to listen on 5000
2026-08-01 07:29:15: ◇ injected env (0) from .env // tip: ◈ encrypted .env [www.dotenvx.com]
2026-08-01 07:29:15: 3. About to listen on 5000
2026-08-01 07:29:18: ◇ injected env (0) from .env // tip: ◈ secrets for agents [www.dotenvx.com]
2026-08-01 07:29:18: 3. About to listen on 5000
2026-08-01 07:29:22: ◇ injected env (0) from .env // tip: ⌘ enable debugging { debug: true }
2026-08-01 07:29:22: 3. About to listen on 5000
2026-08-01 07:29:25: ◇ injected env (0) from .env // tip: ◈ encrypted .env [www.dotenvx.com]
2026-08-01 07:29:25: 3. About to listen on 5000
2026-08-01 07:29:28: ◇ injected env (0) from .env // tip: ⌁ auth for agents [www.vestauth.com]
2026-08-01 07:29:28: 3. About to listen on 5000
2026-08-01 07:29:31: ◇ injected env (0) from .env // tip: ◈ secrets for agents [www.dotenvx.com]
2026-08-01 07:29:31: 3. About to listen on 5000
2026-08-01 07:29:35: ◇ injected env (0) from .env // tip: ⌘ enable debugging { debug: true }
2026-08-01 07:29:35: 3. About to listen on 5000
2026-08-01 07:29:38: ◇ injected env (0) from .env // tip: ⌘ enable debugging { debug: true }
2026-08-01 07:29:38: 3. About to listen on 5000
2026-08-01 07:29:41: ◇ injected env (0) from .env // tip: ◈ secrets for agents [www.dotenvx.com]
2026-08-01 07:29:41: 3. About to listen on 5000
2026-08-01 07:29:45: ◇ injected env (0) from .env // tip: ◈ encrypted .env [www.dotenvx.com]
2026-08-01 07:29:45: 3. About to listen on 5000
2026-08-01 07:29:48: ◇ injected env (0) from .env // tip: ⌁ auth for agents [www.vestauth.com]
2026-08-01 07:29:48: 3. About to listen on 5000
2026-08-01 07:29:51: ◇ injected env (0) from .env // tip: ⌘ suppress logs { quiet: true }
2026-08-01 07:29:51: 3. About to listen on 5000
2026-08-01 07:29:54: ◇ injected env (0) from .env // tip: ⌘ multiple files { path: ['.env.local', '.env'] }
2026-08-01 07:29:54: 3. About to listen on 5000
2026-08-01 07:29:58: ◇ injected env (0) from .env // tip: ⌘ multiple files { path: ['.env.local', '.env'] }
2026-08-01 07:29:58: 3. About to listen on 5000
2026-08-01 07:30:01: ◇ injected env (0) from .env // tip: ◈ encrypted .env [www.dotenvx.com]
2026-08-01 07:30:01: 3. About to listen on 5000
2026-08-01 07:30:04: ◇ injected env (0) from .env // tip: ⌁ auth for agents [www.vestauth.com]
2026-08-01 07:30:04: 3. About to listen on 5000
2026-08-01 07:30:08: ◇ injected env (0) from .env // tip: ⌘ override existing { override: true }
2026-08-01 07:30:08: 3. About to listen on 5000
2026-08-01 07:30:11: ◇ injected env (0) from .env // tip: ⌁ auth for agents [www.vestauth.com]
2026-08-01 07:30:11: 3. About to listen on 5000
2026-08-01 07:30:14: ◇ injected env (0) from .env // tip: ◈ encrypted .env [www.dotenvx.com]
2026-08-01 07:30:14: 3. About to listen on 5000
2026-08-01 07:30:17: ◇ injected env (0) from .env // tip: ◈ encrypted .env [www.dotenvx.com]
2026-08-01 07:30:17: 3. About to listen on 5000
2026-08-01 07:30:21: ◇ injected env (0) from .env // tip: ⌘ multiple files { path: ['.env.local', '.env'] }
2026-08-01 07:30:21: 3. About to listen on 5000
2026-08-01 07:30:24: ◇ injected env (0) from .env // tip: ◈ encrypted .env [www.dotenvx.com]
2026-08-01 07:30:24: 3. About to listen on 5000
2026-08-01 07:30:27: ◇ injected env (0) from .env // tip: ⌁ auth for agents [www.vestauth.com]
2026-08-01 07:30:27: 3. About to listen on 5000
2026-08-01 07:30:30: ◇ injected env (0) from .env // tip: ⌘ suppress logs { quiet: true }
2026-08-01 07:30:30: 3. About to listen on 5000
2026-08-01 07:30:34: ◇ injected env (0) from .env // tip: ⌘ enable debugging { debug: true }
2026-08-01 07:30:34: 3. About to listen on 5000
2026-08-01 07:30:37: ◇ injected env (0) from .env // tip: ⌘ override existing { override: true }
2026-08-01 07:30:37: 3. About to listen on 5000
2026-08-01 07:30:40: ◇ injected env (0) from .env // tip: ⌁ auth for agents [www.vestauth.com]
2026-08-01 07:30:40: 3. About to listen on 5000
2026-08-01 07:30:44: ◇ injected env (0) from .env // tip: ⌘ override existing { override: true }
2026-08-01 07:30:44: 3. About to listen on 5000
2026-08-01 07:30:47: ◇ injected env (0) from .env // tip: ⌁ auth for agents [www.vestauth.com]
2026-08-01 07:30:47: 3. About to listen on 5000
2026-08-01 07:30:50: ◇ injected env (0) from .env // tip: ◈ secrets for agents [www.dotenvx.com]
2026-08-01 07:30:50: 3. About to listen on 5000
2026-08-01 07:30:53: ◇ injected env (0) from .env // tip: ⌘ custom filepath { path: '/custom/path/.env' }
2026-08-01 07:30:53: 3. About to listen on 5000
2026-08-01 07:30:57: ◇ injected env (0) from .env // tip: ⌘ multiple files { path: ['.env.local', '.env'] }
2026-08-01 07:30:57: 3. About to listen on 5000
2026-08-01 07:31:00: ◇ injected env (0) from .env // tip: ⌘ suppress logs { quiet: true }
2026-08-01 07:31:00: 3. About to listen on 5000
2026-08-01 07:31:03: ◇ injected env (0) from .env // tip: ◈ encrypted .env [www.dotenvx.com]
2026-08-01 07:31:03: 3. About to listen on 5000
2026-08-01 07:31:07: ◇ injected env (0) from .env // tip: ⌘ suppress logs { quiet: true }
2026-08-01 07:31:07: 3. About to listen on 5000
2026-08-01 07:31:10: ◇ injected env (0) from .env // tip: ⌘ multiple files { path: ['.env.local', '.env'] }
2026-08-01 07:31:10: 3. About to listen on 5000
2026-08-01 07:31:13: ◇ injected env (0) from .env // tip: ⌁ auth for agents [www.vestauth.com]
2026-08-01 07:31:13: 3. About to listen on 5000
2026-08-01 07:31:16: ◇ injected env (0) from .env // tip: ⌁ auth for agents [www.vestauth.com]
2026-08-01 07:31:16: 3. About to listen on 5000
2026-08-01 07:31:20: ◇ injected env (0) from .env // tip: ⌁ auth for agents [www.vestauth.com]
2026-08-01 07:31:20: 3. About to listen on 5000
2026-08-01 07:31:23: ◇ injected env (0) from .env // tip: ◈ encrypted .env [www.dotenvx.com]
2026-08-01 07:31:23: 3. About to listen on 5000
2026-08-01 07:31:26: ◇ injected env (0) from .env // tip: ⌘ enable debugging { debug: true }
2026-08-01 07:31:26: 3. About to listen on 5000
2026-08-01 07:31:30: ◇ injected env (0) from .env // tip: ⌁ auth for agents [www.vestauth.com]
2026-08-01 07:31:30: 3. About to listen on 5000
2026-08-01 07:31:33: ◇ injected env (0) from .env // tip: ◈ encrypted .env [www.dotenvx.com]
2026-08-01 07:31:33: 3. About to listen on 5000
2026-08-01 07:31:36: ◇ injected env (0) from .env // tip: ◈ encrypted .env [www.dotenvx.com]
2026-08-01 07:31:36: 3. About to listen on 5000
2026-08-01 07:31:39: ◇ injected env (0) from .env // tip: ◈ encrypted .env [www.dotenvx.com]
2026-08-01 07:31:39: 3. About to listen on 5000
2026-08-01 07:31:43: ◇ injected env (0) from .env // tip: ◈ secrets for agents [www.dotenvx.com]
2026-08-01 07:31:43: 3. About to listen on 5000
2026-08-01 07:31:46: ◇ injected env (0) from .env // tip: ⌘ multiple files { path: ['.env.local', '.env'] }
2026-08-01 07:31:46: 3. About to listen on 5000
2026-08-01 07:31:49: ◇ injected env (0) from .env // tip: ◈ secrets for agents [www.dotenvx.com]
2026-08-01 07:31:49: 3. About to listen on 5000
2026-08-01 07:31:53: ◇ injected env (0) from .env // tip: ⌁ auth for agents [www.vestauth.com]
2026-08-01 07:31:53: 3. About to listen on 5000
2026-08-01 07:31:56: ◇ injected env (0) from .env // tip: ⌘ custom filepath { path: '/custom/path/.env' }
2026-08-01 07:31:56: 3. About to listen on 5000
2026-08-01 07:31:59: ◇ injected env (0) from .env // tip: ⌘ enable debugging { debug: true }
2026-08-01 07:31:59: 3. About to listen on 5000
2026-08-01 07:32:02: ◇ injected env (0) from .env // tip: ◈ secrets for agents [www.dotenvx.com]
2026-08-01 07:32:02: 3. About to listen on 5000
2026-08-01 07:32:06: ◇ injected env (0) from .env // tip: ⌘ override existing { override: true }
2026-08-01 07:32:06: 3. About to listen on 5000
2026-08-01 07:32:09: ◇ injected env (0) from .env // tip: ◈ secrets for agents [www.dotenvx.com]
2026-08-01 07:32:09: 3. About to listen on 5000
2026-08-01 07:32:12: ◇ injected env (0) from .env // tip: ⌘ multiple files { path: ['.env.local', '.env'] }
2026-08-01 07:32:12: 3. About to listen on 5000
2026-08-01 07:32:16: ◇ injected env (0) from .env // tip: ⌁ auth for agents [www.vestauth.com]
2026-08-01 07:32:16: 3. About to listen on 5000
2026-08-01 07:32:19: ◇ injected env (0) from .env // tip: ⌁ auth for agents [www.vestauth.com]
2026-08-01 07:32:19: 3. About to listen on 5000
2026-08-01 07:32:22: ◇ injected env (0) from .env // tip: ⌘ custom filepath { path: '/custom/path/.env' }
2026-08-01 07:32:22: 3. About to listen on 5000
2026-08-01 07:32:25: ◇ injected env (0) from .env // tip: ⌘ enable debugging { debug: true }
2026-08-01 07:32:25: 3. About to listen on 5000
2026-08-01 07:32:29: ◇ injected env (0) from .env // tip: ⌘ multiple files { path: ['.env.local', '.env'] }
2026-08-01 07:32:29: 3. About to listen on 5000
2026-08-01 07:32:32: ◇ injected env (0) from .env // tip: ⌁ auth for agents [www.vestauth.com]
2026-08-01 07:32:32: 3. About to listen on 5000
2026-08-01 07:32:35: ◇ injected env (0) from .env // tip: ⌘ multiple files { path: ['.env.local', '.env'] }
2026-08-01 07:32:35: 3. About to listen on 5000
2026-08-01 07:32:39: ◇ injected env (0) from .env // tip: ⌘ enable debugging { debug: true }
2026-08-01 07:32:39: 3. About to listen on 5000
2026-08-01 07:32:42: ◇ injected env (0) from .env // tip: ⌁ auth for agents [www.vestauth.com]
2026-08-01 07:32:42: 3. About to listen on 5000
2026-08-01 07:32:45: ◇ injected env (0) from .env // tip: ◈ secrets for agents [www.dotenvx.com]
2026-08-01 07:32:45: 3. About to listen on 5000
2026-08-01 07:32:48: ◇ injected env (0) from .env // tip: ⌁ auth for agents [www.vestauth.com]
2026-08-01 07:32:48: 3. About to listen on 5000
2026-08-01 07:32:52: ◇ injected env (0) from .env // tip: ◈ encrypted .env [www.dotenvx.com]
2026-08-01 07:32:52: 3. About to listen on 5000
2026-08-01 07:32:55: ◇ injected env (0) from .env // tip: ⌘ custom filepath { path: '/custom/path/.env' }
2026-08-01 07:32:55: 3. About to listen on 5000
2026-08-01 07:32:58: ◇ injected env (0) from .env // tip: ⌘ custom filepath { path: '/custom/path/.env' }
2026-08-01 07:32:58: 3. About to listen on 5000
2026-08-01 07:33:02: ◇ injected env (0) from .env // tip: ⌘ suppress logs { quiet: true }
2026-08-01 07:33:02: 3. About to listen on 5000
2026-08-01 07:33:05: ◇ injected env (0) from .env // tip: ⌘ suppress logs { quiet: true }
2026-08-01 07:33:05: 3. About to listen on 5000
2026-08-01 07:33:08: ◇ injected env (0) from .env // tip: ◈ secrets for agents [www.dotenvx.com]
2026-08-01 07:33:08: 3. About to listen on 5000
2026-08-01 07:33:11: ◇ injected env (0) from .env // tip: ⌘ enable debugging { debug: true }
2026-08-01 07:33:11: 3. About to listen on 5000
2026-08-01 07:33:15: ◇ injected env (0) from .env // tip: ◈ encrypted .env [www.dotenvx.com]
2026-08-01 07:33:15: 3. About to listen on 5000
2026-08-01 07:33:18: ◇ injected env (0) from .env // tip: ◈ encrypted .env [www.dotenvx.com]
2026-08-01 07:33:18: 3. About to listen on 5000
2026-08-01 07:33:21: ◇ injected env (0) from .env // tip: ⌁ auth for agents [www.vestauth.com]
2026-08-01 07:33:21: 3. About to listen on 5000
2026-08-01 07:33:25: ◇ injected env (0) from .env // tip: ⌘ custom filepath { path: '/custom/path/.env' }
2026-08-01 07:33:25: 3. About to listen on 5000
2026-08-01 07:33:28: ◇ injected env (0) from .env // tip: ⌘ multiple files { path: ['.env.local', '.env'] }
2026-08-01 07:33:28: 3. About to listen on 5000
2026-08-01 07:33:31: ◇ injected env (0) from .env // tip: ⌘ enable debugging { debug: true }
2026-08-01 07:33:31: 3. About to listen on 5000
2026-08-01 07:33:34: ◇ injected env (0) from .env // tip: ◈ encrypted .env [www.dotenvx.com]
2026-08-01 07:33:34: 3. About to listen on 5000
2026-08-01 07:33:38: ◇ injected env (0) from .env // tip: ◈ secrets for agents [www.dotenvx.com]
2026-08-01 07:33:38: 3. About to listen on 5000
2026-08-01 07:33:41: ◇ injected env (0) from .env // tip: ◈ secrets for agents [www.dotenvx.com]
2026-08-01 07:33:41: 3. About to listen on 5000
2026-08-01 07:33:44: ◇ injected env (0) from .env // tip: ◈ secrets for agents [www.dotenvx.com]
2026-08-01 07:33:44: 3. About to listen on 5000
2026-08-01 07:33:48: ◇ injected env (0) from .env // tip: ⌘ suppress logs { quiet: true }
2026-08-01 07:33:48: 3. About to listen on 5000
2026-08-01 07:33:51: ◇ injected env (0) from .env // tip: ⌘ suppress logs { quiet: true }
2026-08-01 07:33:51: 3. About to listen on 5000
2026-08-01 07:33:54: ◇ injected env (0) from .env // tip: ⌘ multiple files { path: ['.env.local', '.env'] }
2026-08-01 07:33:54: 3. About to listen on 5000
2026-08-01 07:33:57: ◇ injected env (0) from .env // tip: ⌘ override existing { override: true }
2026-08-01 07:33:57: 3. About to listen on 5000
2026-08-01 07:34:01: ◇ injected env (0) from .env // tip: ⌘ custom filepath { path: '/custom/path/.env' }
2026-08-01 07:34:01: 3. About to listen on 5000
2026-08-01 07:34:04: ◇ injected env (0) from .env // tip: ◈ secrets for agents [www.dotenvx.com]
2026-08-01 07:34:04: 3. About to listen on 5000
2026-08-01 07:34:07: ◇ injected env (0) from .env // tip: ◈ secrets for agents [www.dotenvx.com]
2026-08-01 07:34:07: 3. About to listen on 5000
2026-08-01 07:34:11: ◇ injected env (0) from .env // tip: ⌘ suppress logs { quiet: true }
2026-08-01 07:34:11: 3. About to listen on 5000
2026-08-01 07:34:14: ◇ injected env (0) from .env // tip: ⌁ auth for agents [www.vestauth.com]
2026-08-01 07:34:14: 3. About to listen on 5000
2026-08-01 07:34:17: ◇ injected env (0) from .env // tip: ⌘ custom filepath { path: '/custom/path/.env' }
2026-08-01 07:34:17: 3. About to listen on 5000
2026-08-01 07:34:20: ◇ injected env (0) from .env // tip: ⌘ override existing { override: true }
2026-08-01 07:34:20: 3. About to listen on 5000
2026-08-01 07:34:24: ◇ injected env (0) from .env // tip: ⌘ suppress logs { quiet: true }
2026-08-01 07:34:24: 3. About to listen on 5000
2026-08-01 07:34:27: ◇ injected env (0) from .env // tip: ⌁ auth for agents [www.vestauth.com]
2026-08-01 07:34:27: 3. About to listen on 5000
2026-08-01 07:34:30: ◇ injected env (0) from .env // tip: ◈ secrets for agents [www.dotenvx.com]
2026-08-01 07:34:30: 3. About to listen on 5000
2026-08-01 07:34:34: ◇ injected env (0) from .env // tip: ⌘ override existing { override: true }
2026-08-01 07:34:34: 3. About to listen on 5000
2026-08-01 07:34:37: ◇ injected env (0) from .env // tip: ⌘ custom filepath { path: '/custom/path/.env' }
2026-08-01 07:34:37: 3. About to listen on 5000
2026-08-01 07:34:40: ◇ injected env (0) from .env // tip: ⌁ auth for agents [www.vestauth.com]
2026-08-01 07:34:40: 3. About to listen on 5000
2026-08-01 07:34:43: ◇ injected env (0) from .env // tip: ◈ secrets for agents [www.dotenvx.com]
2026-08-01 07:34:43: 3. About to listen on 5000
2026-08-01 07:34:47: ◇ injected env (0) from .env // tip: ⌘ custom filepath { path: '/custom/path/.env' }
2026-08-01 07:34:47: 3. About to listen on 5000
2026-08-01 07:34:50: ◇ injected env (0) from .env // tip: ⌁ auth for agents [www.vestauth.com]
2026-08-01 07:34:50: 3. About to listen on 5000
2026-08-01 07:34:53: ◇ injected env (0) from .env // tip: ⌘ enable debugging { debug: true }
2026-08-01 07:34:53: 3. About to listen on 5000
2026-08-01 07:34:56: ◇ injected env (0) from .env // tip: ◈ encrypted .env [www.dotenvx.com]
2026-08-01 07:34:56: 3. About to listen on 5000
2026-08-01 07:35:00: ◇ injected env (0) from .env // tip: ⌘ suppress logs { quiet: true }
2026-08-01 07:35:00: 3. About to listen on 5000
2026-08-01 07:35:03: ◇ injected env (0) from .env // tip: ⌘ custom filepath { path: '/custom/path/.env' }
2026-08-01 07:35:03: 3. About to listen on 5000
2026-08-01 07:35:06: ◇ injected env (0) from .env // tip: ⌘ custom filepath { path: '/custom/path/.env' }
2026-08-01 07:35:06: 3. About to listen on 5000
2026-08-01 07:35:10: ◇ injected env (0) from .env // tip: ⌘ suppress logs { quiet: true }
2026-08-01 07:35:10: 3. About to listen on 5000
2026-08-01 07:35:13: ◇ injected env (0) from .env // tip: ⌘ multiple files { path: ['.env.local', '.env'] }
2026-08-01 07:35:13: 3. About to listen on 5000
2026-08-01 07:35:16: ◇ injected env (0) from .env // tip: ◈ secrets for agents [www.dotenvx.com]
2026-08-01 07:35:16: 3. About to listen on 5000
2026-08-01 07:35:19: ◇ injected env (0) from .env // tip: ⌘ suppress logs { quiet: true }
2026-08-01 07:35:19: 3. About to listen on 5000
2026-08-01 07:35:23: ◇ injected env (0) from .env // tip: ⌁ auth for agents [www.vestauth.com]
2026-08-01 07:35:23: 3. About to listen on 5000
2026-08-01 07:35:26: ◇ injected env (0) from .env // tip: ⌘ multiple files { path: ['.env.local', '.env'] }
2026-08-01 07:35:26: 3. About to listen on 5000
2026-08-01 07:35:29: ◇ injected env (0) from .env // tip: ⌘ override existing { override: true }
2026-08-01 07:35:29: 3. About to listen on 5000
2026-08-01 07:35:33: ◇ injected env (0) from .env // tip: ⌁ auth for agents [www.vestauth.com]
2026-08-01 07:35:33: 3. About to listen on 5000
2026-08-01 07:35:36: ◇ injected env (0) from .env // tip: ⌘ custom filepath { path: '/custom/path/.env' }
2026-08-01 07:35:36: 3. About to listen on 5000
2026-08-01 07:35:39: ◇ injected env (0) from .env // tip: ⌘ multiple files { path: ['.env.local', '.env'] }
2026-08-01 07:35:39: 3. About to listen on 5000
2026-08-01 07:35:42: ◇ injected env (0) from .env // tip: ⌘ custom filepath { path: '/custom/path/.env' }
2026-08-01 07:35:42: 3. About to listen on 5000
2026-08-01 07:35:46: ◇ injected env (0) from .env // tip: ⌘ multiple files { path: ['.env.local', '.env'] }
2026-08-01 07:35:46: 3. About to listen on 5000
2026-08-01 07:35:49: ◇ injected env (0) from .env // tip: ◈ encrypted .env [www.dotenvx.com]
2026-08-01 07:35:49: 3. About to listen on 5000
2026-08-01 07:35:52: ◇ injected env (0) from .env // tip: ◈ encrypted .env [www.dotenvx.com]
2026-08-01 07:35:52: 3. About to listen on 5000
2026-08-01 07:35:56: ◇ injected env (0) from .env // tip: ⌁ auth for agents [www.vestauth.com]
2026-08-01 07:35:56: 3. About to listen on 5000
2026-08-01 07:35:59: ◇ injected env (0) from .env // tip: ⌁ auth for agents [www.vestauth.com]
2026-08-01 07:35:59: 3. About to listen on 5000
2026-08-01 07:36:02: ◇ injected env (0) from .env // tip: ⌘ custom filepath { path: '/custom/path/.env' }
2026-08-01 07:36:02: 3. About to listen on 5000
2026-08-01 07:36:05: ◇ injected env (0) from .env // tip: ◈ secrets for agents [www.dotenvx.com]
2026-08-01 07:36:05: 3. About to listen on 5000
2026-08-01 07:36:09: ◇ injected env (0) from .env // tip: ⌘ override existing { override: true }
2026-08-01 07:36:09: 3. About to listen on 5000
2026-08-01 07:36:12: ◇ injected env (0) from .env // tip: ⌘ suppress logs { quiet: true }
2026-08-01 07:36:12: 3. About to listen on 5000
2026-08-01 07:36:15: ◇ injected env (0) from .env // tip: ⌁ auth for agents [www.vestauth.com]
2026-08-01 07:36:15: 3. About to listen on 5000
2026-08-01 07:36:19: ◇ injected env (0) from .env // tip: ⌁ auth for agents [www.vestauth.com]
2026-08-01 07:36:19: 3. About to listen on 5000
2026-08-01 07:36:22: ◇ injected env (0) from .env // tip: ⌘ custom filepath { path: '/custom/path/.env' }
2026-08-01 07:36:22: 3. About to listen on 5000
2026-08-01 07:36:25: ◇ injected env (0) from .env // tip: ⌘ suppress logs { quiet: true }
2026-08-01 07:36:25: 3. About to listen on 5000
2026-08-01 07:36:28: ◇ injected env (0) from .env // tip: ⌘ custom filepath { path: '/custom/path/.env' }
2026-08-01 07:36:28: 3. About to listen on 5000
2026-08-01 07:36:32: ◇ injected env (0) from .env // tip: ◈ secrets for agents [www.dotenvx.com]
2026-08-01 07:36:32: 3. About to listen on 5000
2026-08-01 07:36:35: ◇ injected env (0) from .env // tip: ⌘ multiple files { path: ['.env.local', '.env'] }
2026-08-01 07:36:35: 3. About to listen on 5000
2026-08-01 07:36:38: ◇ injected env (0) from .env // tip: ⌘ multiple files { path: ['.env.local', '.env'] }
2026-08-01 07:36:38: 3. About to listen on 5000
2026-08-01 07:36:42: ◇ injected env (0) from .env // tip: ⌁ auth for agents [www.vestauth.com]
2026-08-01 07:36:42: 3. About to listen on 5000
2026-08-01 07:36:45: ◇ injected env (0) from .env // tip: ⌘ suppress logs { quiet: true }
2026-08-01 07:36:45: 3. About to listen on 5000
2026-08-01 07:36:48: ◇ injected env (0) from .env // tip: ◈ secrets for agents [www.dotenvx.com]
2026-08-01 07:36:48: 3. About to listen on 5000
2026-08-01 07:36:51: ◇ injected env (0) from .env // tip: ⌘ multiple files { path: ['.env.local', '.env'] }
2026-08-01 07:36:51: 3. About to listen on 5000
2026-08-01 07:36:55: ◇ injected env (0) from .env // tip: ⌘ custom filepath { path: '/custom/path/.env' }
2026-08-01 07:36:55: 3. About to listen on 5000
2026-08-01 07:36:58: ◇ injected env (0) from .env // tip: ⌁ auth for agents [www.vestauth.com]
2026-08-01 07:36:58: 3. About to listen on 5000
2026-08-01 07:37:01: ◇ injected env (0) from .env // tip: ⌘ override existing { override: true }
2026-08-01 07:37:01: 3. About to listen on 5000
2026-08-01 07:37:05: ◇ injected env (0) from .env // tip: ◈ secrets for agents [www.dotenvx.com]
2026-08-01 07:37:05: 3. About to listen on 5000
2026-08-01 07:37:08: ◇ injected env (0) from .env // tip: ⌘ suppress logs { quiet: true }
2026-08-01 07:37:08: 3. About to listen on 5000
2026-08-01 07:37:11: ◇ injected env (0) from .env // tip: ⌁ auth for agents [www.vestauth.com]
2026-08-01 07:37:11: 3. About to listen on 5000
2026-08-01 07:37:14: ◇ injected env (0) from .env // tip: ⌘ multiple files { path: ['.env.local', '.env'] }
2026-08-01 07:37:14: 3. About to listen on 5000
2026-08-01 07:37:18: ◇ injected env (0) from .env // tip: ⌘ multiple files { path: ['.env.local', '.env'] }
2026-08-01 07:37:18: 3. About to listen on 5000
2026-08-01 07:37:21: ◇ injected env (0) from .env // tip: ⌘ enable debugging { debug: true }
2026-08-01 07:37:21: 3. About to listen on 5000
2026-08-01 07:37:24: ◇ injected env (0) from .env // tip: ⌁ auth for agents [www.vestauth.com]
2026-08-01 07:37:24: 3. About to listen on 5000
2026-08-01 07:37:28: ◇ injected env (0) from .env // tip: ⌘ multiple files { path: ['.env.local', '.env'] }
2026-08-01 07:37:28: 3. About to listen on 5000
2026-08-01 07:37:31: ◇ injected env (0) from .env // tip: ⌘ override existing { override: true }
2026-08-01 07:37:31: 3. About to listen on 5000
2026-08-01 07:37:34: ◇ injected env (0) from .env // tip: ⌁ auth for agents [www.vestauth.com]
2026-08-01 07:37:34: 3. About to listen on 5000
2026-08-01 07:37:37: ◇ injected env (0) from .env // tip: ⌘ multiple files { path: ['.env.local', '.env'] }
2026-08-01 07:37:37: 3. About to listen on 5000
2026-08-01 07:37:41: ◇ injected env (0) from .env // tip: ⌘ multiple files { path: ['.env.local', '.env'] }
2026-08-01 07:37:41: 3. About to listen on 5000
2026-08-01 07:37:44: ◇ injected env (0) from .env // tip: ⌘ override existing { override: true }
2026-08-01 07:37:44: 3. About to listen on 5000
2026-08-01 07:37:47: ◇ injected env (0) from .env // tip: ⌘ suppress logs { quiet: true }
2026-08-01 07:37:47: 3. About to listen on 5000
2026-08-01 07:37:50: ◇ injected env (0) from .env // tip: ⌁ auth for agents [www.vestauth.com]
2026-08-01 07:37:51: 3. About to listen on 5000
2026-08-01 07:37:54: ◇ injected env (0) from .env // tip: ⌁ auth for agents [www.vestauth.com]
2026-08-01 07:37:54: 3. About to listen on 5000
2026-08-01 07:37:57: ◇ injected env (0) from .env // tip: ⌘ custom filepath { path: '/custom/path/.env' }
2026-08-01 07:37:57: 3. About to listen on 5000
2026-08-01 07:38:00: ◇ injected env (0) from .env // tip: ⌘ override existing { override: true }
2026-08-01 07:38:00: 3. About to listen on 5000
2026-08-01 07:38:04: ◇ injected env (0) from .env // tip: ⌘ custom filepath { path: '/custom/path/.env' }
2026-08-01 07:38:04: 3. About to listen on 5000
2026-08-01 07:38:07: ◇ injected env (0) from .env // tip: ⌘ multiple files { path: ['.env.local', '.env'] }
2026-08-01 07:38:07: 3. About to listen on 5000
2026-08-01 07:38:10: ◇ injected env (0) from .env // tip: ◈ encrypted .env [www.dotenvx.com]
2026-08-01 07:38:10: 3. About to listen on 5000
2026-08-01 07:38:13: ◇ injected env (0) from .env // tip: ⌁ auth for agents [www.vestauth.com]
2026-08-01 07:38:13: 3. About to listen on 5000
2026-08-01 07:38:17: ◇ injected env (0) from .env // tip: ⌁ auth for agents [www.vestauth.com]
2026-08-01 07:38:17: 3. About to listen on 5000
2026-08-01 07:38:20: ◇ injected env (0) from .env // tip: ⌘ multiple files { path: ['.env.local', '.env'] }
2026-08-01 07:38:20: 3. About to listen on 5000
2026-08-01 07:38:23: ◇ injected env (0) from .env // tip: ⌘ enable debugging { debug: true }
2026-08-01 07:38:23: 3. About to listen on 5000
2026-08-01 07:38:27: ◇ injected env (0) from .env // tip: ⌘ override existing { override: true }
2026-08-01 07:38:27: 3. About to listen on 5000
2026-08-01 07:38:30: ◇ injected env (0) from .env // tip: ⌘ suppress logs { quiet: true }
2026-08-01 07:38:30: 3. About to listen on 5000
2026-08-01 07:38:33: ◇ injected env (0) from .env // tip: ◈ encrypted .env [www.dotenvx.com]
2026-08-01 07:38:33: 3. About to listen on 5000
2026-08-01 07:38:36: ◇ injected env (0) from .env // tip: ◈ secrets for agents [www.dotenvx.com]
2026-08-01 07:38:36: 3. About to listen on 5000
2026-08-01 07:38:40: ◇ injected env (0) from .env // tip: ⌘ enable debugging { debug: true }
2026-08-01 07:38:40: 3. About to listen on 5000
2026-08-01 07:38:43: ◇ injected env (0) from .env // tip: ⌘ suppress logs { quiet: true }
2026-08-01 07:38:43: 3. About to listen on 5000
2026-08-01 07:38:46: ◇ injected env (0) from .env // tip: ⌁ auth for agents [www.vestauth.com]
2026-08-01 07:38:46: 3. About to listen on 5000
2026-08-01 07:38:50: ◇ injected env (0) from .env // tip: ◈ encrypted .env [www.dotenvx.com]
2026-08-01 07:38:50: 3. About to listen on 5000
2026-08-01 07:38:53: ◇ injected env (0) from .env // tip: ⌘ suppress logs { quiet: true }
2026-08-01 07:38:53: 3. About to listen on 5000
2026-08-01 07:38:56: ◇ injected env (0) from .env // tip: ⌘ multiple files { path: ['.env.local', '.env'] }
2026-08-01 07:38:56: 3. About to listen on 5000
2026-08-01 07:38:59: ◇ injected env (0) from .env // tip: ⌘ custom filepath { path: '/custom/path/.env' }
2026-08-01 07:38:59: 3. About to listen on 5000
2026-08-01 07:39:03: ◇ injected env (0) from .env // tip: ⌘ enable debugging { debug: true }
2026-08-01 07:39:03: 3. About to listen on 5000
2026-08-01 07:39:06: ◇ injected env (0) from .env // tip: ◈ secrets for agents [www.dotenvx.com]
2026-08-01 07:39:06: 3. About to listen on 5000
2026-08-01 07:39:09: ◇ injected env (0) from .env // tip: ◈ encrypted .env [www.dotenvx.com]
2026-08-01 07:39:09: 3. About to listen on 5000
2026-08-01 07:39:13: ◇ injected env (0) from .env // tip: ⌁ auth for agents [www.vestauth.com]
2026-08-01 07:39:13: 3. About to listen on 5000
2026-08-01 07:39:16: ◇ injected env (0) from .env // tip: ⌘ enable debugging { debug: true }
2026-08-01 07:39:16: 3. About to listen on 5000
2026-08-01 07:39:19: ◇ injected env (0) from .env // tip: ⌁ auth for agents [www.vestauth.com]
2026-08-01 07:39:19: 3. About to listen on 5000
2026-08-01 07:39:22: ◇ injected env (0) from .env // tip: ⌘ suppress logs { quiet: true }
2026-08-01 07:39:22: 3. About to listen on 5000
2026-08-01 07:39:26: ◇ injected env (0) from .env // tip: ◈ secrets for agents [www.dotenvx.com]
2026-08-01 07:39:26: 3. About to listen on 5000
2026-08-01 07:39:29: ◇ injected env (0) from .env // tip: ⌘ custom filepath { path: '/custom/path/.env' }
2026-08-01 07:39:29: 3. About to listen on 5000
2026-08-01 07:39:32: ◇ injected env (0) from .env // tip: ⌁ auth for agents [www.vestauth.com]
2026-08-01 07:39:32: 3. About to listen on 5000
2026-08-01 07:39:36: ◇ injected env (0) from .env // tip: ⌘ override existing { override: true }
2026-08-01 07:39:36: 3. About to listen on 5000
2026-08-01 07:39:39: ◇ injected env (0) from .env // tip: ⌘ enable debugging { debug: true }
2026-08-01 07:39:39: 3. About to listen on 5000
2026-08-01 07:39:42: ◇ injected env (0) from .env // tip: ⌘ enable debugging { debug: true }
2026-08-01 07:39:42: 3. About to listen on 5000
2026-08-01 07:39:45: ◇ injected env (0) from .env // tip: ⌘ multiple files { path: ['.env.local', '.env'] }
2026-08-01 07:39:45: 3. About to listen on 5000
2026-08-01 07:39:49: ◇ injected env (0) from .env // tip: ◈ encrypted .env [www.dotenvx.com]
2026-08-01 07:39:49: 3. About to listen on 5000
2026-08-01 07:39:52: ◇ injected env (0) from .env // tip: ⌘ enable debugging { debug: true }
2026-08-01 07:39:52: 3. About to listen on 5000
2026-08-01 07:39:55: ◇ injected env (0) from .env // tip: ⌘ override existing { override: true }
2026-08-01 07:39:55: 3. About to listen on 5000
2026-08-01 07:39:58: ◇ injected env (0) from .env // tip: ◈ secrets for agents [www.dotenvx.com]
2026-08-01 07:39:59: 3. About to listen on 5000
2026-08-01 07:40:02: ◇ injected env (0) from .env // tip: ⌘ override existing { override: true }
2026-08-01 07:40:02: 3. About to listen on 5000
2026-08-01 07:40:05: ◇ injected env (0) from .env // tip: ⌘ custom filepath { path: '/custom/path/.env' }
2026-08-01 07:40:05: 3. About to listen on 5000
2026-08-01 07:40:08: ◇ injected env (0) from .env // tip: ⌘ multiple files { path: ['.env.local', '.env'] }
2026-08-01 07:40:08: 3. About to listen on 5000
2026-08-01 07:40:12: ◇ injected env (0) from .env // tip: ⌘ enable debugging { debug: true }
2026-08-01 07:40:12: 3. About to listen on 5000
2026-08-01 07:40:15: ◇ injected env (0) from .env // tip: ⌘ multiple files { path: ['.env.local', '.env'] }
2026-08-01 07:40:15: 3. About to listen on 5000
2026-08-01 07:40:18: ◇ injected env (0) from .env // tip: ⌘ suppress logs { quiet: true }
2026-08-01 07:40:18: 3. About to listen on 5000
2026-08-01 07:40:22: ◇ injected env (0) from .env // tip: ◈ secrets for agents [www.dotenvx.com]
2026-08-01 07:40:22: 3. About to listen on 5000
2026-08-01 07:40:25: ◇ injected env (0) from .env // tip: ⌘ suppress logs { quiet: true }
2026-08-01 07:40:25: 3. About to listen on 5000
2026-08-01 07:40:28: ◇ injected env (0) from .env // tip: ⌘ multiple files { path: ['.env.local', '.env'] }
2026-08-01 07:40:28: 3. About to listen on 5000
2026-08-01 07:40:31: ◇ injected env (0) from .env // tip: ⌘ enable debugging { debug: true }
2026-08-01 07:40:31: 3. About to listen on 5000
2026-08-01 07:40:35: ◇ injected env (0) from .env // tip: ⌘ suppress logs { quiet: true }
2026-08-01 07:40:35: 3. About to listen on 5000
2026-08-01 07:40:38: ◇ injected env (0) from .env // tip: ◈ encrypted .env [www.dotenvx.com]
2026-08-01 07:40:38: 3. About to listen on 5000
2026-08-01 07:40:41: ◇ injected env (0) from .env // tip: ◈ secrets for agents [www.dotenvx.com]
2026-08-01 07:40:41: 3. About to listen on 5000
2026-08-01 07:40:45: ◇ injected env (0) from .env // tip: ⌘ multiple files { path: ['.env.local', '.env'] }
2026-08-01 07:40:45: 3. About to listen on 5000
2026-08-01 07:40:48: ◇ injected env (0) from .env // tip: ⌘ override existing { override: true }
2026-08-01 07:40:48: 3. About to listen on 5000
2026-08-01 07:40:51: ◇ injected env (0) from .env // tip: ⌘ multiple files { path: ['.env.local', '.env'] }
2026-08-01 07:40:51: 3. About to listen on 5000
2026-08-01 07:40:54: ◇ injected env (0) from .env // tip: ⌘ multiple files { path: ['.env.local', '.env'] }
2026-08-01 07:40:54: 3. About to listen on 5000
2026-08-01 07:40:58: ◇ injected env (0) from .env // tip: ⌘ enable debugging { debug: true }
2026-08-01 07:40:58: 3. About to listen on 5000
2026-08-01 07:41:01: ◇ injected env (0) from .env // tip: ⌘ custom filepath { path: '/custom/path/.env' }
2026-08-01 07:41:01: 3. About to listen on 5000
2026-08-01 07:41:04: ◇ injected env (0) from .env // tip: ⌘ override existing { override: true }
2026-08-01 07:41:04: 3. About to listen on 5000
2026-08-01 07:41:07: ◇ injected env (0) from .env // tip: ⌘ enable debugging { debug: true }
2026-08-01 07:41:08: 3. About to listen on 5000
2026-08-01 07:41:11: ◇ injected env (0) from .env // tip: ⌘ multiple files { path: ['.env.local', '.env'] }
2026-08-01 07:41:11: 3. About to listen on 5000
2026-08-01 07:41:14: ◇ injected env (0) from .env // tip: ⌘ enable debugging { debug: true }
2026-08-01 07:41:14: 3. About to listen on 5000
2026-08-01 07:41:17: ◇ injected env (0) from .env // tip: ◈ secrets for agents [www.dotenvx.com]
2026-08-01 07:41:17: 3. About to listen on 5000
2026-08-01 07:41:21: ◇ injected env (0) from .env // tip: ⌁ auth for agents [www.vestauth.com]
2026-08-01 07:41:21: 3. About to listen on 5000
2026-08-01 07:41:24: ◇ injected env (0) from .env // tip: ◈ secrets for agents [www.dotenvx.com]
2026-08-01 07:41:24: 3. About to listen on 5000
2026-08-01 07:41:27: ◇ injected env (0) from .env // tip: ◈ encrypted .env [www.dotenvx.com]
2026-08-01 07:41:27: 3. About to listen on 5000
2026-08-01 07:41:30: ◇ injected env (0) from .env // tip: ⌘ multiple files { path: ['.env.local', '.env'] }
2026-08-01 07:41:30: 3. About to listen on 5000
2026-08-01 07:41:34: ◇ injected env (0) from .env // tip: ⌘ multiple files { path: ['.env.local', '.env'] }
2026-08-01 07:41:34: 3. About to listen on 5000
2026-08-01 07:41:37: ◇ injected env (0) from .env // tip: ⌘ override existing { override: true }
2026-08-01 07:41:37: 3. About to listen on 5000
2026-08-01 07:41:40: ◇ injected env (0) from .env // tip: ⌁ auth for agents [www.vestauth.com]
2026-08-01 07:41:40: 3. About to listen on 5000
2026-08-01 07:41:44: ◇ injected env (0) from .env // tip: ⌘ override existing { override: true }
2026-08-01 07:41:44: 3. About to listen on 5000
2026-08-01 07:41:47: ◇ injected env (0) from .env // tip: ⌁ auth for agents [www.vestauth.com]
2026-08-01 07:41:47: 3. About to listen on 5000
2026-08-01 07:41:50: ◇ injected env (0) from .env // tip: ⌘ multiple files { path: ['.env.local', '.env'] }
2026-08-01 07:41:50: 3. About to listen on 5000
2026-08-01 07:41:53: ◇ injected env (0) from .env // tip: ⌘ override existing { override: true }
2026-08-01 07:41:53: 3. About to listen on 5000
2026-08-01 07:41:57: ◇ injected env (0) from .env // tip: ⌁ auth for agents [www.vestauth.com]
2026-08-01 07:41:57: 3. About to listen on 5000
2026-08-01 07:42:00: ◇ injected env (0) from .env // tip: ◈ encrypted .env [www.dotenvx.com]
2026-08-01 07:42:00: 3. About to listen on 5000
2026-08-01 07:42:03: ◇ injected env (0) from .env // tip: ⌘ enable debugging { debug: true }
2026-08-01 07:42:03: 3. About to listen on 5000
2026-08-01 07:42:07: ◇ injected env (0) from .env // tip: ⌘ suppress logs { quiet: true }
2026-08-01 07:42:07: 3. About to listen on 5000
2026-08-01 07:42:10: ◇ injected env (0) from .env // tip: ⌘ multiple files { path: ['.env.local', '.env'] }
2026-08-01 07:42:10: 3. About to listen on 5000
2026-08-01 07:42:13: ◇ injected env (0) from .env // tip: ◈ secrets for agents [www.dotenvx.com]
2026-08-01 07:42:13: 3. About to listen on 5000
2026-08-01 07:42:16: ◇ injected env (0) from .env // tip: ⌘ override existing { override: true }
2026-08-01 07:42:16: 3. About to listen on 5000
2026-08-01 07:42:20: ◇ injected env (0) from .env // tip: ◈ encrypted .env [www.dotenvx.com]
2026-08-01 07:42:20: 3. About to listen on 5000
2026-08-01 07:42:23: ◇ injected env (0) from .env // tip: ⌁ auth for agents [www.vestauth.com]
2026-08-01 07:42:23: 3. About to listen on 5000
2026-08-01 07:42:26: ◇ injected env (0) from .env // tip: ⌘ custom filepath { path: '/custom/path/.env' }
2026-08-01 07:42:26: 3. About to listen on 5000
2026-08-01 07:42:30: ◇ injected env (0) from .env // tip: ◈ encrypted .env [www.dotenvx.com]
2026-08-01 07:42:30: 3. About to listen on 5000
2026-08-01 07:42:33: ◇ injected env (0) from .env // tip: ⌘ custom filepath { path: '/custom/path/.env' }
2026-08-01 07:42:33: 3. About to listen on 5000
2026-08-01 07:42:36: ◇ injected env (0) from .env // tip: ⌘ custom filepath { path: '/custom/path/.env' }
2026-08-01 07:42:36: 3. About to listen on 5000
2026-08-01 07:42:39: ◇ injected env (0) from .env // tip: ⌘ override existing { override: true }
2026-08-01 07:42:39: 3. About to listen on 5000
2026-08-01 07:42:43: ◇ injected env (0) from .env // tip: ⌘ custom filepath { path: '/custom/path/.env' }
2026-08-01 07:42:43: 3. About to listen on 5000
2026-08-01 07:42:46: ◇ injected env (0) from .env // tip: ⌁ auth for agents [www.vestauth.com]
2026-08-01 07:42:46: 3. About to listen on 5000
2026-08-01 07:42:49: ◇ injected env (0) from .env // tip: ⌁ auth for agents [www.vestauth.com]
2026-08-01 07:42:49: 3. About to listen on 5000
2026-08-01 07:42:53: ◇ injected env (0) from .env // tip: ◈ secrets for agents [www.dotenvx.com]
2026-08-01 07:42:53: 3. About to listen on 5000
2026-08-01 07:42:56: ◇ injected env (0) from .env // tip: ⌘ override existing { override: true }
2026-08-01 07:42:56: 3. About to listen on 5000
2026-08-01 07:42:59: ◇ injected env (0) from .env // tip: ⌘ override existing { override: true }
2026-08-01 07:42:59: 3. About to listen on 5000
2026-08-01 07:43:02: ◇ injected env (0) from .env // tip: ◈ secrets for agents [www.dotenvx.com]
2026-08-01 07:43:02: 3. About to listen on 5000
2026-08-01 07:43:06: ◇ injected env (0) from .env // tip: ⌁ auth for agents [www.vestauth.com]
2026-08-01 07:43:06: 3. About to listen on 5000
2026-08-01 07:43:09: ◇ injected env (0) from .env // tip: ⌘ suppress logs { quiet: true }
2026-08-01 07:43:09: 3. About to listen on 5000
2026-08-01 07:43:12: ◇ injected env (0) from .env // tip: ⌘ enable debugging { debug: true }
2026-08-01 07:43:12: 3. About to listen on 5000
2026-08-01 07:43:16: ◇ injected env (0) from .env // tip: ◈ encrypted .env [www.dotenvx.com]
2026-08-01 07:43:16: 3. About to listen on 5000
2026-08-01 07:43:19: ◇ injected env (0) from .env // tip: ◈ encrypted .env [www.dotenvx.com]
2026-08-01 07:43:19: 3. About to listen on 5000
2026-08-01 07:43:22: ◇ injected env (0) from .env // tip: ⌁ auth for agents [www.vestauth.com]
2026-08-01 07:43:22: 3. About to listen on 5000
2026-08-01 07:43:25: ◇ injected env (0) from .env // tip: ⌘ custom filepath { path: '/custom/path/.env' }
2026-08-01 07:43:25: 3. About to listen on 5000
2026-08-01 07:43:29: ◇ injected env (0) from .env // tip: ⌁ auth for agents [www.vestauth.com]
2026-08-01 07:43:29: 3. About to listen on 5000
2026-08-01 07:43:32: ◇ injected env (0) from .env // tip: ◈ secrets for agents [www.dotenvx.com]
2026-08-01 07:43:32: 3. About to listen on 5000
2026-08-01 07:43:35: ◇ injected env (0) from .env // tip: ⌘ enable debugging { debug: true }
2026-08-01 07:43:35: 3. About to listen on 5000
2026-08-01 07:43:38: ◇ injected env (0) from .env // tip: ⌘ multiple files { path: ['.env.local', '.env'] }
2026-08-01 07:43:39: 3. About to listen on 5000
2026-08-01 07:43:42: ◇ injected env (0) from .env // tip: ◈ encrypted .env [www.dotenvx.com]
2026-08-01 07:43:42: 3. About to listen on 5000
2026-08-01 07:43:45: ◇ injected env (0) from .env // tip: ⌘ override existing { override: true }
2026-08-01 07:43:45: 3. About to listen on 5000
2026-08-01 07:43:48: ◇ injected env (0) from .env // tip: ⌘ override existing { override: true }
2026-08-01 07:43:48: 3. About to listen on 5000
2026-08-01 07:43:52: ◇ injected env (0) from .env // tip: ⌁ auth for agents [www.vestauth.com]
2026-08-01 07:43:52: 3. About to listen on 5000
2026-08-01 07:43:55: ◇ injected env (0) from .env // tip: ⌘ custom filepath { path: '/custom/path/.env' }
2026-08-01 07:43:55: 3. About to listen on 5000
2026-08-01 07:43:58: ◇ injected env (0) from .env // tip: ⌘ override existing { override: true }
2026-08-01 07:43:58: 3. About to listen on 5000
2026-08-01 07:44:01: ◇ injected env (0) from .env // tip: ◈ encrypted .env [www.dotenvx.com]
2026-08-01 07:44:01: 3. About to listen on 5000
2026-08-01 07:44:05: ◇ injected env (0) from .env // tip: ⌘ multiple files { path: ['.env.local', '.env'] }
2026-08-01 07:44:05: 3. About to listen on 5000
2026-08-01 07:44:08: ◇ injected env (0) from .env // tip: ⌘ enable debugging { debug: true }
2026-08-01 07:44:08: 3. About to listen on 5000
2026-08-01 07:44:11: ◇ injected env (0) from .env // tip: ◈ secrets for agents [www.dotenvx.com]
2026-08-01 07:44:11: 3. About to listen on 5000
2026-08-01 07:44:15: ◇ injected env (0) from .env // tip: ⌘ enable debugging { debug: true }
2026-08-01 07:44:15: 3. About to listen on 5000
2026-08-01 07:44:18: ◇ injected env (0) from .env // tip: ⌘ multiple files { path: ['.env.local', '.env'] }
2026-08-01 07:44:18: 3. About to listen on 5000
2026-08-01 07:44:21: ◇ injected env (0) from .env // tip: ◈ secrets for agents [www.dotenvx.com]
2026-08-01 07:44:21: 3. About to listen on 5000
2026-08-01 07:44:24: ◇ injected env (0) from .env // tip: ◈ secrets for agents [www.dotenvx.com]
2026-08-01 07:44:24: 3. About to listen on 5000
2026-08-01 07:44:28: ◇ injected env (0) from .env // tip: ⌘ enable debugging { debug: true }
2026-08-01 07:44:28: 3. About to listen on 5000
2026-08-01 07:44:31: ◇ injected env (0) from .env // tip: ⌘ enable debugging { debug: true }
2026-08-01 07:44:31: 3. About to listen on 5000
2026-08-01 07:44:34: ◇ injected env (0) from .env // tip: ⌘ custom filepath { path: '/custom/path/.env' }
2026-08-01 07:44:34: 3. About to listen on 5000
2026-08-01 07:44:38: ◇ injected env (0) from .env // tip: ⌘ suppress logs { quiet: true }
2026-08-01 07:44:38: 3. About to listen on 5000
2026-08-01 07:44:41: ◇ injected env (0) from .env // tip: ⌘ override existing { override: true }
2026-08-01 07:44:41: 3. About to listen on 5000
2026-08-01 07:44:44: ◇ injected env (0) from .env // tip: ⌁ auth for agents [www.vestauth.com]
2026-08-01 07:44:44: 3. About to listen on 5000
2026-08-01 07:44:47: ◇ injected env (0) from .env // tip: ⌘ custom filepath { path: '/custom/path/.env' }
2026-08-01 07:44:47: 3. About to listen on 5000
2026-08-01 07:44:51: ◇ injected env (0) from .env // tip: ⌘ custom filepath { path: '/custom/path/.env' }
2026-08-01 07:44:51: 3. About to listen on 5000
2026-08-01 07:44:54: ◇ injected env (0) from .env // tip: ⌘ override existing { override: true }
2026-08-01 07:44:54: 3. About to listen on 5000
2026-08-01 07:44:57: ◇ injected env (0) from .env // tip: ⌘ enable debugging { debug: true }
2026-08-01 07:44:57: 3. About to listen on 5000
2026-08-01 07:45:01: ◇ injected env (0) from .env // tip: ⌘ override existing { override: true }
2026-08-01 07:45:01: 3. About to listen on 5000
2026-08-01 07:45:04: ◇ injected env (0) from .env // tip: ⌁ auth for agents [www.vestauth.com]
2026-08-01 07:45:04: 3. About to listen on 5000
2026-08-01 07:45:07: ◇ injected env (0) from .env // tip: ⌘ enable debugging { debug: true }
2026-08-01 07:45:07: 3. About to listen on 5000
2026-08-01 07:45:10: ◇ injected env (0) from .env // tip: ⌘ enable debugging { debug: true }
2026-08-01 07:45:10: 3. About to listen on 5000
2026-08-01 07:45:14: ◇ injected env (0) from .env // tip: ⌁ auth for agents [www.vestauth.com]
2026-08-01 07:45:14: 3. About to listen on 5000
2026-08-01 07:45:17: ◇ injected env (0) from .env // tip: ⌘ enable debugging { debug: true }
2026-08-01 07:45:17: 3. About to listen on 5000
2026-08-01 07:45:20: ◇ injected env (0) from .env // tip: ⌁ auth for agents [www.vestauth.com]
2026-08-01 07:45:20: 3. About to listen on 5000
2026-08-01 07:45:24: ◇ injected env (0) from .env // tip: ◈ secrets for agents [www.dotenvx.com]
2026-08-01 07:45:24: 3. About to listen on 5000
2026-08-01 07:45:27: ◇ injected env (0) from .env // tip: ⌘ override existing { override: true }
2026-08-01 07:45:27: 3. About to listen on 5000
2026-08-01 07:45:30: ◇ injected env (0) from .env // tip: ⌘ override existing { override: true }
2026-08-01 07:45:30: 3. About to listen on 5000
2026-08-01 07:45:33: ◇ injected env (0) from .env // tip: ⌘ suppress logs { quiet: true }
2026-08-01 07:45:33: 3. About to listen on 5000
2026-08-01 07:45:37: ◇ injected env (0) from .env // tip: ⌘ custom filepath { path: '/custom/path/.env' }
2026-08-01 07:45:37: 3. About to listen on 5000
2026-08-01 07:45:40: ◇ injected env (0) from .env // tip: ⌘ multiple files { path: ['.env.local', '.env'] }
2026-08-01 07:45:40: 3. About to listen on 5000
2026-08-01 07:45:43: ◇ injected env (0) from .env // tip: ⌘ custom filepath { path: '/custom/path/.env' }
2026-08-01 07:45:43: 3. About to listen on 5000
2026-08-01 07:45:47: ◇ injected env (0) from .env // tip: ⌁ auth for agents [www.vestauth.com]
2026-08-01 07:45:47: 3. About to listen on 5000
2026-08-01 07:45:50: ◇ injected env (0) from .env // tip: ⌘ multiple files { path: ['.env.local', '.env'] }
2026-08-01 07:45:50: 3. About to listen on 5000
2026-08-01 07:45:53: ◇ injected env (0) from .env // tip: ⌘ multiple files { path: ['.env.local', '.env'] }
2026-08-01 07:45:53: 3. About to listen on 5000
2026-08-01 07:45:56: ◇ injected env (0) from .env // tip: ◈ encrypted .env [www.dotenvx.com]
2026-08-01 07:45:56: 3. About to listen on 5000
2026-08-01 07:46:00: ◇ injected env (0) from .env // tip: ⌘ multiple files { path: ['.env.local', '.env'] }
2026-08-01 07:46:00: 3. About to listen on 5000
2026-08-01 07:46:03: ◇ injected env (0) from .env // tip: ◈ encrypted .env [www.dotenvx.com]
2026-08-01 07:46:03: 3. About to listen on 5000
2026-08-01 07:46:06: ◇ injected env (0) from .env // tip: ⌘ multiple files { path: ['.env.local', '.env'] }
2026-08-01 07:46:06: 3. About to listen on 5000
2026-08-01 07:46:10: ◇ injected env (0) from .env // tip: ⌘ suppress logs { quiet: true }
2026-08-01 07:46:10: 3. About to listen on 5000
2026-08-01 07:46:13: ◇ injected env (0) from .env // tip: ⌘ suppress logs { quiet: true }
2026-08-01 07:46:13: 3. About to listen on 5000
2026-08-01 07:46:16: ◇ injected env (0) from .env // tip: ⌘ suppress logs { quiet: true }
2026-08-01 07:46:16: 3. About to listen on 5000
2026-08-01 07:46:19: ◇ injected env (0) from .env // tip: ⌘ override existing { override: true }
2026-08-01 07:46:19: 3. About to listen on 5000
2026-08-01 07:46:23: ◇ injected env (0) from .env // tip: ⌁ auth for agents [www.vestauth.com]
2026-08-01 07:46:23: 3. About to listen on 5000
2026-08-01 07:46:26: ◇ injected env (0) from .env // tip: ⌘ custom filepath { path: '/custom/path/.env' }
2026-08-01 07:46:26: 3. About to listen on 5000
2026-08-01 07:46:29: ◇ injected env (0) from .env // tip: ⌘ override existing { override: true }
2026-08-01 07:46:29: 3. About to listen on 5000
2026-08-01 07:46:33: ◇ injected env (0) from .env // tip: ⌘ suppress logs { quiet: true }
2026-08-01 07:46:33: 3. About to listen on 5000
2026-08-01 07:46:36: ◇ injected env (0) from .env // tip: ⌘ suppress logs { quiet: true }
2026-08-01 07:46:36: 3. About to listen on 5000
2026-08-01 07:46:39: ◇ injected env (0) from .env // tip: ◈ secrets for agents [www.dotenvx.com]
2026-08-01 07:46:39: 3. About to listen on 5000
2026-08-01 07:46:42: ◇ injected env (0) from .env // tip: ⌘ custom filepath { path: '/custom/path/.env' }
2026-08-01 07:46:42: 3. About to listen on 5000
2026-08-01 07:46:46: ◇ injected env (0) from .env // tip: ◈ secrets for agents [www.dotenvx.com]
2026-08-01 07:46:46: 3. About to listen on 5000
2026-08-01 07:46:49: ◇ injected env (0) from .env // tip: ⌘ enable debugging { debug: true }
2026-08-01 07:46:49: 3. About to listen on 5000
2026-08-01 07:46:52: ◇ injected env (0) from .env // tip: ⌘ enable debugging { debug: true }
2026-08-01 07:46:52: 3. About to listen on 5000
2026-08-01 07:46:55: ◇ injected env (0) from .env // tip: ◈ encrypted .env [www.dotenvx.com]
2026-08-01 07:46:55: 3. About to listen on 5000
2026-08-01 07:46:59: ◇ injected env (0) from .env // tip: ◈ secrets for agents [www.dotenvx.com]
2026-08-01 07:46:59: 3. About to listen on 5000
2026-08-01 07:47:02: ◇ injected env (0) from .env // tip: ⌘ enable debugging { debug: true }
2026-08-01 07:47:02: 3. About to listen on 5000
2026-08-01 07:47:05: ◇ injected env (0) from .env // tip: ⌁ auth for agents [www.vestauth.com]
2026-08-01 07:47:05: 3. About to listen on 5000
2026-08-01 07:47:09: ◇ injected env (0) from .env // tip: ◈ secrets for agents [www.dotenvx.com]
2026-08-01 07:47:09: 3. About to listen on 5000
2026-08-01 07:47:12: ◇ injected env (0) from .env // tip: ⌘ suppress logs { quiet: true }
2026-08-01 07:47:12: 3. About to listen on 5000
2026-08-01 07:47:15: ◇ injected env (0) from .env // tip: ⌁ auth for agents [www.vestauth.com]
2026-08-01 07:47:15: 3. About to listen on 5000
2026-08-01 07:47:18: ◇ injected env (0) from .env // tip: ◈ encrypted .env [www.dotenvx.com]
2026-08-01 07:47:18: 3. About to listen on 5000
2026-08-01 07:47:22: ◇ injected env (0) from .env // tip: ⌘ override existing { override: true }
2026-08-01 07:47:22: 3. About to listen on 5000
2026-08-01 07:47:25: ◇ injected env (0) from .env // tip: ⌁ auth for agents [www.vestauth.com]
2026-08-01 07:47:25: 3. About to listen on 5000
2026-08-01 07:47:28: ◇ injected env (0) from .env // tip: ⌘ override existing { override: true }
2026-08-01 07:47:28: 3. About to listen on 5000
2026-08-01 07:47:32: ◇ injected env (0) from .env // tip: ⌘ multiple files { path: ['.env.local', '.env'] }
2026-08-01 07:47:32: 3. About to listen on 5000
2026-08-01 07:47:35: ◇ injected env (0) from .env // tip: ◈ encrypted .env [www.dotenvx.com]
2026-08-01 07:47:35: 3. About to listen on 5000
2026-08-01 07:47:38: ◇ injected env (0) from .env // tip: ⌘ enable debugging { debug: true }
2026-08-01 07:47:38: 3. About to listen on 5000
2026-08-01 07:47:41: ◇ injected env (0) from .env // tip: ◈ encrypted .env [www.dotenvx.com]
2026-08-01 07:47:41: 3. About to listen on 5000
2026-08-01 07:47:45: ◇ injected env (0) from .env // tip: ⌘ suppress logs { quiet: true }
2026-08-01 07:47:45: 3. About to listen on 5000
2026-08-01 07:47:48: ◇ injected env (0) from .env // tip: ◈ encrypted .env [www.dotenvx.com]
2026-08-01 07:47:48: 3. About to listen on 5000
2026-08-01 07:47:51: ◇ injected env (0) from .env // tip: ⌘ suppress logs { quiet: true }
2026-08-01 07:47:51: 3. About to listen on 5000
2026-08-01 07:47:55: ◇ injected env (0) from .env // tip: ⌁ auth for agents [www.vestauth.com]
2026-08-01 07:47:55: 3. About to listen on 5000
2026-08-01 07:47:58: ◇ injected env (0) from .env // tip: ⌘ override existing { override: true }
2026-08-01 07:47:58: 3. About to listen on 5000
2026-08-01 07:48:01: ◇ injected env (0) from .env // tip: ⌁ auth for agents [www.vestauth.com]
2026-08-01 07:48:01: 3. About to listen on 5000
2026-08-01 07:48:04: ◇ injected env (0) from .env // tip: ⌘ suppress logs { quiet: true }
2026-08-01 07:48:04: 3. About to listen on 5000
2026-08-01 07:48:08: ◇ injected env (0) from .env // tip: ◈ secrets for agents [www.dotenvx.com]
2026-08-01 07:48:08: 3. About to listen on 5000
2026-08-01 07:48:11: ◇ injected env (0) from .env // tip: ⌘ suppress logs { quiet: true }
2026-08-01 07:48:11: 3. About to listen on 5000
2026-08-01 07:48:14: ◇ injected env (0) from .env // tip: ◈ encrypted .env [www.dotenvx.com]
2026-08-01 07:48:14: 3. About to listen on 5000
2026-08-01 07:48:18: ◇ injected env (0) from .env // tip: ⌁ auth for agents [www.vestauth.com]
2026-08-01 07:48:18: 3. About to listen on 5000
2026-08-01 07:48:21: ◇ injected env (0) from .env // tip: ⌘ enable debugging { debug: true }
2026-08-01 07:48:21: 3. About to listen on 5000
2026-08-01 07:48:24: ◇ injected env (0) from .env // tip: ⌘ suppress logs { quiet: true }
2026-08-01 07:48:24: 3. About to listen on 5000
2026-08-01 07:48:27: ◇ injected env (0) from .env // tip: ◈ encrypted .env [www.dotenvx.com]
2026-08-01 07:48:27: 3. About to listen on 5000
2026-08-01 07:48:31: ◇ injected env (0) from .env // tip: ◈ secrets for agents [www.dotenvx.com]
2026-08-01 07:48:31: 3. About to listen on 5000
2026-08-01 07:48:34: ◇ injected env (0) from .env // tip: ⌘ enable debugging { debug: true }
2026-08-01 07:48:34: 3. About to listen on 5000
2026-08-01 07:48:37: ◇ injected env (0) from .env // tip: ⌘ suppress logs { quiet: true }
2026-08-01 07:48:37: 3. About to listen on 5000
2026-08-01 07:48:41: ◇ injected env (0) from .env // tip: ⌘ multiple files { path: ['.env.local', '.env'] }
2026-08-01 07:48:41: 3. About to listen on 5000
2026-08-01 07:48:44: ◇ injected env (0) from .env // tip: ⌘ multiple files { path: ['.env.local', '.env'] }
2026-08-01 07:48:44: 3. About to listen on 5000
2026-08-01 07:48:47: ◇ injected env (0) from .env // tip: ⌘ custom filepath { path: '/custom/path/.env' }
2026-08-01 07:48:47: 3. About to listen on 5000
2026-08-01 07:48:50: ◇ injected env (0) from .env // tip: ⌘ custom filepath { path: '/custom/path/.env' }
2026-08-01 07:48:50: 3. About to listen on 5000
2026-08-01 07:48:54: ◇ injected env (0) from .env // tip: ◈ encrypted .env [www.dotenvx.com]
2026-08-01 07:48:54: 3. About to listen on 5000
2026-08-01 07:48:57: ◇ injected env (0) from .env // tip: ⌘ multiple files { path: ['.env.local', '.env'] }
2026-08-01 07:48:57: 3. About to listen on 5000
2026-08-01 07:49:00: ◇ injected env (0) from .env // tip: ⌘ multiple files { path: ['.env.local', '.env'] }
2026-08-01 07:49:00: 3. About to listen on 5000
2026-08-01 07:49:04: ◇ injected env (0) from .env // tip: ◈ secrets for agents [www.dotenvx.com]
2026-08-01 07:49:04: 3. About to listen on 5000
2026-08-01 07:49:07: ◇ injected env (0) from .env // tip: ◈ encrypted .env [www.dotenvx.com]
2026-08-01 07:49:07: 3. About to listen on 5000
2026-08-01 07:49:10: ◇ injected env (0) from .env // tip: ⌘ enable debugging { debug: true }
2026-08-01 07:49:10: 3. About to listen on 5000
2026-08-01 07:49:13: ◇ injected env (0) from .env // tip: ⌘ suppress logs { quiet: true }
2026-08-01 07:49:13: 3. About to listen on 5000
2026-08-01 07:49:17: ◇ injected env (0) from .env // tip: ⌁ auth for agents [www.vestauth.com]
2026-08-01 07:49:17: 3. About to listen on 5000
2026-08-01 07:49:20: ◇ injected env (0) from .env // tip: ⌘ custom filepath { path: '/custom/path/.env' }
2026-08-01 07:49:20: 3. About to listen on 5000
2026-08-01 07:49:23: ◇ injected env (0) from .env // tip: ⌘ custom filepath { path: '/custom/path/.env' }
2026-08-01 07:49:23: 3. About to listen on 5000
2026-08-01 07:49:27: ◇ injected env (0) from .env // tip: ◈ encrypted .env [www.dotenvx.com]
2026-08-01 07:49:27: 3. About to listen on 5000
2026-08-01 07:49:30: ◇ injected env (0) from .env // tip: ◈ encrypted .env [www.dotenvx.com]
2026-08-01 07:49:30: 3. About to listen on 5000
2026-08-01 07:49:33: ◇ injected env (0) from .env // tip: ⌘ multiple files { path: ['.env.local', '.env'] }
2026-08-01 07:49:33: 3. About to listen on 5000
2026-08-01 07:49:36: ◇ injected env (0) from .env // tip: ⌁ auth for agents [www.vestauth.com]
2026-08-01 07:49:36: 3. About to listen on 5000
2026-08-01 07:49:40: ◇ injected env (0) from .env // tip: ⌘ override existing { override: true }
2026-08-01 07:49:40: 3. About to listen on 5000
2026-08-01 07:49:43: ◇ injected env (0) from .env // tip: ◈ secrets for agents [www.dotenvx.com]
2026-08-01 07:49:43: 3. About to listen on 5000
2026-08-01 07:49:46: ◇ injected env (0) from .env // tip: ⌘ suppress logs { quiet: true }
2026-08-01 07:49:46: 3. About to listen on 5000
2026-08-01 07:49:50: ◇ injected env (0) from .env // tip: ⌘ custom filepath { path: '/custom/path/.env' }
2026-08-01 07:49:50: 3. About to listen on 5000
2026-08-01 07:49:53: ◇ injected env (0) from .env // tip: ⌁ auth for agents [www.vestauth.com]
2026-08-01 07:49:53: 3. About to listen on 5000
2026-08-01 07:49:56: ◇ injected env (0) from .env // tip: ⌘ suppress logs { quiet: true }
2026-08-01 07:49:56: 3. About to listen on 5000
2026-08-01 07:49:59: ◇ injected env (0) from .env // tip: ◈ encrypted .env [www.dotenvx.com]
2026-08-01 07:49:59: 3. About to listen on 5000
2026-08-01 07:50:03: ◇ injected env (0) from .env // tip: ⌘ override existing { override: true }
2026-08-01 07:50:03: 3. About to listen on 5000
2026-08-01 07:50:06: ◇ injected env (0) from .env // tip: ⌘ override existing { override: true }
2026-08-01 07:50:06: 3. About to listen on 5000
2026-08-01 07:50:09: ◇ injected env (0) from .env // tip: ⌘ enable debugging { debug: true }
2026-08-01 07:50:09: 3. About to listen on 5000
2026-08-01 07:50:12: ◇ injected env (0) from .env // tip: ⌁ auth for agents [www.vestauth.com]
2026-08-01 07:50:12: 3. About to listen on 5000
2026-08-01 07:50:16: ◇ injected env (0) from .env // tip: ⌁ auth for agents [www.vestauth.com]
2026-08-01 07:50:16: 3. About to listen on 5000
2026-08-01 07:50:19: ◇ injected env (0) from .env // tip: ⌘ multiple files { path: ['.env.local', '.env'] }
2026-08-01 07:50:19: 3. About to listen on 5000
2026-08-01 07:50:22: ◇ injected env (0) from .env // tip: ⌘ multiple files { path: ['.env.local', '.env'] }
2026-08-01 07:50:22: 3. About to listen on 5000
2026-08-01 07:50:26: ◇ injected env (0) from .env // tip: ◈ encrypted .env [www.dotenvx.com]
2026-08-01 07:50:26: 3. About to listen on 5000
2026-08-01 07:50:29: ◇ injected env (0) from .env // tip: ⌘ enable debugging { debug: true }
2026-08-01 07:50:29: 3. About to listen on 5000
2026-08-01 07:50:32: ◇ injected env (0) from .env // tip: ⌘ override existing { override: true }
2026-08-01 07:50:32: 3. About to listen on 5000
2026-08-01 07:50:35: ◇ injected env (0) from .env // tip: ⌁ auth for agents [www.vestauth.com]
2026-08-01 07:50:35: 3. About to listen on 5000
2026-08-01 07:50:39: ◇ injected env (0) from .env // tip: ⌘ override existing { override: true }
2026-08-01 07:50:39: 3. About to listen on 5000
2026-08-01 07:50:42: ◇ injected env (0) from .env // tip: ⌘ enable debugging { debug: true }
2026-08-01 07:50:42: 3. About to listen on 5000
2026-08-01 07:50:45: ◇ injected env (0) from .env // tip: ⌘ multiple files { path: ['.env.local', '.env'] }
2026-08-01 07:50:45: 3. About to listen on 5000
2026-08-01 07:50:49: ◇ injected env (0) from .env // tip: ⌘ override existing { override: true }
2026-08-01 07:50:49: 3. About to listen on 5000
2026-08-01 07:50:52: ◇ injected env (0) from .env // tip: ◈ secrets for agents [www.dotenvx.com]
2026-08-01 07:50:52: 3. About to listen on 5000
2026-08-01 07:50:55: ◇ injected env (0) from .env // tip: ⌘ multiple files { path: ['.env.local', '.env'] }
2026-08-01 07:50:55: 3. About to listen on 5000
2026-08-01 07:50:58: ◇ injected env (0) from .env // tip: ◈ secrets for agents [www.dotenvx.com]
2026-08-01 07:50:58: 3. About to listen on 5000
2026-08-01 07:51:02: ◇ injected env (0) from .env // tip: ⌘ suppress logs { quiet: true }
2026-08-01 07:51:02: 3. About to listen on 5000
2026-08-01 07:51:05: ◇ injected env (0) from .env // tip: ⌁ auth for agents [www.vestauth.com]
2026-08-01 07:51:05: 3. About to listen on 5000
2026-08-01 07:51:08: ◇ injected env (0) from .env // tip: ◈ encrypted .env [www.dotenvx.com]
2026-08-01 07:51:08: 3. About to listen on 5000
2026-08-01 07:51:12: ◇ injected env (0) from .env // tip: ⌘ enable debugging { debug: true }
2026-08-01 07:51:12: 3. About to listen on 5000
2026-08-01 07:51:15: ◇ injected env (0) from .env // tip: ⌘ custom filepath { path: '/custom/path/.env' }
2026-08-01 07:51:15: 3. About to listen on 5000
2026-08-01 07:51:18: ◇ injected env (0) from .env // tip: ⌘ suppress logs { quiet: true }
2026-08-01 07:51:18: 3. About to listen on 5000
2026-08-01 07:51:21: ◇ injected env (0) from .env // tip: ⌘ enable debugging { debug: true }
2026-08-01 07:51:21: 3. About to listen on 5000
2026-08-01 07:51:25: ◇ injected env (0) from .env // tip: ⌘ custom filepath { path: '/custom/path/.env' }
2026-08-01 07:51:25: 3. About to listen on 5000
2026-08-01 07:51:28: ◇ injected env (0) from .env // tip: ⌘ multiple files { path: ['.env.local', '.env'] }
2026-08-01 07:51:28: 3. About to listen on 5000
2026-08-01 07:51:31: ◇ injected env (0) from .env // tip: ◈ secrets for agents [www.dotenvx.com]
2026-08-01 07:51:31: 3. About to listen on 5000
2026-08-01 07:51:35: ◇ injected env (0) from .env // tip: ⌘ multiple files { path: ['.env.local', '.env'] }
2026-08-01 07:51:35: 3. About to listen on 5000
2026-08-01 07:51:38: ◇ injected env (0) from .env // tip: ⌘ custom filepath { path: '/custom/path/.env' }
2026-08-01 07:51:38: 3. About to listen on 5000
2026-08-01 07:51:41: ◇ injected env (0) from .env // tip: ⌁ auth for agents [www.vestauth.com]
2026-08-01 07:51:41: 3. About to listen on 5000
2026-08-01 07:51:44: ◇ injected env (0) from .env // tip: ◈ encrypted .env [www.dotenvx.com]
2026-08-01 07:51:44: 3. About to listen on 5000
2026-08-01 07:51:48: ◇ injected env (0) from .env // tip: ⌘ override existing { override: true }
2026-08-01 07:51:48: 3. About to listen on 5000
2026-08-01 07:51:51: ◇ injected env (0) from .env // tip: ⌁ auth for agents [www.vestauth.com]
2026-08-01 07:51:51: 3. About to listen on 5000
2026-08-01 07:51:54: ◇ injected env (0) from .env // tip: ⌘ override existing { override: true }
2026-08-01 07:51:54: 3. About to listen on 5000
2026-08-01 07:51:58: ◇ injected env (0) from .env // tip: ⌘ multiple files { path: ['.env.local', '.env'] }
2026-08-01 07:51:58: 3. About to listen on 5000
2026-08-01 07:52:01: ◇ injected env (0) from .env // tip: ⌘ multiple files { path: ['.env.local', '.env'] }
2026-08-01 07:52:01: 3. About to listen on 5000
2026-08-01 07:52:04: ◇ injected env (0) from .env // tip: ◈ encrypted .env [www.dotenvx.com]
2026-08-01 07:52:04: 3. About to listen on 5000
2026-08-01 07:52:07: ◇ injected env (0) from .env // tip: ⌘ suppress logs { quiet: true }
2026-08-01 07:52:07: 3. About to listen on 5000
2026-08-01 07:52:11: ◇ injected env (0) from .env // tip: ◈ encrypted .env [www.dotenvx.com]
2026-08-01 07:52:11: 3. About to listen on 5000
2026-08-01 07:52:14: ◇ injected env (0) from .env // tip: ⌘ suppress logs { quiet: true }
2026-08-01 07:52:14: 3. About to listen on 5000
2026-08-01 07:52:17: ◇ injected env (0) from .env // tip: ◈ encrypted .env [www.dotenvx.com]
2026-08-01 07:52:17: 3. About to listen on 5000
2026-08-01 07:52:20: ◇ injected env (0) from .env // tip: ◈ secrets for agents [www.dotenvx.com]
2026-08-01 07:52:20: 3. About to listen on 5000
2026-08-01 07:52:24: ◇ injected env (0) from .env // tip: ⌘ override existing { override: true }
2026-08-01 07:52:24: 3. About to listen on 5000
2026-08-01 07:52:27: ◇ injected env (0) from .env // tip: ⌘ custom filepath { path: '/custom/path/.env' }
2026-08-01 07:52:27: 3. About to listen on 5000
2026-08-01 07:52:30: ◇ injected env (0) from .env // tip: ⌘ suppress logs { quiet: true }
2026-08-01 07:52:30: 3. About to listen on 5000
2026-08-01 07:52:34: ◇ injected env (0) from .env // tip: ⌁ auth for agents [www.vestauth.com]
2026-08-01 07:52:34: 3. About to listen on 5000
2026-08-01 07:52:37: ◇ injected env (0) from .env // tip: ⌁ auth for agents [www.vestauth.com]
2026-08-01 07:52:37: 3. About to listen on 5000
2026-08-01 07:52:40: ◇ injected env (0) from .env // tip: ⌘ custom filepath { path: '/custom/path/.env' }
2026-08-01 07:52:40: 3. About to listen on 5000
2026-08-01 07:52:43: ◇ injected env (0) from .env // tip: ◈ encrypted .env [www.dotenvx.com]
2026-08-01 07:52:43: 3. About to listen on 5000
2026-08-01 07:52:47: ◇ injected env (0) from .env // tip: ⌘ suppress logs { quiet: true }
2026-08-01 07:52:47: 3. About to listen on 5000
2026-08-01 07:52:50: ◇ injected env (0) from .env // tip: ⌘ enable debugging { debug: true }
2026-08-01 07:52:50: 3. About to listen on 5000
2026-08-01 07:52:53: ◇ injected env (0) from .env // tip: ⌘ custom filepath { path: '/custom/path/.env' }
2026-08-01 07:52:53: 3. About to listen on 5000
2026-08-01 07:52:57: ◇ injected env (0) from .env // tip: ◈ encrypted .env [www.dotenvx.com]
2026-08-01 07:52:57: 3. About to listen on 5000
2026-08-01 07:53:00: ◇ injected env (0) from .env // tip: ⌘ suppress logs { quiet: true }
2026-08-01 07:53:00: 3. About to listen on 5000
2026-08-01 07:53:03: ◇ injected env (0) from .env // tip: ⌘ override existing { override: true }
2026-08-01 07:53:03: 3. About to listen on 5000
2026-08-01 07:53:06: ◇ injected env (0) from .env // tip: ⌘ custom filepath { path: '/custom/path/.env' }
2026-08-01 07:53:06: 3. About to listen on 5000
2026-08-01 07:53:10: ◇ injected env (0) from .env // tip: ⌘ enable debugging { debug: true }
2026-08-01 07:53:10: 3. About to listen on 5000
2026-08-01 07:53:13: ◇ injected env (0) from .env // tip: ⌘ override existing { override: true }
2026-08-01 07:53:13: 3. About to listen on 5000
2026-08-01 07:53:16: ◇ injected env (0) from .env // tip: ⌁ auth for agents [www.vestauth.com]
2026-08-01 07:53:16: 3. About to listen on 5000
2026-08-01 07:53:20: ◇ injected env (0) from .env // tip: ◈ encrypted .env [www.dotenvx.com]
2026-08-01 07:53:20: 3. About to listen on 5000
2026-08-01 07:53:23: ◇ injected env (0) from .env // tip: ⌘ suppress logs { quiet: true }
2026-08-01 07:53:23: 3. About to listen on 5000
2026-08-01 07:53:26: ◇ injected env (0) from .env // tip: ⌘ multiple files { path: ['.env.local', '.env'] }
2026-08-01 07:53:26: 3. About to listen on 5000
2026-08-01 07:53:29: ◇ injected env (0) from .env // tip: ⌘ custom filepath { path: '/custom/path/.env' }
2026-08-01 07:53:29: 3. About to listen on 5000
2026-08-01 07:53:33: ◇ injected env (0) from .env // tip: ⌘ suppress logs { quiet: true }
2026-08-01 07:53:33: 3. About to listen on 5000
2026-08-01 07:53:36: ◇ injected env (0) from .env // tip: ◈ encrypted .env [www.dotenvx.com]
2026-08-01 07:53:36: 3. About to listen on 5000
2026-08-01 07:53:39: ◇ injected env (0) from .env // tip: ⌘ override existing { override: true }
2026-08-01 07:53:39: 3. About to listen on 5000
2026-08-01 07:53:42: ◇ injected env (0) from .env // tip: ⌘ multiple files { path: ['.env.local', '.env'] }
2026-08-01 07:53:43: 3. About to listen on 5000
2026-08-01 07:53:46: ◇ injected env (0) from .env // tip: ◈ secrets for agents [www.dotenvx.com]
2026-08-01 07:53:46: 3. About to listen on 5000
2026-08-01 07:53:49: ◇ injected env (0) from .env // tip: ⌁ auth for agents [www.vestauth.com]
2026-08-01 07:53:49: 3. About to listen on 5000
2026-08-01 07:53:52: ◇ injected env (0) from .env // tip: ◈ encrypted .env [www.dotenvx.com]
2026-08-01 07:53:52: 3. About to listen on 5000
2026-08-01 07:53:56: ◇ injected env (0) from .env // tip: ⌘ multiple files { path: ['.env.local', '.env'] }
2026-08-01 07:53:56: 3. About to listen on 5000
2026-08-01 07:53:59: ◇ injected env (0) from .env // tip: ⌘ override existing { override: true }
2026-08-01 07:53:59: 3. About to listen on 5000
2026-08-01 07:54:02: ◇ injected env (0) from .env // tip: ⌘ multiple files { path: ['.env.local', '.env'] }
2026-08-01 07:54:02: 3. About to listen on 5000
2026-08-01 07:54:05: ◇ injected env (0) from .env // tip: ⌁ auth for agents [www.vestauth.com]
2026-08-01 07:54:05: 3. About to listen on 5000
2026-08-01 07:54:09: ◇ injected env (0) from .env // tip: ⌘ override existing { override: true }
2026-08-01 07:54:09: 3. About to listen on 5000
2026-08-01 07:54:12: ◇ injected env (0) from .env // tip: ⌘ suppress logs { quiet: true }
2026-08-01 07:54:12: 3. About to listen on 5000
2026-08-01 07:54:15: ◇ injected env (0) from .env // tip: ⌘ custom filepath { path: '/custom/path/.env' }
2026-08-01 07:54:15: 3. About to listen on 5000
2026-08-01 07:54:19: ◇ injected env (0) from .env // tip: ⌘ custom filepath { path: '/custom/path/.env' }
2026-08-01 07:54:19: 3. About to listen on 5000
2026-08-01 07:54:22: ◇ injected env (0) from .env // tip: ⌘ enable debugging { debug: true }
2026-08-01 07:54:22: 3. About to listen on 5000
2026-08-01 07:54:25: ◇ injected env (0) from .env // tip: ⌘ multiple files { path: ['.env.local', '.env'] }
2026-08-01 07:54:25: 3. About to listen on 5000
2026-08-01 07:54:28: ◇ injected env (0) from .env // tip: ⌘ override existing { override: true }
2026-08-01 07:54:28: 3. About to listen on 5000
2026-08-01 07:54:32: ◇ injected env (0) from .env // tip: ⌁ auth for agents [www.vestauth.com]
2026-08-01 07:54:32: 3. About to listen on 5000
2026-08-01 07:54:35: ◇ injected env (0) from .env // tip: ⌘ multiple files { path: ['.env.local', '.env'] }
2026-08-01 07:54:35: 3. About to listen on 5000
2026-08-01 07:54:38: ◇ injected env (0) from .env // tip: ⌁ auth for agents [www.vestauth.com]
2026-08-01 07:54:38: 3. About to listen on 5000
2026-08-01 07:54:42: ◇ injected env (0) from .env // tip: ⌁ auth for agents [www.vestauth.com]
2026-08-01 07:54:42: 3. About to listen on 5000
2026-08-01 07:54:45: ◇ injected env (0) from .env // tip: ⌘ multiple files { path: ['.env.local', '.env'] }
2026-08-01 07:54:45: 3. About to listen on 5000
2026-08-01 07:54:48: ◇ injected env (0) from .env // tip: ⌘ multiple files { path: ['.env.local', '.env'] }
2026-08-01 07:54:48: 3. About to listen on 5000
2026-08-01 07:54:51: ◇ injected env (0) from .env // tip: ⌘ suppress logs { quiet: true }
2026-08-01 07:54:51: 3. About to listen on 5000
2026-08-01 07:54:55: ◇ injected env (0) from .env // tip: ◈ encrypted .env [www.dotenvx.com]
2026-08-01 07:54:55: 3. About to listen on 5000
2026-08-01 07:54:58: ◇ injected env (0) from .env // tip: ⌘ suppress logs { quiet: true }
2026-08-01 07:54:58: 3. About to listen on 5000
2026-08-01 07:55:01: ◇ injected env (0) from .env // tip: ⌘ multiple files { path: ['.env.local', '.env'] }
2026-08-01 07:55:01: 3. About to listen on 5000
2026-08-01 07:55:05: ◇ injected env (0) from .env // tip: ◈ secrets for agents [www.dotenvx.com]
2026-08-01 07:55:05: 3. About to listen on 5000
2026-08-01 07:55:08: ◇ injected env (0) from .env // tip: ⌘ custom filepath { path: '/custom/path/.env' }
2026-08-01 07:55:08: 3. About to listen on 5000
2026-08-01 07:55:11: ◇ injected env (0) from .env // tip: ⌘ override existing { override: true }
2026-08-01 07:55:11: 3. About to listen on 5000
2026-08-01 07:55:14: ◇ injected env (0) from .env // tip: ⌘ multiple files { path: ['.env.local', '.env'] }
2026-08-01 07:55:14: 3. About to listen on 5000
2026-08-01 07:55:18: ◇ injected env (0) from .env // tip: ⌁ auth for agents [www.vestauth.com]
2026-08-01 07:55:18: 3. About to listen on 5000
2026-08-01 07:55:21: ◇ injected env (0) from .env // tip: ⌘ override existing { override: true }
2026-08-01 07:55:21: 3. About to listen on 5000
2026-08-01 07:55:24: ◇ injected env (0) from .env // tip: ⌘ enable debugging { debug: true }
2026-08-01 07:55:24: 3. About to listen on 5000
2026-08-01 07:55:28: ◇ injected env (0) from .env // tip: ⌘ custom filepath { path: '/custom/path/.env' }
2026-08-01 07:55:28: 3. About to listen on 5000
2026-08-01 07:55:31: ◇ injected env (0) from .env // tip: ⌁ auth for agents [www.vestauth.com]
2026-08-01 07:55:31: 3. About to listen on 5000
2026-08-01 07:55:34: ◇ injected env (0) from .env // tip: ⌘ override existing { override: true }
2026-08-01 07:55:34: 3. About to listen on 5000
2026-08-01 07:55:37: ◇ injected env (0) from .env // tip: ⌁ auth for agents [www.vestauth.com]
2026-08-01 07:55:37: 3. About to listen on 5000
2026-08-01 07:55:41: ◇ injected env (0) from .env // tip: ⌘ override existing { override: true }
2026-08-01 07:55:41: 3. About to listen on 5000
2026-08-01 07:55:44: ◇ injected env (0) from .env // tip: ⌘ suppress logs { quiet: true }
2026-08-01 07:55:44: 3. About to listen on 5000
2026-08-01 07:55:47: ◇ injected env (0) from .env // tip: ◈ secrets for agents [www.dotenvx.com]
2026-08-01 07:55:47: 3. About to listen on 5000
2026-08-01 07:55:51: ◇ injected env (0) from .env // tip: ⌘ override existing { override: true }
2026-08-01 07:55:51: 3. About to listen on 5000
2026-08-01 07:55:54: ◇ injected env (0) from .env // tip: ⌘ custom filepath { path: '/custom/path/.env' }
2026-08-01 07:55:54: 3. About to listen on 5000
2026-08-01 07:55:57: ◇ injected env (0) from .env // tip: ⌘ custom filepath { path: '/custom/path/.env' }
2026-08-01 07:55:57: 3. About to listen on 5000
2026-08-01 07:56:00: ◇ injected env (0) from .env // tip: ◈ secrets for agents [www.dotenvx.com]
2026-08-01 07:56:00: 3. About to listen on 5000
2026-08-01 07:56:04: ◇ injected env (0) from .env // tip: ◈ encrypted .env [www.dotenvx.com]
2026-08-01 07:56:04: 3. About to listen on 5000
2026-08-01 07:56:07: ◇ injected env (0) from .env // tip: ◈ secrets for agents [www.dotenvx.com]
2026-08-01 07:56:07: 3. About to listen on 5000
2026-08-01 07:56:10: ◇ injected env (0) from .env // tip: ⌘ override existing { override: true }
2026-08-01 07:56:10: 3. About to listen on 5000
2026-08-01 07:56:13: ◇ injected env (0) from .env // tip: ⌘ enable debugging { debug: true }
2026-08-01 07:56:13: 3. About to listen on 5000
2026-08-01 07:56:17: ◇ injected env (0) from .env // tip: ⌘ multiple files { path: ['.env.local', '.env'] }
2026-08-01 07:56:17: 3. About to listen on 5000
2026-08-01 07:56:20: ◇ injected env (0) from .env // tip: ⌘ enable debugging { debug: true }
2026-08-01 07:56:20: 3. About to listen on 5000
2026-08-01 07:56:23: ◇ injected env (0) from .env // tip: ⌁ auth for agents [www.vestauth.com]
2026-08-01 07:56:23: 3. About to listen on 5000
2026-08-01 07:56:27: ◇ injected env (0) from .env // tip: ◈ secrets for agents [www.dotenvx.com]
2026-08-01 07:56:27: 3. About to listen on 5000
2026-08-01 07:56:30: ◇ injected env (0) from .env // tip: ⌘ override existing { override: true }
2026-08-01 07:56:30: 3. About to listen on 5000
2026-08-01 07:56:33: ◇ injected env (0) from .env // tip: ⌘ enable debugging { debug: true }
2026-08-01 07:56:33: 3. About to listen on 5000
2026-08-01 07:56:36: ◇ injected env (0) from .env // tip: ◈ secrets for agents [www.dotenvx.com]
2026-08-01 07:56:36: 3. About to listen on 5000
2026-08-01 07:56:40: ◇ injected env (0) from .env // tip: ⌘ suppress logs { quiet: true }
2026-08-01 07:56:40: 3. About to listen on 5000
2026-08-01 07:56:43: ◇ injected env (0) from .env // tip: ⌘ multiple files { path: ['.env.local', '.env'] }
2026-08-01 07:56:43: 3. About to listen on 5000
2026-08-01 07:56:46: ◇ injected env (0) from .env // tip: ◈ secrets for agents [www.dotenvx.com]
2026-08-01 07:56:46: 3. About to listen on 5000
2026-08-01 07:56:50: ◇ injected env (0) from .env // tip: ⌘ multiple files { path: ['.env.local', '.env'] }
2026-08-01 07:56:50: 3. About to listen on 5000
2026-08-01 07:56:53: ◇ injected env (0) from .env // tip: ⌘ custom filepath { path: '/custom/path/.env' }
2026-08-01 07:56:53: 3. About to listen on 5000
2026-08-01 07:56:56: ◇ injected env (0) from .env // tip: ⌘ suppress logs { quiet: true }
2026-08-01 07:56:56: 3. About to listen on 5000
2026-08-01 07:56:59: ◇ injected env (0) from .env // tip: ⌁ auth for agents [www.vestauth.com]
2026-08-01 07:56:59: 3. About to listen on 5000
2026-08-01 07:57:03: ◇ injected env (0) from .env // tip: ⌘ enable debugging { debug: true }
2026-08-01 07:57:03: 3. About to listen on 5000
2026-08-01 07:57:06: ◇ injected env (0) from .env // tip: ⌘ suppress logs { quiet: true }
2026-08-01 07:57:06: 3. About to listen on 5000
2026-08-01 07:57:09: ◇ injected env (0) from .env // tip: ⌘ suppress logs { quiet: true }
2026-08-01 07:57:09: 3. About to listen on 5000
2026-08-01 07:57:12: ◇ injected env (0) from .env // tip: ◈ secrets for agents [www.dotenvx.com]
2026-08-01 07:57:12: 3. About to listen on 5000
2026-08-01 07:57:16: ◇ injected env (0) from .env // tip: ◈ encrypted .env [www.dotenvx.com]
2026-08-01 07:57:16: 3. About to listen on 5000
2026-08-01 07:57:19: ◇ injected env (0) from .env // tip: ⌘ override existing { override: true }
2026-08-01 07:57:19: 3. About to listen on 5000
2026-08-01 07:57:22: ◇ injected env (0) from .env // tip: ⌘ suppress logs { quiet: true }
2026-08-01 07:57:22: 3. About to listen on 5000
2026-08-01 07:57:26: ◇ injected env (0) from .env // tip: ⌘ multiple files { path: ['.env.local', '.env'] }
2026-08-01 07:57:26: 3. About to listen on 5000
2026-08-01 07:57:29: ◇ injected env (0) from .env // tip: ⌘ suppress logs { quiet: true }
2026-08-01 07:57:29: 3. About to listen on 5000
2026-08-01 07:57:32: ◇ injected env (0) from .env // tip: ⌘ override existing { override: true }
2026-08-01 07:57:32: 3. About to listen on 5000
2026-08-01 07:57:35: ◇ injected env (0) from .env // tip: ◈ secrets for agents [www.dotenvx.com]
2026-08-01 07:57:35: 3. About to listen on 5000
2026-08-01 07:57:39: ◇ injected env (0) from .env // tip: ⌘ enable debugging { debug: true }
2026-08-01 07:57:39: 3. About to listen on 5000
2026-08-01 07:57:42: ◇ injected env (0) from .env // tip: ⌘ multiple files { path: ['.env.local', '.env'] }
2026-08-01 07:57:42: 3. About to listen on 5000
2026-08-01 07:57:45: ◇ injected env (0) from .env // tip: ⌘ override existing { override: true }
2026-08-01 07:57:45: 3. About to listen on 5000
2026-08-01 07:57:49: ◇ injected env (0) from .env // tip: ◈ encrypted .env [www.dotenvx.com]
2026-08-01 07:57:49: 3. About to listen on 5000
2026-08-01 07:57:52: ◇ injected env (0) from .env // tip: ⌁ auth for agents [www.vestauth.com]
2026-08-01 07:57:52: 3. About to listen on 5000
2026-08-01 07:57:55: ◇ injected env (0) from .env // tip: ⌁ auth for agents [www.vestauth.com]
2026-08-01 07:57:55: 3. About to listen on 5000
2026-08-01 07:57:58: ◇ injected env (0) from .env // tip: ⌘ multiple files { path: ['.env.local', '.env'] }
2026-08-01 07:57:58: 3. About to listen on 5000
2026-08-01 07:58:02: ◇ injected env (0) from .env // tip: ◈ encrypted .env [www.dotenvx.com]
2026-08-01 07:58:02: 3. About to listen on 5000
2026-08-01 07:58:05: ◇ injected env (0) from .env // tip: ⌘ enable debugging { debug: true }
2026-08-01 07:58:05: 3. About to listen on 5000
2026-08-01 07:58:08: ◇ injected env (0) from .env // tip: ⌘ enable debugging { debug: true }
2026-08-01 07:58:08: 3. About to listen on 5000
2026-08-01 07:58:12: ◇ injected env (0) from .env // tip: ⌘ override existing { override: true }
2026-08-01 07:58:12: 3. About to listen on 5000
2026-08-01 07:58:15: ◇ injected env (0) from .env // tip: ⌘ suppress logs { quiet: true }
2026-08-01 07:58:15: 3. About to listen on 5000
2026-08-01 07:58:18: ◇ injected env (0) from .env // tip: ◈ secrets for agents [www.dotenvx.com]
2026-08-01 07:58:18: 3. About to listen on 5000
2026-08-01 07:58:21: ◇ injected env (0) from .env // tip: ◈ secrets for agents [www.dotenvx.com]
2026-08-01 07:58:21: 3. About to listen on 5000
2026-08-01 07:58:25: ◇ injected env (0) from .env // tip: ◈ encrypted .env [www.dotenvx.com]
2026-08-01 07:58:25: 3. About to listen on 5000
2026-08-01 07:58:28: ◇ injected env (0) from .env // tip: ⌘ enable debugging { debug: true }
2026-08-01 07:58:28: 3. About to listen on 5000
2026-08-01 07:58:31: ◇ injected env (0) from .env // tip: ◈ secrets for agents [www.dotenvx.com]
2026-08-01 07:58:31: 3. About to listen on 5000
2026-08-01 07:58:35: ◇ injected env (0) from .env // tip: ⌁ auth for agents [www.vestauth.com]
2026-08-01 07:58:35: 3. About to listen on 5000
2026-08-01 07:58:38: ◇ injected env (0) from .env // tip: ⌘ suppress logs { quiet: true }
2026-08-01 07:58:38: 3. About to listen on 5000
2026-08-01 07:58:41: ◇ injected env (0) from .env // tip: ◈ secrets for agents [www.dotenvx.com]
2026-08-01 07:58:41: 3. About to listen on 5000
2026-08-01 07:58:44: ◇ injected env (0) from .env // tip: ⌘ multiple files { path: ['.env.local', '.env'] }
2026-08-01 07:58:44: 3. About to listen on 5000
2026-08-01 07:58:48: ◇ injected env (0) from .env // tip: ◈ secrets for agents [www.dotenvx.com]
2026-08-01 07:58:48: 3. About to listen on 5000
2026-08-01 07:58:51: ◇ injected env (0) from .env // tip: ⌘ multiple files { path: ['.env.local', '.env'] }
2026-08-01 07:58:51: 3. About to listen on 5000
2026-08-01 07:58:54: ◇ injected env (0) from .env // tip: ⌘ custom filepath { path: '/custom/path/.env' }
2026-08-01 07:58:54: 3. About to listen on 5000
2026-08-01 07:58:57: ◇ injected env (0) from .env // tip: ◈ encrypted .env [www.dotenvx.com]
2026-08-01 07:58:57: 3. About to listen on 5000
2026-08-01 07:59:01: ◇ injected env (0) from .env // tip: ⌘ override existing { override: true }
2026-08-01 07:59:01: 3. About to listen on 5000
2026-08-01 07:59:04: ◇ injected env (0) from .env // tip: ⌘ multiple files { path: ['.env.local', '.env'] }
2026-08-01 07:59:04: 3. About to listen on 5000
2026-08-01 07:59:07: ◇ injected env (0) from .env // tip: ⌘ multiple files { path: ['.env.local', '.env'] }
2026-08-01 07:59:07: 3. About to listen on 5000
2026-08-01 07:59:11: ◇ injected env (0) from .env // tip: ◈ encrypted .env [www.dotenvx.com]
2026-08-01 07:59:11: 3. About to listen on 5000
2026-08-01 07:59:14: ◇ injected env (0) from .env // tip: ⌘ override existing { override: true }
2026-08-01 07:59:14: 3. About to listen on 5000
2026-08-01 07:59:17: ◇ injected env (0) from .env // tip: ⌘ suppress logs { quiet: true }
2026-08-01 07:59:17: 3. About to listen on 5000
2026-08-01 07:59:20: ◇ injected env (0) from .env // tip: ⌘ custom filepath { path: '/custom/path/.env' }
2026-08-01 07:59:20: 3. About to listen on 5000
2026-08-01 07:59:24: ◇ injected env (0) from .env // tip: ⌘ custom filepath { path: '/custom/path/.env' }
2026-08-01 07:59:24: 3. About to listen on 5000
2026-08-01 07:59:27: ◇ injected env (0) from .env // tip: ⌘ override existing { override: true }
2026-08-01 07:59:27: 3. About to listen on 5000
2026-08-01 07:59:30: ◇ injected env (0) from .env // tip: ⌘ suppress logs { quiet: true }
2026-08-01 07:59:30: 3. About to listen on 5000
2026-08-01 07:59:34: ◇ injected env (0) from .env // tip: ⌁ auth for agents [www.vestauth.com]
2026-08-01 07:59:34: 3. About to listen on 5000
2026-08-01 07:59:37: ◇ injected env (0) from .env // tip: ⌘ enable debugging { debug: true }
2026-08-01 07:59:37: 3. About to listen on 5000
2026-08-01 07:59:40: ◇ injected env (0) from .env // tip: ◈ encrypted .env [www.dotenvx.com]
2026-08-01 07:59:40: 3. About to listen on 5000
2026-08-01 07:59:43: ◇ injected env (0) from .env // tip: ⌘ multiple files { path: ['.env.local', '.env'] }
2026-08-01 07:59:43: 3. About to listen on 5000
2026-08-01 07:59:47: ◇ injected env (0) from .env // tip: ⌘ enable debugging { debug: true }
2026-08-01 07:59:47: 3. About to listen on 5000
2026-08-01 07:59:50: ◇ injected env (0) from .env // tip: ◈ encrypted .env [www.dotenvx.com]
2026-08-01 07:59:50: 3. About to listen on 5000
2026-08-01 07:59:53: ◇ injected env (0) from .env // tip: ◈ encrypted .env [www.dotenvx.com]
2026-08-01 07:59:53: 3. About to listen on 5000
2026-08-01 07:59:57: ◇ injected env (0) from .env // tip: ⌘ multiple files { path: ['.env.local', '.env'] }
2026-08-01 07:59:57: 3. About to listen on 5000
2026-08-01 08:00:00: ◇ injected env (0) from .env // tip: ⌘ custom filepath { path: '/custom/path/.env' }
2026-08-01 08:00:00: 3. About to listen on 5000
2026-08-01 08:00:03: ◇ injected env (0) from .env // tip: ⌘ custom filepath { path: '/custom/path/.env' }
2026-08-01 08:00:03: 3. About to listen on 5000
2026-08-01 08:00:06: ◇ injected env (0) from .env // tip: ⌁ auth for agents [www.vestauth.com]
2026-08-01 08:00:06: 3. About to listen on 5000
2026-08-01 08:00:10: ◇ injected env (0) from .env // tip: ⌘ multiple files { path: ['.env.local', '.env'] }
2026-08-01 08:00:10: 3. About to listen on 5000
2026-08-01 08:00:13: ◇ injected env (0) from .env // tip: ⌘ custom filepath { path: '/custom/path/.env' }
2026-08-01 08:00:13: 3. About to listen on 5000
2026-08-01 08:00:16: ◇ injected env (0) from .env // tip: ⌁ auth for agents [www.vestauth.com]
2026-08-01 08:00:16: 3. About to listen on 5000
2026-08-01 08:00:20: ◇ injected env (0) from .env // tip: ⌘ override existing { override: true }
2026-08-01 08:00:20: 3. About to listen on 5000
2026-08-01 08:00:23: ◇ injected env (0) from .env // tip: ⌘ custom filepath { path: '/custom/path/.env' }
2026-08-01 08:00:23: 3. About to listen on 5000
2026-08-01 08:00:26: ◇ injected env (0) from .env // tip: ⌘ override existing { override: true }
2026-08-01 08:00:26: 3. About to listen on 5000
2026-08-01 08:00:29: ◇ injected env (0) from .env // tip: ⌘ multiple files { path: ['.env.local', '.env'] }
2026-08-01 08:00:29: 3. About to listen on 5000
2026-08-01 08:00:33: ◇ injected env (0) from .env // tip: ⌘ suppress logs { quiet: true }
2026-08-01 08:00:33: 3. About to listen on 5000
2026-08-01 08:00:36: ◇ injected env (0) from .env // tip: ⌘ custom filepath { path: '/custom/path/.env' }
2026-08-01 08:00:36: 3. About to listen on 5000
2026-08-01 08:00:39: ◇ injected env (0) from .env // tip: ⌘ enable debugging { debug: true }
2026-08-01 08:00:39: 3. About to listen on 5000
2026-08-01 08:00:42: ◇ injected env (0) from .env // tip: ◈ secrets for agents [www.dotenvx.com]
2026-08-01 08:00:43: 3. About to listen on 5000
2026-08-01 08:00:46: ◇ injected env (0) from .env // tip: ⌘ override existing { override: true }
2026-08-01 08:00:46: 3. About to listen on 5000
2026-08-01 08:00:49: ◇ injected env (0) from .env // tip: ⌘ suppress logs { quiet: true }
2026-08-01 08:00:49: 3. About to listen on 5000
2026-08-01 08:00:52: ◇ injected env (0) from .env // tip: ⌘ override existing { override: true }
2026-08-01 08:00:52: 3. About to listen on 5000
2026-08-01 08:00:56: ◇ injected env (0) from .env // tip: ◈ encrypted .env [www.dotenvx.com]
2026-08-01 08:00:56: 3. About to listen on 5000
2026-08-01 08:00:59: ◇ injected env (0) from .env // tip: ◈ secrets for agents [www.dotenvx.com]
2026-08-01 08:00:59: 3. About to listen on 5000
2026-08-01 08:01:02: ◇ injected env (0) from .env // tip: ⌘ enable debugging { debug: true }
2026-08-01 08:01:02: 3. About to listen on 5000
2026-08-01 08:01:05: ◇ injected env (0) from .env // tip: ⌁ auth for agents [www.vestauth.com]
2026-08-01 08:01:05: 3. About to listen on 5000
2026-08-01 08:01:09: ◇ injected env (0) from .env // tip: ⌘ enable debugging { debug: true }
2026-08-01 08:01:09: 3. About to listen on 5000
2026-08-01 08:01:12: ◇ injected env (0) from .env // tip: ⌘ suppress logs { quiet: true }
2026-08-01 08:01:12: 3. About to listen on 5000
2026-08-01 08:01:15: ◇ injected env (0) from .env // tip: ⌘ override existing { override: true }
2026-08-01 08:01:15: 3. About to listen on 5000
2026-08-01 08:01:19: ◇ injected env (0) from .env // tip: ⌘ custom filepath { path: '/custom/path/.env' }
2026-08-01 08:01:19: 3. About to listen on 5000
2026-08-01 08:01:22: ◇ injected env (0) from .env // tip: ⌘ multiple files { path: ['.env.local', '.env'] }
2026-08-01 08:01:22: 3. About to listen on 5000
2026-08-01 08:01:25: ◇ injected env (0) from .env // tip: ⌘ custom filepath { path: '/custom/path/.env' }
2026-08-01 08:01:25: 3. About to listen on 5000
2026-08-01 08:01:28: ◇ injected env (0) from .env // tip: ⌘ multiple files { path: ['.env.local', '.env'] }
2026-08-01 08:01:28: 3. About to listen on 5000
2026-08-01 08:01:32: ◇ injected env (0) from .env // tip: ◈ encrypted .env [www.dotenvx.com]
2026-08-01 08:01:32: 3. About to listen on 5000
2026-08-01 08:01:35: ◇ injected env (0) from .env // tip: ◈ encrypted .env [www.dotenvx.com]
2026-08-01 08:01:35: 3. About to listen on 5000
2026-08-01 08:01:38: ◇ injected env (0) from .env // tip: ⌘ multiple files { path: ['.env.local', '.env'] }
2026-08-01 08:01:38: 3. About to listen on 5000
2026-08-01 08:01:42: ◇ injected env (0) from .env // tip: ◈ secrets for agents [www.dotenvx.com]
2026-08-01 08:01:42: 3. About to listen on 5000
2026-08-01 08:01:45: ◇ injected env (0) from .env // tip: ⌘ enable debugging { debug: true }
2026-08-01 08:01:45: 3. About to listen on 5000
2026-08-01 08:01:48: ◇ injected env (0) from .env // tip: ⌘ enable debugging { debug: true }
2026-08-01 08:01:48: 3. About to listen on 5000
2026-08-01 08:01:51: ◇ injected env (0) from .env // tip: ⌘ multiple files { path: ['.env.local', '.env'] }
2026-08-01 08:01:51: 3. About to listen on 5000
2026-08-01 08:01:55: ◇ injected env (0) from .env // tip: ⌘ suppress logs { quiet: true }
2026-08-01 08:01:55: 3. About to listen on 5000
2026-08-01 08:01:58: ◇ injected env (0) from .env // tip: ⌘ custom filepath { path: '/custom/path/.env' }
2026-08-01 08:01:58: 3. About to listen on 5000
2026-08-01 08:02:01: ◇ injected env (0) from .env // tip: ⌘ enable debugging { debug: true }
2026-08-01 08:02:01: 3. About to listen on 5000
2026-08-01 08:02:05: ◇ injected env (0) from .env // tip: ⌘ suppress logs { quiet: true }
2026-08-01 08:02:05: 3. About to listen on 5000
2026-08-01 08:02:08: ◇ injected env (0) from .env // tip: ⌘ custom filepath { path: '/custom/path/.env' }
2026-08-01 08:02:08: 3. About to listen on 5000
2026-08-01 08:02:11: ◇ injected env (0) from .env // tip: ⌘ suppress logs { quiet: true }
2026-08-01 08:02:11: 3. About to listen on 5000
2026-08-01 08:02:14: ◇ injected env (0) from .env // tip: ◈ secrets for agents [www.dotenvx.com]
2026-08-01 08:02:14: 3. About to listen on 5000
2026-08-01 08:02:18: ◇ injected env (0) from .env // tip: ⌁ auth for agents [www.vestauth.com]
2026-08-01 08:02:18: 3. About to listen on 5000
2026-08-01 08:02:21: ◇ injected env (0) from .env // tip: ⌁ auth for agents [www.vestauth.com]
2026-08-01 08:02:21: 3. About to listen on 5000
2026-08-01 08:02:24: ◇ injected env (0) from .env // tip: ⌘ multiple files { path: ['.env.local', '.env'] }
2026-08-01 08:02:24: 3. About to listen on 5000
2026-08-01 08:02:28: ◇ injected env (0) from .env // tip: ⌘ override existing { override: true }
2026-08-01 08:02:28: 3. About to listen on 5000
2026-08-01 08:02:31: ◇ injected env (0) from .env // tip: ◈ encrypted .env [www.dotenvx.com]
2026-08-01 08:02:31: 3. About to listen on 5000
2026-08-01 08:02:34: ◇ injected env (0) from .env // tip: ⌘ enable debugging { debug: true }
2026-08-01 08:02:34: 3. About to listen on 5000
2026-08-01 08:02:37: ◇ injected env (0) from .env // tip: ⌘ custom filepath { path: '/custom/path/.env' }
2026-08-01 08:02:37: 3. About to listen on 5000
2026-08-01 08:02:41: ◇ injected env (0) from .env // tip: ⌘ override existing { override: true }
2026-08-01 08:02:41: 3. About to listen on 5000
2026-08-01 08:02:44: ◇ injected env (0) from .env // tip: ⌘ multiple files { path: ['.env.local', '.env'] }
2026-08-01 08:02:44: 3. About to listen on 5000
2026-08-01 08:02:47: ◇ injected env (0) from .env // tip: ⌘ override existing { override: true }
2026-08-01 08:02:47: 3. About to listen on 5000
2026-08-01 08:02:51: ◇ injected env (0) from .env // tip: ⌁ auth for agents [www.vestauth.com]
2026-08-01 08:02:51: 3. About to listen on 5000
2026-08-01 08:02:54: ◇ injected env (0) from .env // tip: ⌘ override existing { override: true }
2026-08-01 08:02:54: 3. About to listen on 5000
2026-08-01 08:02:57: ◇ injected env (0) from .env // tip: ⌘ enable debugging { debug: true }
2026-08-01 08:02:57: 3. About to listen on 5000
2026-08-01 08:03:00: ◇ injected env (0) from .env // tip: ⌘ custom filepath { path: '/custom/path/.env' }
2026-08-01 08:03:00: 3. About to listen on 5000
2026-08-01 08:03:04: ◇ injected env (0) from .env // tip: ⌘ enable debugging { debug: true }
2026-08-01 08:03:04: 3. About to listen on 5000
2026-08-01 08:03:07: ◇ injected env (0) from .env // tip: ⌘ custom filepath { path: '/custom/path/.env' }
2026-08-01 08:03:07: 3. About to listen on 5000
2026-08-01 08:03:10: ◇ injected env (0) from .env // tip: ◈ encrypted .env [www.dotenvx.com]
2026-08-01 08:03:10: 3. About to listen on 5000
2026-08-01 08:03:14: ◇ injected env (0) from .env // tip: ⌘ custom filepath { path: '/custom/path/.env' }
2026-08-01 08:03:14: 3. About to listen on 5000
2026-08-01 08:03:17: ◇ injected env (0) from .env // tip: ⌘ enable debugging { debug: true }
2026-08-01 08:03:17: 3. About to listen on 5000
2026-08-01 08:03:20: ◇ injected env (0) from .env // tip: ◈ secrets for agents [www.dotenvx.com]
2026-08-01 08:03:20: 3. About to listen on 5000
2026-08-01 08:03:23: ◇ injected env (0) from .env // tip: ⌁ auth for agents [www.vestauth.com]
2026-08-01 08:03:23: 3. About to listen on 5000
2026-08-01 08:03:27: ◇ injected env (0) from .env // tip: ◈ secrets for agents [www.dotenvx.com]
2026-08-01 08:03:27: 3. About to listen on 5000
2026-08-01 08:03:30: ◇ injected env (0) from .env // tip: ⌘ suppress logs { quiet: true }
2026-08-01 08:03:30: 3. About to listen on 5000
2026-08-01 08:03:33: ◇ injected env (0) from .env // tip: ⌁ auth for agents [www.vestauth.com]
2026-08-01 08:03:33: 3. About to listen on 5000
2026-08-01 08:03:36: ◇ injected env (0) from .env // tip: ◈ encrypted .env [www.dotenvx.com]
2026-08-01 08:03:37: 3. About to listen on 5000
2026-08-01 08:03:40: ◇ injected env (0) from .env // tip: ⌘ override existing { override: true }
2026-08-01 08:03:40: 3. About to listen on 5000
2026-08-01 08:03:43: ◇ injected env (0) from .env // tip: ⌁ auth for agents [www.vestauth.com]
2026-08-01 08:03:43: 3. About to listen on 5000
2026-08-01 08:03:46: ◇ injected env (0) from .env // tip: ⌁ auth for agents [www.vestauth.com]
2026-08-01 08:03:46: 3. About to listen on 5000
2026-08-01 08:03:50: ◇ injected env (0) from .env // tip: ⌘ suppress logs { quiet: true }
2026-08-01 08:03:50: 3. About to listen on 5000
2026-08-01 08:03:53: ◇ injected env (0) from .env // tip: ⌁ auth for agents [www.vestauth.com]
2026-08-01 08:03:53: 3. About to listen on 5000
2026-08-01 08:03:56: ◇ injected env (0) from .env // tip: ⌘ suppress logs { quiet: true }
2026-08-01 08:03:56: 3. About to listen on 5000
2026-08-01 08:03:59: ◇ injected env (0) from .env // tip: ⌘ custom filepath { path: '/custom/path/.env' }
2026-08-01 08:03:59: 3. About to listen on 5000
2026-08-01 08:04:03: ◇ injected env (0) from .env // tip: ⌘ suppress logs { quiet: true }
2026-08-01 08:04:03: 3. About to listen on 5000
2026-08-01 08:04:06: ◇ injected env (0) from .env // tip: ⌘ custom filepath { path: '/custom/path/.env' }
2026-08-01 08:04:06: 3. About to listen on 5000
2026-08-01 08:04:09: ◇ injected env (0) from .env // tip: ⌘ suppress logs { quiet: true }
2026-08-01 08:04:09: 3. About to listen on 5000
2026-08-01 08:04:13: ◇ injected env (0) from .env // tip: ⌘ suppress logs { quiet: true }
2026-08-01 08:04:13: 3. About to listen on 5000
2026-08-01 08:04:16: ◇ injected env (0) from .env // tip: ⌘ suppress logs { quiet: true }
2026-08-01 08:04:16: 3. About to listen on 5000
2026-08-01 08:04:19: ◇ injected env (0) from .env // tip: ⌘ multiple files { path: ['.env.local', '.env'] }
2026-08-01 08:04:19: 3. About to listen on 5000
2026-08-01 08:04:22: ◇ injected env (0) from .env // tip: ◈ secrets for agents [www.dotenvx.com]
2026-08-01 08:04:22: 3. About to listen on 5000
2026-08-01 08:04:26: ◇ injected env (0) from .env // tip: ⌘ custom filepath { path: '/custom/path/.env' }
2026-08-01 08:04:26: 3. About to listen on 5000
2026-08-01 08:04:29: ◇ injected env (0) from .env // tip: ⌘ custom filepath { path: '/custom/path/.env' }
2026-08-01 08:04:29: 3. About to listen on 5000
2026-08-01 08:04:32: ◇ injected env (0) from .env // tip: ⌘ suppress logs { quiet: true }
2026-08-01 08:04:32: 3. About to listen on 5000
2026-08-01 08:04:36: ◇ injected env (0) from .env // tip: ⌘ multiple files { path: ['.env.local', '.env'] }
2026-08-01 08:04:36: 3. About to listen on 5000
2026-08-01 08:04:39: ◇ injected env (0) from .env // tip: ⌘ suppress logs { quiet: true }
2026-08-01 08:04:39: 3. About to listen on 5000
2026-08-01 08:04:42: ◇ injected env (0) from .env // tip: ⌁ auth for agents [www.vestauth.com]
2026-08-01 08:04:42: 3. About to listen on 5000
2026-08-01 08:04:45: ◇ injected env (0) from .env // tip: ⌁ auth for agents [www.vestauth.com]
2026-08-01 08:04:45: 3. About to listen on 5000
2026-08-01 08:04:49: ◇ injected env (0) from .env // tip: ⌘ enable debugging { debug: true }
2026-08-01 08:04:49: 3. About to listen on 5000
2026-08-01 08:04:52: ◇ injected env (0) from .env // tip: ◈ encrypted .env [www.dotenvx.com]
2026-08-01 08:04:52: 3. About to listen on 5000
2026-08-01 08:04:55: ◇ injected env (0) from .env // tip: ⌘ custom filepath { path: '/custom/path/.env' }
2026-08-01 08:04:55: 3. About to listen on 5000
2026-08-01 08:04:59: ◇ injected env (0) from .env // tip: ⌘ custom filepath { path: '/custom/path/.env' }
2026-08-01 08:04:59: 3. About to listen on 5000
2026-08-01 08:05:02: ◇ injected env (0) from .env // tip: ◈ secrets for agents [www.dotenvx.com]
2026-08-01 08:05:02: 3. About to listen on 5000
2026-08-01 08:05:05: ◇ injected env (0) from .env // tip: ⌘ custom filepath { path: '/custom/path/.env' }
2026-08-01 08:05:05: 3. About to listen on 5000
2026-08-01 08:05:08: ◇ injected env (0) from .env // tip: ⌘ custom filepath { path: '/custom/path/.env' }
2026-08-01 08:05:08: 3. About to listen on 5000
2026-08-01 08:05:12: ◇ injected env (0) from .env // tip: ⌘ custom filepath { path: '/custom/path/.env' }
2026-08-01 08:05:12: 3. About to listen on 5000
2026-08-01 08:05:15: ◇ injected env (0) from .env // tip: ⌁ auth for agents [www.vestauth.com]
2026-08-01 08:05:15: 3. About to listen on 5000
2026-08-01 08:05:18: ◇ injected env (0) from .env // tip: ◈ encrypted .env [www.dotenvx.com]
2026-08-01 08:05:18: 3. About to listen on 5000
2026-08-01 08:05:22: ◇ injected env (0) from .env // tip: ◈ secrets for agents [www.dotenvx.com]
2026-08-01 08:05:22: 3. About to listen on 5000
2026-08-01 08:05:25: ◇ injected env (0) from .env // tip: ⌘ suppress logs { quiet: true }
2026-08-01 08:05:25: 3. About to listen on 5000
2026-08-01 08:05:28: ◇ injected env (0) from .env // tip: ◈ encrypted .env [www.dotenvx.com]
2026-08-01 08:05:28: 3. About to listen on 5000
2026-08-01 08:05:31: ◇ injected env (0) from .env // tip: ⌘ multiple files { path: ['.env.local', '.env'] }
2026-08-01 08:05:31: 3. About to listen on 5000
2026-08-01 08:05:35: ◇ injected env (0) from .env // tip: ⌘ custom filepath { path: '/custom/path/.env' }
2026-08-01 08:05:35: 3. About to listen on 5000
2026-08-01 08:05:38: ◇ injected env (0) from .env // tip: ◈ encrypted .env [www.dotenvx.com]
2026-08-01 08:05:38: 3. About to listen on 5000
2026-08-01 08:05:41: ◇ injected env (0) from .env // tip: ◈ secrets for agents [www.dotenvx.com]
2026-08-01 08:05:41: 3. About to listen on 5000
2026-08-01 08:05:45: ◇ injected env (0) from .env // tip: ⌘ suppress logs { quiet: true }
2026-08-01 08:05:45: 3. About to listen on 5000
2026-08-01 08:05:48: ◇ injected env (0) from .env // tip: ⌘ custom filepath { path: '/custom/path/.env' }
2026-08-01 08:05:48: 3. About to listen on 5000
2026-08-01 08:05:51: ◇ injected env (0) from .env // tip: ⌘ custom filepath { path: '/custom/path/.env' }
2026-08-01 08:05:51: 3. About to listen on 5000
2026-08-01 08:05:54: ◇ injected env (0) from .env // tip: ⌘ enable debugging { debug: true }
2026-08-01 08:05:54: 3. About to listen on 5000
2026-08-01 08:05:58: ◇ injected env (0) from .env // tip: ⌘ override existing { override: true }
2026-08-01 08:05:58: 3. About to listen on 5000
2026-08-01 08:06:01: ◇ injected env (0) from .env // tip: ⌘ custom filepath { path: '/custom/path/.env' }
2026-08-01 08:06:01: 3. About to listen on 5000
2026-08-01 08:06:04: ◇ injected env (0) from .env // tip: ⌘ custom filepath { path: '/custom/path/.env' }
2026-08-01 08:06:04: 3. About to listen on 5000
2026-08-01 08:06:08: ◇ injected env (0) from .env // tip: ⌘ multiple files { path: ['.env.local', '.env'] }
2026-08-01 08:06:08: 3. About to listen on 5000
2026-08-01 08:06:11: ◇ injected env (0) from .env // tip: ⌘ custom filepath { path: '/custom/path/.env' }
2026-08-01 08:06:11: 3. About to listen on 5000
2026-08-01 08:06:14: ◇ injected env (0) from .env // tip: ⌘ multiple files { path: ['.env.local', '.env'] }
2026-08-01 08:06:14: 3. About to listen on 5000
2026-08-01 08:06:17: ◇ injected env (0) from .env // tip: ⌘ custom filepath { path: '/custom/path/.env' }
2026-08-01 08:06:17: 3. About to listen on 5000
2026-08-01 08:06:21: ◇ injected env (0) from .env // tip: ⌁ auth for agents [www.vestauth.com]
2026-08-01 08:06:21: 3. About to listen on 5000
2026-08-01 08:06:24: ◇ injected env (0) from .env // tip: ⌁ auth for agents [www.vestauth.com]
2026-08-01 08:06:24: 3. About to listen on 5000
2026-08-01 08:06:27: ◇ injected env (0) from .env // tip: ⌁ auth for agents [www.vestauth.com]
2026-08-01 08:06:27: 3. About to listen on 5000
2026-08-01 08:06:30: ◇ injected env (0) from .env // tip: ⌘ suppress logs { quiet: true }
2026-08-01 08:06:31: 3. About to listen on 5000
2026-08-01 08:06:34: ◇ injected env (0) from .env // tip: ◈ encrypted .env [www.dotenvx.com]
2026-08-01 08:06:34: 3. About to listen on 5000
2026-08-01 08:06:37: ◇ injected env (0) from .env // tip: ⌘ custom filepath { path: '/custom/path/.env' }
2026-08-01 08:06:37: 3. About to listen on 5000
2026-08-01 08:06:40: ◇ injected env (0) from .env // tip: ⌘ custom filepath { path: '/custom/path/.env' }
2026-08-01 08:06:40: 3. About to listen on 5000
2026-08-01 08:06:44: ◇ injected env (0) from .env // tip: ⌘ enable debugging { debug: true }
2026-08-01 08:06:44: 3. About to listen on 5000
2026-08-01 08:06:47: ◇ injected env (0) from .env // tip: ◈ secrets for agents [www.dotenvx.com]
2026-08-01 08:06:47: 3. About to listen on 5000
2026-08-01 08:06:50: ◇ injected env (0) from .env // tip: ◈ encrypted .env [www.dotenvx.com]
2026-08-01 08:06:50: 3. About to listen on 5000
2026-08-01 08:06:53: ◇ injected env (0) from .env // tip: ⌘ multiple files { path: ['.env.local', '.env'] }
2026-08-01 08:06:53: 3. About to listen on 5000
2026-08-01 08:06:57: ◇ injected env (0) from .env // tip: ⌘ enable debugging { debug: true }
2026-08-01 08:06:57: 3. About to listen on 5000
2026-08-01 08:07:00: ◇ injected env (0) from .env // tip: ⌘ custom filepath { path: '/custom/path/.env' }
2026-08-01 08:07:00: 3. About to listen on 5000
2026-08-01 08:07:03: ◇ injected env (0) from .env // tip: ⌘ enable debugging { debug: true }
2026-08-01 08:07:03: 3. About to listen on 5000
2026-08-01 08:07:07: ◇ injected env (0) from .env // tip: ⌘ multiple files { path: ['.env.local', '.env'] }
2026-08-01 08:07:07: 3. About to listen on 5000
2026-08-01 08:07:10: ◇ injected env (0) from .env // tip: ⌘ multiple files { path: ['.env.local', '.env'] }
2026-08-01 08:07:10: 3. About to listen on 5000
2026-08-01 08:07:13: ◇ injected env (0) from .env // tip: ⌘ enable debugging { debug: true }
2026-08-01 08:07:13: 3. About to listen on 5000
2026-08-01 08:07:16: ◇ injected env (0) from .env // tip: ⌘ multiple files { path: ['.env.local', '.env'] }
2026-08-01 08:07:16: 3. About to listen on 5000
2026-08-01 08:07:20: ◇ injected env (0) from .env // tip: ⌁ auth for agents [www.vestauth.com]
2026-08-01 08:07:20: 3. About to listen on 5000
2026-08-01 08:07:23: ◇ injected env (0) from .env // tip: ⌘ override existing { override: true }
2026-08-01 08:07:23: 3. About to listen on 5000
2026-08-01 08:07:26: ◇ injected env (0) from .env // tip: ◈ secrets for agents [www.dotenvx.com]
2026-08-01 08:07:26: 3. About to listen on 5000
2026-08-01 08:07:30: ◇ injected env (0) from .env // tip: ⌘ multiple files { path: ['.env.local', '.env'] }
2026-08-01 08:07:30: 3. About to listen on 5000
2026-08-01 08:07:33: ◇ injected env (0) from .env // tip: ⌘ enable debugging { debug: true }
2026-08-01 08:07:33: 3. About to listen on 5000
2026-08-01 08:07:36: ◇ injected env (0) from .env // tip: ⌁ auth for agents [www.vestauth.com]
2026-08-01 08:07:36: 3. About to listen on 5000
2026-08-01 08:07:39: ◇ injected env (0) from .env // tip: ⌘ suppress logs { quiet: true }
2026-08-01 08:07:39: 3. About to listen on 5000
2026-08-01 08:07:43: ◇ injected env (0) from .env // tip: ⌘ override existing { override: true }
2026-08-01 08:07:43: 3. About to listen on 5000
2026-08-01 08:07:46: ◇ injected env (0) from .env // tip: ⌘ multiple files { path: ['.env.local', '.env'] }
2026-08-01 08:07:46: 3. About to listen on 5000
2026-08-01 08:07:49: ◇ injected env (0) from .env // tip: ⌘ enable debugging { debug: true }
2026-08-01 08:07:49: 3. About to listen on 5000
2026-08-01 08:07:53: ◇ injected env (0) from .env // tip: ⌁ auth for agents [www.vestauth.com]
2026-08-01 08:07:53: 3. About to listen on 5000
2026-08-01 08:07:56: ◇ injected env (0) from .env // tip: ⌘ suppress logs { quiet: true }
2026-08-01 08:07:56: 3. About to listen on 5000
2026-08-01 08:07:59: ◇ injected env (0) from .env // tip: ⌘ override existing { override: true }
2026-08-01 08:07:59: 3. About to listen on 5000
2026-08-01 08:08:02: ◇ injected env (0) from .env // tip: ⌘ custom filepath { path: '/custom/path/.env' }
2026-08-01 08:08:02: 3. About to listen on 5000
2026-08-01 08:08:06: ◇ injected env (0) from .env // tip: ⌘ override existing { override: true }
2026-08-01 08:08:06: 3. About to listen on 5000
2026-08-01 08:08:09: ◇ injected env (0) from .env // tip: ⌘ enable debugging { debug: true }
2026-08-01 08:08:09: 3. About to listen on 5000
2026-08-01 08:08:12: ◇ injected env (0) from .env // tip: ⌘ enable debugging { debug: true }
2026-08-01 08:08:12: 3. About to listen on 5000
2026-08-01 08:08:16: ◇ injected env (0) from .env // tip: ◈ secrets for agents [www.dotenvx.com]
2026-08-01 08:08:16: 3. About to listen on 5000
2026-08-01 08:08:19: ◇ injected env (0) from .env // tip: ⌘ enable debugging { debug: true }
2026-08-01 08:08:19: 3. About to listen on 5000
2026-08-01 08:08:22: ◇ injected env (0) from .env // tip: ⌘ enable debugging { debug: true }
2026-08-01 08:08:22: 3. About to listen on 5000
2026-08-01 08:08:25: ◇ injected env (0) from .env // tip: ◈ encrypted .env [www.dotenvx.com]
2026-08-01 08:08:25: 3. About to listen on 5000
2026-08-01 08:08:29: ◇ injected env (0) from .env // tip: ⌘ enable debugging { debug: true }
2026-08-01 08:08:29: 3. About to listen on 5000
2026-08-01 08:08:32: ◇ injected env (0) from .env // tip: ⌘ override existing { override: true }
2026-08-01 08:08:32: 3. About to listen on 5000
2026-08-01 08:08:35: ◇ injected env (0) from .env // tip: ◈ secrets for agents [www.dotenvx.com]
2026-08-01 08:08:35: 3. About to listen on 5000
2026-08-01 08:08:39: ◇ injected env (0) from .env // tip: ⌘ override existing { override: true }
2026-08-01 08:08:39: 3. About to listen on 5000
2026-08-01 08:08:42: ◇ injected env (0) from .env // tip: ⌘ multiple files { path: ['.env.local', '.env'] }
2026-08-01 08:08:42: 3. About to listen on 5000
2026-08-01 08:08:45: ◇ injected env (0) from .env // tip: ⌘ enable debugging { debug: true }
2026-08-01 08:08:45: 3. About to listen on 5000
2026-08-01 08:08:48: ◇ injected env (0) from .env // tip: ⌘ override existing { override: true }
2026-08-01 08:08:48: 3. About to listen on 5000
2026-08-01 08:08:52: ◇ injected env (0) from .env // tip: ⌁ auth for agents [www.vestauth.com]
2026-08-01 08:08:52: 3. About to listen on 5000
2026-08-01 08:08:55: ◇ injected env (0) from .env // tip: ⌘ enable debugging { debug: true }
2026-08-01 08:08:55: 3. About to listen on 5000
2026-08-01 08:08:58: ◇ injected env (0) from .env // tip: ⌘ suppress logs { quiet: true }
2026-08-01 08:08:58: 3. About to listen on 5000
2026-08-01 08:09:02: ◇ injected env (0) from .env // tip: ◈ encrypted .env [www.dotenvx.com]
2026-08-01 08:09:02: 3. About to listen on 5000
2026-08-01 08:09:05: ◇ injected env (0) from .env // tip: ⌁ auth for agents [www.vestauth.com]
2026-08-01 08:09:05: 3. About to listen on 5000
2026-08-01 08:09:08: ◇ injected env (0) from .env // tip: ◈ secrets for agents [www.dotenvx.com]
2026-08-01 08:09:08: 3. About to listen on 5000
2026-08-01 08:09:11: ◇ injected env (0) from .env // tip: ⌘ enable debugging { debug: true }
2026-08-01 08:09:11: 3. About to listen on 5000
2026-08-01 08:09:15: ◇ injected env (0) from .env // tip: ◈ secrets for agents [www.dotenvx.com]
2026-08-01 08:09:15: 3. About to listen on 5000
2026-08-01 08:09:18: ◇ injected env (0) from .env // tip: ⌘ enable debugging { debug: true }
2026-08-01 08:09:18: 3. About to listen on 5000
2026-08-01 08:09:21: ◇ injected env (0) from .env // tip: ◈ secrets for agents [www.dotenvx.com]
2026-08-01 08:09:21: 3. About to listen on 5000
2026-08-01 08:09:24: ◇ injected env (0) from .env // tip: ⌘ multiple files { path: ['.env.local', '.env'] }
2026-08-01 08:09:25: 3. About to listen on 5000
2026-08-01 08:09:28: ◇ injected env (0) from .env // tip: ◈ encrypted .env [www.dotenvx.com]
2026-08-01 08:09:28: 3. About to listen on 5000
2026-08-01 08:09:31: ◇ injected env (0) from .env // tip: ◈ secrets for agents [www.dotenvx.com]
2026-08-01 08:09:31: 3. About to listen on 5000
2026-08-01 08:09:34: ◇ injected env (0) from .env // tip: ⌘ override existing { override: true }
2026-08-01 08:09:34: 3. About to listen on 5000
2026-08-01 08:09:38: ◇ injected env (0) from .env // tip: ⌁ auth for agents [www.vestauth.com]
2026-08-01 08:09:38: 3. About to listen on 5000
2026-08-01 08:09:41: ◇ injected env (0) from .env // tip: ⌘ enable debugging { debug: true }
2026-08-01 08:09:41: 3. About to listen on 5000
2026-08-01 08:09:44: ◇ injected env (0) from .env // tip: ⌘ override existing { override: true }
2026-08-01 08:09:44: 3. About to listen on 5000
2026-08-01 08:09:47: ◇ injected env (0) from .env // tip: ◈ encrypted .env [www.dotenvx.com]
2026-08-01 08:09:48: 3. About to listen on 5000
2026-08-01 08:09:51: ◇ injected env (0) from .env // tip: ◈ secrets for agents [www.dotenvx.com]
2026-08-01 08:09:51: 3. About to listen on 5000
2026-08-01 08:09:54: ◇ injected env (0) from .env // tip: ⌘ override existing { override: true }
2026-08-01 08:09:54: 3. About to listen on 5000
2026-08-01 08:09:57: ◇ injected env (0) from .env // tip: ⌘ suppress logs { quiet: true }
2026-08-01 08:09:57: 3. About to listen on 5000
2026-08-01 08:10:01: ◇ injected env (0) from .env // tip: ⌘ suppress logs { quiet: true }
2026-08-01 08:10:01: 3. About to listen on 5000
2026-08-01 08:10:04: ◇ injected env (0) from .env // tip: ◈ secrets for agents [www.dotenvx.com]
2026-08-01 08:10:04: 3. About to listen on 5000
2026-08-01 08:10:07: ◇ injected env (0) from .env // tip: ◈ encrypted .env [www.dotenvx.com]
2026-08-01 08:10:07: 3. About to listen on 5000
2026-08-01 08:10:10: ◇ injected env (0) from .env // tip: ⌘ suppress logs { quiet: true }
2026-08-01 08:10:11: 3. About to listen on 5000
2026-08-01 08:10:14: ◇ injected env (0) from .env // tip: ◈ secrets for agents [www.dotenvx.com]
2026-08-01 08:10:14: 3. About to listen on 5000
2026-08-01 08:10:17: ◇ injected env (0) from .env // tip: ⌘ multiple files { path: ['.env.local', '.env'] }
2026-08-01 08:10:17: 3. About to listen on 5000
2026-08-01 08:10:20: ◇ injected env (0) from .env // tip: ◈ encrypted .env [www.dotenvx.com]
2026-08-01 08:10:20: 3. About to listen on 5000
2026-08-01 08:10:24: ◇ injected env (0) from .env // tip: ⌁ auth for agents [www.vestauth.com]
2026-08-01 08:10:24: 3. About to listen on 5000
2026-08-01 08:10:27: ◇ injected env (0) from .env // tip: ⌘ multiple files { path: ['.env.local', '.env'] }
2026-08-01 08:10:27: 3. About to listen on 5000
2026-08-01 08:10:30: ◇ injected env (0) from .env // tip: ⌘ override existing { override: true }
2026-08-01 08:10:30: 3. About to listen on 5000
2026-08-01 08:10:33: ◇ injected env (0) from .env // tip: ⌘ multiple files { path: ['.env.local', '.env'] }
2026-08-01 08:10:33: 3. About to listen on 5000
2026-08-01 08:10:37: ◇ injected env (0) from .env // tip: ⌘ custom filepath { path: '/custom/path/.env' }
2026-08-01 08:10:37: 3. About to listen on 5000
2026-08-01 08:10:40: ◇ injected env (0) from .env // tip: ◈ secrets for agents [www.dotenvx.com]
2026-08-01 08:10:40: 3. About to listen on 5000
2026-08-01 08:10:43: ◇ injected env (0) from .env // tip: ⌘ suppress logs { quiet: true }
2026-08-01 08:10:43: 3. About to listen on 5000
2026-08-01 08:10:47: ◇ injected env (0) from .env // tip: ⌘ enable debugging { debug: true }
2026-08-01 08:10:47: 3. About to listen on 5000
2026-08-01 08:10:50: ◇ injected env (0) from .env // tip: ⌁ auth for agents [www.vestauth.com]
2026-08-01 08:10:50: 3. About to listen on 5000
2026-08-01 08:10:53: ◇ injected env (0) from .env // tip: ⌘ override existing { override: true }
2026-08-01 08:10:53: 3. About to listen on 5000
2026-08-01 08:10:56: ◇ injected env (0) from .env // tip: ◈ encrypted .env [www.dotenvx.com]
2026-08-01 08:10:56: 3. About to listen on 5000
2026-08-01 08:11:00: ◇ injected env (0) from .env // tip: ⌘ suppress logs { quiet: true }
2026-08-01 08:11:00: 3. About to listen on 5000
2026-08-01 08:11:03: ◇ injected env (0) from .env // tip: ◈ secrets for agents [www.dotenvx.com]
2026-08-01 08:11:03: 3. About to listen on 5000
2026-08-01 08:11:06: ◇ injected env (0) from .env // tip: ◈ secrets for agents [www.dotenvx.com]
2026-08-01 08:11:06: 3. About to listen on 5000
2026-08-01 08:11:10: ◇ injected env (0) from .env // tip: ⌘ override existing { override: true }
2026-08-01 08:11:10: 3. About to listen on 5000
2026-08-01 08:11:13: ◇ injected env (0) from .env // tip: ◈ encrypted .env [www.dotenvx.com]
2026-08-01 08:11:13: 3. About to listen on 5000
2026-08-01 08:11:16: ◇ injected env (0) from .env // tip: ⌘ multiple files { path: ['.env.local', '.env'] }
2026-08-01 08:11:16: 3. About to listen on 5000
2026-08-01 08:11:19: ◇ injected env (0) from .env // tip: ⌘ custom filepath { path: '/custom/path/.env' }
2026-08-01 08:11:19: 3. About to listen on 5000
2026-08-01 08:11:23: ◇ injected env (0) from .env // tip: ⌁ auth for agents [www.vestauth.com]
2026-08-01 08:11:23: 3. About to listen on 5000
2026-08-01 08:11:26: ◇ injected env (0) from .env // tip: ⌘ enable debugging { debug: true }
2026-08-01 08:11:26: 3. About to listen on 5000
2026-08-01 08:11:29: ◇ injected env (0) from .env // tip: ◈ encrypted .env [www.dotenvx.com]
2026-08-01 08:11:29: 3. About to listen on 5000
2026-08-01 08:11:33: ◇ injected env (0) from .env // tip: ◈ secrets for agents [www.dotenvx.com]
2026-08-01 08:11:33: 3. About to listen on 5000
2026-08-01 08:11:36: ◇ injected env (0) from .env // tip: ⌘ suppress logs { quiet: true }
2026-08-01 08:11:36: 3. About to listen on 5000
2026-08-01 08:11:39: ◇ injected env (0) from .env // tip: ⌘ override existing { override: true }
2026-08-01 08:11:39: 3. About to listen on 5000
2026-08-01 08:11:42: ◇ injected env (0) from .env // tip: ◈ secrets for agents [www.dotenvx.com]
2026-08-01 08:11:42: 3. About to listen on 5000
2026-08-01 08:11:46: ◇ injected env (0) from .env // tip: ⌘ multiple files { path: ['.env.local', '.env'] }
2026-08-01 08:11:46: 3. About to listen on 5000
2026-08-01 08:11:49: ◇ injected env (0) from .env // tip: ⌘ suppress logs { quiet: true }
2026-08-01 08:11:49: 3. About to listen on 5000
2026-08-01 08:11:52: ◇ injected env (0) from .env // tip: ⌘ suppress logs { quiet: true }
2026-08-01 08:11:52: 3. About to listen on 5000
2026-08-01 08:11:55: ◇ injected env (0) from .env // tip: ⌁ auth for agents [www.vestauth.com]
2026-08-01 08:11:55: 3. About to listen on 5000
2026-08-01 08:11:59: ◇ injected env (0) from .env // tip: ◈ encrypted .env [www.dotenvx.com]
2026-08-01 08:11:59: 3. About to listen on 5000
2026-08-01 08:12:02: ◇ injected env (0) from .env // tip: ⌘ override existing { override: true }
2026-08-01 08:12:02: 3. About to listen on 5000
2026-08-01 08:12:05: ◇ injected env (0) from .env // tip: ◈ encrypted .env [www.dotenvx.com]
2026-08-01 08:12:05: 3. About to listen on 5000
2026-08-01 08:12:09: ◇ injected env (0) from .env // tip: ◈ encrypted .env [www.dotenvx.com]
2026-08-01 08:12:09: 3. About to listen on 5000
2026-08-01 08:12:12: ◇ injected env (0) from .env // tip: ⌘ override existing { override: true }
2026-08-01 08:12:12: 3. About to listen on 5000
2026-08-01 08:12:15: ◇ injected env (0) from .env // tip: ⌁ auth for agents [www.vestauth.com]
2026-08-01 08:12:15: 3. About to listen on 5000
2026-08-01 08:12:18: ◇ injected env (0) from .env // tip: ◈ encrypted .env [www.dotenvx.com]
2026-08-01 08:12:18: 3. About to listen on 5000
2026-08-01 08:12:22: ◇ injected env (0) from .env // tip: ◈ encrypted .env [www.dotenvx.com]
2026-08-01 08:12:22: 3. About to listen on 5000
2026-08-01 08:12:25: ◇ injected env (0) from .env // tip: ⌁ auth for agents [www.vestauth.com]
2026-08-01 08:12:25: 3. About to listen on 5000
2026-08-01 08:12:28: ◇ injected env (0) from .env // tip: ⌘ enable debugging { debug: true }
2026-08-01 08:12:28: 3. About to listen on 5000
2026-08-01 08:12:32: ◇ injected env (0) from .env // tip: ⌘ enable debugging { debug: true }
2026-08-01 08:12:32: 3. About to listen on 5000
2026-08-01 08:12:35: ◇ injected env (0) from .env // tip: ⌁ auth for agents [www.vestauth.com]
2026-08-01 08:12:35: 3. About to listen on 5000
2026-08-01 08:12:38: ◇ injected env (0) from .env // tip: ⌘ enable debugging { debug: true }
2026-08-01 08:12:38: 3. About to listen on 5000
2026-08-01 08:12:41: ◇ injected env (0) from .env // tip: ⌘ enable debugging { debug: true }
2026-08-01 08:12:41: 3. About to listen on 5000
2026-08-01 08:12:45: ◇ injected env (0) from .env // tip: ⌁ auth for agents [www.vestauth.com]
2026-08-01 08:12:45: 3. About to listen on 5000
2026-08-01 08:12:48: ◇ injected env (0) from .env // tip: ◈ secrets for agents [www.dotenvx.com]
2026-08-01 08:12:48: 3. About to listen on 5000
2026-08-01 08:12:51: ◇ injected env (0) from .env // tip: ⌘ custom filepath { path: '/custom/path/.env' }
2026-08-01 08:12:51: 3. About to listen on 5000
2026-08-01 08:12:54: ◇ injected env (0) from .env // tip: ◈ encrypted .env [www.dotenvx.com]
2026-08-01 08:12:55: 3. About to listen on 5000
2026-08-01 08:12:58: ◇ injected env (0) from .env // tip: ◈ secrets for agents [www.dotenvx.com]
2026-08-01 08:12:58: 3. About to listen on 5000
2026-08-01 08:13:01: ◇ injected env (0) from .env // tip: ⌘ custom filepath { path: '/custom/path/.env' }
2026-08-01 08:13:01: 3. About to listen on 5000
2026-08-01 08:13:04: ◇ injected env (0) from .env // tip: ⌘ suppress logs { quiet: true }
2026-08-01 08:13:04: 3. About to listen on 5000
2026-08-01 08:13:08: ◇ injected env (0) from .env // tip: ⌘ suppress logs { quiet: true }
2026-08-01 08:13:08: 3. About to listen on 5000
2026-08-01 08:13:11: ◇ injected env (0) from .env // tip: ⌁ auth for agents [www.vestauth.com]
2026-08-01 08:13:11: 3. About to listen on 5000
2026-08-01 08:13:14: ◇ injected env (0) from .env // tip: ◈ secrets for agents [www.dotenvx.com]
2026-08-01 08:13:14: 3. About to listen on 5000
2026-08-01 08:13:18: ◇ injected env (0) from .env // tip: ⌘ custom filepath { path: '/custom/path/.env' }
2026-08-01 08:13:18: 3. About to listen on 5000
2026-08-01 08:13:21: ◇ injected env (0) from .env // tip: ⌘ enable debugging { debug: true }
2026-08-01 08:13:21: 3. About to listen on 5000
2026-08-01 08:13:24: ◇ injected env (0) from .env // tip: ⌘ enable debugging { debug: true }
2026-08-01 08:13:24: 3. About to listen on 5000
2026-08-01 08:13:27: ◇ injected env (0) from .env // tip: ⌘ enable debugging { debug: true }
2026-08-01 08:13:27: 3. About to listen on 5000
2026-08-01 08:13:31: ◇ injected env (0) from .env // tip: ◈ secrets for agents [www.dotenvx.com]
2026-08-01 08:13:31: 3. About to listen on 5000
2026-08-01 08:13:34: ◇ injected env (0) from .env // tip: ⌘ enable debugging { debug: true }
2026-08-01 08:13:34: 3. About to listen on 5000
2026-08-01 08:13:37: ◇ injected env (0) from .env // tip: ⌘ enable debugging { debug: true }
2026-08-01 08:13:37: 3. About to listen on 5000
2026-08-01 08:13:41: ◇ injected env (0) from .env // tip: ⌁ auth for agents [www.vestauth.com]
2026-08-01 08:13:41: 3. About to listen on 5000
2026-08-01 08:13:44: ◇ injected env (0) from .env // tip: ⌘ custom filepath { path: '/custom/path/.env' }
2026-08-01 08:13:44: 3. About to listen on 5000
2026-08-01 08:13:47: ◇ injected env (0) from .env // tip: ⌘ enable debugging { debug: true }
2026-08-01 08:13:47: 3. About to listen on 5000
2026-08-01 08:13:50: ◇ injected env (0) from .env // tip: ⌘ multiple files { path: ['.env.local', '.env'] }
2026-08-01 08:13:50: 3. About to listen on 5000
2026-08-01 08:13:54: ◇ injected env (0) from .env // tip: ⌁ auth for agents [www.vestauth.com]
2026-08-01 08:13:54: 3. About to listen on 5000
2026-08-01 08:13:57: ◇ injected env (0) from .env // tip: ⌘ override existing { override: true }
2026-08-01 08:13:57: 3. About to listen on 5000
2026-08-01 08:14:00: ◇ injected env (0) from .env // tip: ⌘ suppress logs { quiet: true }
2026-08-01 08:14:00: 3. About to listen on 5000
2026-08-01 08:14:04: ◇ injected env (0) from .env // tip: ◈ secrets for agents [www.dotenvx.com]
2026-08-01 08:14:04: 3. About to listen on 5000
2026-08-01 08:14:07: ◇ injected env (0) from .env // tip: ⌘ multiple files { path: ['.env.local', '.env'] }
2026-08-01 08:14:07: 3. About to listen on 5000
2026-08-01 08:14:10: ◇ injected env (0) from .env // tip: ◈ encrypted .env [www.dotenvx.com]
2026-08-01 08:14:10: 3. About to listen on 5000
2026-08-01 08:14:13: ◇ injected env (0) from .env // tip: ⌘ override existing { override: true }
2026-08-01 08:14:13: 3. About to listen on 5000
2026-08-01 08:14:17: ◇ injected env (0) from .env // tip: ⌘ suppress logs { quiet: true }
2026-08-01 08:14:17: 3. About to listen on 5000
2026-08-01 08:14:20: ◇ injected env (0) from .env // tip: ⌘ override existing { override: true }
2026-08-01 08:14:20: 3. About to listen on 5000
2026-08-01 08:14:23: ◇ injected env (0) from .env // tip: ⌘ enable debugging { debug: true }
2026-08-01 08:14:23: 3. About to listen on 5000
2026-08-01 08:14:26: ◇ injected env (0) from .env // tip: ⌘ override existing { override: true }
2026-08-01 08:14:27: 3. About to listen on 5000
2026-08-01 08:14:30: ◇ injected env (0) from .env // tip: ◈ secrets for agents [www.dotenvx.com]
2026-08-01 08:14:30: 3. About to listen on 5000
2026-08-01 08:14:33: ◇ injected env (0) from .env // tip: ⌁ auth for agents [www.vestauth.com]
2026-08-01 08:14:33: 3. About to listen on 5000
2026-08-01 08:14:36: ◇ injected env (0) from .env // tip: ⌘ custom filepath { path: '/custom/path/.env' }
2026-08-01 08:14:36: 3. About to listen on 5000
2026-08-01 08:14:40: ◇ injected env (0) from .env // tip: ⌘ enable debugging { debug: true }
2026-08-01 08:14:40: 3. About to listen on 5000
2026-08-01 08:14:43: ◇ injected env (0) from .env // tip: ◈ secrets for agents [www.dotenvx.com]
2026-08-01 08:14:43: 3. About to listen on 5000
2026-08-01 08:14:46: ◇ injected env (0) from .env // tip: ⌘ multiple files { path: ['.env.local', '.env'] }
2026-08-01 08:14:46: 3. About to listen on 5000
2026-08-01 08:14:49: ◇ injected env (0) from .env // tip: ⌘ multiple files { path: ['.env.local', '.env'] }
2026-08-01 08:14:49: 3. About to listen on 5000
2026-08-01 08:14:53: ◇ injected env (0) from .env // tip: ⌘ suppress logs { quiet: true }
2026-08-01 08:14:53: 3. About to listen on 5000
2026-08-01 08:14:56: ◇ injected env (0) from .env // tip: ◈ secrets for agents [www.dotenvx.com]
2026-08-01 08:14:56: 3. About to listen on 5000
2026-08-01 08:14:59: ◇ injected env (0) from .env // tip: ⌁ auth for agents [www.vestauth.com]
2026-08-01 08:14:59: 3. About to listen on 5000
2026-08-01 08:15:03: ◇ injected env (0) from .env // tip: ⌁ auth for agents [www.vestauth.com]
2026-08-01 08:15:03: 3. About to listen on 5000
2026-08-01 08:15:06: ◇ injected env (0) from .env // tip: ⌘ enable debugging { debug: true }
2026-08-01 08:15:06: 3. About to listen on 5000
2026-08-01 08:15:09: ◇ injected env (0) from .env // tip: ⌘ enable debugging { debug: true }
2026-08-01 08:15:09: 3. About to listen on 5000
2026-08-01 08:15:12: ◇ injected env (0) from .env // tip: ⌘ override existing { override: true }
2026-08-01 08:15:12: 3. About to listen on 5000
2026-08-01 08:15:16: ◇ injected env (0) from .env // tip: ⌘ custom filepath { path: '/custom/path/.env' }
2026-08-01 08:15:16: 3. About to listen on 5000
2026-08-01 08:15:19: ◇ injected env (0) from .env // tip: ⌘ multiple files { path: ['.env.local', '.env'] }
2026-08-01 08:15:19: 3. About to listen on 5000
2026-08-01 08:15:22: ◇ injected env (0) from .env // tip: ◈ encrypted .env [www.dotenvx.com]
2026-08-01 08:15:22: 3. About to listen on 5000
2026-08-01 08:15:26: ◇ injected env (0) from .env // tip: ◈ secrets for agents [www.dotenvx.com]
2026-08-01 08:15:26: 3. About to listen on 5000
2026-08-01 08:15:29: ◇ injected env (0) from .env // tip: ⌘ suppress logs { quiet: true }
2026-08-01 08:15:29: 3. About to listen on 5000
2026-08-01 08:15:32: ◇ injected env (0) from .env // tip: ◈ secrets for agents [www.dotenvx.com]
2026-08-01 08:15:32: 3. About to listen on 5000
2026-08-01 08:15:35: ◇ injected env (0) from .env // tip: ⌁ auth for agents [www.vestauth.com]
2026-08-01 08:15:36: 3. About to listen on 5000
2026-08-01 08:15:39: ◇ injected env (0) from .env // tip: ⌘ multiple files { path: ['.env.local', '.env'] }
2026-08-01 08:15:39: 3. About to listen on 5000
2026-08-01 08:15:42: ◇ injected env (0) from .env // tip: ⌘ enable debugging { debug: true }
2026-08-01 08:15:42: 3. About to listen on 5000
2026-08-01 08:15:45: ◇ injected env (0) from .env // tip: ⌘ suppress logs { quiet: true }
2026-08-01 08:15:45: 3. About to listen on 5000
2026-08-01 08:15:49: ◇ injected env (0) from .env // tip: ◈ encrypted .env [www.dotenvx.com]
2026-08-01 08:15:49: 3. About to listen on 5000
2026-08-01 08:15:52: ◇ injected env (0) from .env // tip: ⌘ custom filepath { path: '/custom/path/.env' }
2026-08-01 08:15:52: 3. About to listen on 5000
2026-08-01 08:15:55: ◇ injected env (0) from .env // tip: ⌘ suppress logs { quiet: true }
2026-08-01 08:15:55: 3. About to listen on 5000
2026-08-01 08:15:58: ◇ injected env (0) from .env // tip: ⌘ enable debugging { debug: true }
2026-08-01 08:15:59: 3. About to listen on 5000
2026-08-01 08:16:02: ◇ injected env (0) from .env // tip: ⌁ auth for agents [www.vestauth.com]
2026-08-01 08:16:02: 3. About to listen on 5000
2026-08-01 08:16:05: ◇ injected env (0) from .env // tip: ◈ encrypted .env [www.dotenvx.com]
2026-08-01 08:16:05: 3. About to listen on 5000
2026-08-01 08:16:08: ◇ injected env (0) from .env // tip: ⌘ override existing { override: true }
2026-08-01 08:16:08: 3. About to listen on 5000
2026-08-01 08:16:12: ◇ injected env (0) from .env // tip: ◈ secrets for agents [www.dotenvx.com]
2026-08-01 08:16:12: 3. About to listen on 5000
2026-08-01 08:16:15: ◇ injected env (0) from .env // tip: ⌘ override existing { override: true }
2026-08-01 08:16:15: 3. About to listen on 5000
2026-08-01 08:16:18: ◇ injected env (0) from .env // tip: ⌘ enable debugging { debug: true }
2026-08-01 08:16:18: 3. About to listen on 5000
2026-08-01 08:16:21: ◇ injected env (0) from .env // tip: ⌘ multiple files { path: ['.env.local', '.env'] }
2026-08-01 08:16:21: 3. About to listen on 5000
2026-08-01 08:16:25: ◇ injected env (0) from .env // tip: ⌘ multiple files { path: ['.env.local', '.env'] }
2026-08-01 08:16:25: 3. About to listen on 5000
2026-08-01 08:16:28: ◇ injected env (0) from .env // tip: ◈ encrypted .env [www.dotenvx.com]
2026-08-01 08:16:28: 3. About to listen on 5000
2026-08-01 08:16:31: ◇ injected env (0) from .env // tip: ⌘ custom filepath { path: '/custom/path/.env' }
2026-08-01 08:16:31: 3. About to listen on 5000
2026-08-01 08:16:35: ◇ injected env (0) from .env // tip: ◈ encrypted .env [www.dotenvx.com]
2026-08-01 08:16:35: 3. About to listen on 5000
2026-08-01 08:16:38: ◇ injected env (0) from .env // tip: ⌘ multiple files { path: ['.env.local', '.env'] }
2026-08-01 08:16:38: 3. About to listen on 5000
2026-08-01 08:16:41: ◇ injected env (0) from .env // tip: ◈ secrets for agents [www.dotenvx.com]
2026-08-01 08:16:41: 3. About to listen on 5000
2026-08-01 08:16:44: ◇ injected env (0) from .env // tip: ⌘ suppress logs { quiet: true }
2026-08-01 08:16:45: 3. About to listen on 5000
2026-08-01 08:16:48: ◇ injected env (0) from .env // tip: ⌁ auth for agents [www.vestauth.com]
2026-08-01 08:16:48: 3. About to listen on 5000
2026-08-01 08:16:51: ◇ injected env (0) from .env // tip: ⌘ enable debugging { debug: true }
2026-08-01 08:16:51: 3. About to listen on 5000
2026-08-01 08:16:54: ◇ injected env (0) from .env // tip: ◈ encrypted .env [www.dotenvx.com]
2026-08-01 08:16:54: 3. About to listen on 5000
2026-08-01 08:16:58: ◇ injected env (0) from .env // tip: ⌁ auth for agents [www.vestauth.com]
2026-08-01 08:16:58: 3. About to listen on 5000
2026-08-01 08:17:01: ◇ injected env (0) from .env // tip: ⌘ suppress logs { quiet: true }
2026-08-01 08:17:01: 3. About to listen on 5000
2026-08-01 08:17:04: ◇ injected env (0) from .env // tip: ⌘ multiple files { path: ['.env.local', '.env'] }
2026-08-01 08:17:04: 3. About to listen on 5000
2026-08-01 08:17:07: ◇ injected env (0) from .env // tip: ⌁ auth for agents [www.vestauth.com]
2026-08-01 08:17:07: 3. About to listen on 5000
2026-08-01 08:17:11: ◇ injected env (0) from .env // tip: ⌘ override existing { override: true }
2026-08-01 08:17:11: 3. About to listen on 5000
2026-08-01 08:17:14: ◇ injected env (0) from .env // tip: ◈ encrypted .env [www.dotenvx.com]
2026-08-01 08:17:14: 3. About to listen on 5000
2026-08-01 08:17:17: ◇ injected env (0) from .env // tip: ◈ secrets for agents [www.dotenvx.com]
2026-08-01 08:17:17: 3. About to listen on 5000
2026-08-01 08:17:21: ◇ injected env (0) from .env // tip: ⌘ multiple files { path: ['.env.local', '.env'] }
2026-08-01 08:17:21: 3. About to listen on 5000
2026-08-01 08:17:24: ◇ injected env (0) from .env // tip: ⌘ override existing { override: true }
2026-08-01 08:17:24: 3. About to listen on 5000
2026-08-01 08:17:27: ◇ injected env (0) from .env // tip: ⌘ custom filepath { path: '/custom/path/.env' }
2026-08-01 08:17:27: 3. About to listen on 5000
2026-08-01 08:17:30: ◇ injected env (0) from .env // tip: ⌘ suppress logs { quiet: true }
2026-08-01 08:17:30: 3. About to listen on 5000
2026-08-01 08:17:34: ◇ injected env (0) from .env // tip: ◈ encrypted .env [www.dotenvx.com]
2026-08-01 08:17:34: 3. About to listen on 5000
2026-08-01 08:17:37: ◇ injected env (0) from .env // tip: ⌘ override existing { override: true }
2026-08-01 08:17:37: 3. About to listen on 5000
2026-08-01 08:17:40: ◇ injected env (0) from .env // tip: ⌘ enable debugging { debug: true }
2026-08-01 08:17:40: 3. About to listen on 5000
2026-08-01 08:17:44: ◇ injected env (0) from .env // tip: ⌁ auth for agents [www.vestauth.com]
2026-08-01 08:17:44: 3. About to listen on 5000
2026-08-01 08:17:47: ◇ injected env (0) from .env // tip: ⌁ auth for agents [www.vestauth.com]
2026-08-01 08:17:47: 3. About to listen on 5000
2026-08-01 08:17:50: ◇ injected env (0) from .env // tip: ⌁ auth for agents [www.vestauth.com]
2026-08-01 08:17:50: 3. About to listen on 5000
2026-08-01 08:17:53: ◇ injected env (0) from .env // tip: ⌘ enable debugging { debug: true }
2026-08-01 08:17:53: 3. About to listen on 5000
2026-08-01 08:17:57: ◇ injected env (0) from .env // tip: ◈ encrypted .env [www.dotenvx.com]
2026-08-01 08:17:57: 3. About to listen on 5000
2026-08-01 08:18:00: ◇ injected env (0) from .env // tip: ◈ encrypted .env [www.dotenvx.com]
2026-08-01 08:18:00: 3. About to listen on 5000
2026-08-01 08:18:03: ◇ injected env (0) from .env // tip: ⌘ suppress logs { quiet: true }
2026-08-01 08:18:03: 3. About to listen on 5000
2026-08-01 08:18:07: ◇ injected env (0) from .env // tip: ⌘ suppress logs { quiet: true }
2026-08-01 08:18:07: 3. About to listen on 5000
2026-08-01 08:18:10: ◇ injected env (0) from .env // tip: ⌘ custom filepath { path: '/custom/path/.env' }
2026-08-01 08:18:10: 3. About to listen on 5000
2026-08-01 08:18:13: ◇ injected env (0) from .env // tip: ⌘ enable debugging { debug: true }
2026-08-01 08:18:13: 3. About to listen on 5000
2026-08-01 08:18:16: ◇ injected env (0) from .env // tip: ⌘ enable debugging { debug: true }
2026-08-01 08:18:16: 3. About to listen on 5000
2026-08-01 08:18:20: ◇ injected env (0) from .env // tip: ⌘ multiple files { path: ['.env.local', '.env'] }
2026-08-01 08:18:20: 3. About to listen on 5000
2026-08-01 08:18:23: ◇ injected env (0) from .env // tip: ⌘ multiple files { path: ['.env.local', '.env'] }
2026-08-01 08:18:23: 3. About to listen on 5000
2026-08-01 08:18:26: ◇ injected env (0) from .env // tip: ⌘ multiple files { path: ['.env.local', '.env'] }
2026-08-01 08:18:26: 3. About to listen on 5000
2026-08-01 08:18:30: ◇ injected env (0) from .env // tip: ⌘ custom filepath { path: '/custom/path/.env' }
2026-08-01 08:18:30: 3. About to listen on 5000
2026-08-01 08:18:33: ◇ injected env (0) from .env // tip: ⌘ override existing { override: true }
2026-08-01 08:18:33: 3. About to listen on 5000
2026-08-01 08:18:36: ◇ injected env (0) from .env // tip: ⌁ auth for agents [www.vestauth.com]
2026-08-01 08:18:36: 3. About to listen on 5000
2026-08-01 08:18:39: ◇ injected env (0) from .env // tip: ⌘ suppress logs { quiet: true }
2026-08-01 08:18:39: 3. About to listen on 5000
2026-08-01 08:18:43: ◇ injected env (0) from .env // tip: ⌁ auth for agents [www.vestauth.com]
2026-08-01 08:18:43: 3. About to listen on 5000
2026-08-01 08:18:46: ◇ injected env (0) from .env // tip: ⌘ enable debugging { debug: true }
2026-08-01 08:18:46: 3. About to listen on 5000
2026-08-01 08:18:49: ◇ injected env (0) from .env // tip: ◈ secrets for agents [www.dotenvx.com]
2026-08-01 08:18:49: 3. About to listen on 5000
2026-08-01 08:18:53: ◇ injected env (0) from .env // tip: ⌘ custom filepath { path: '/custom/path/.env' }
2026-08-01 08:18:53: 3. About to listen on 5000
2026-08-01 08:18:56: ◇ injected env (0) from .env // tip: ⌘ multiple files { path: ['.env.local', '.env'] }
2026-08-01 08:18:56: 3. About to listen on 5000
2026-08-01 08:18:59: ◇ injected env (0) from .env // tip: ⌁ auth for agents [www.vestauth.com]
2026-08-01 08:18:59: 3. About to listen on 5000
2026-08-01 08:19:02: ◇ injected env (0) from .env // tip: ◈ secrets for agents [www.dotenvx.com]
2026-08-01 08:19:02: 3. About to listen on 5000
2026-08-01 08:19:06: ◇ injected env (0) from .env // tip: ⌘ override existing { override: true }
2026-08-01 08:19:06: 3. About to listen on 5000
2026-08-01 08:19:09: ◇ injected env (0) from .env // tip: ⌘ override existing { override: true }
2026-08-01 08:19:09: 3. About to listen on 5000
2026-08-01 08:19:12: ◇ injected env (0) from .env // tip: ⌘ override existing { override: true }
2026-08-01 08:19:12: 3. About to listen on 5000
2026-08-01 08:19:16: ◇ injected env (0) from .env // tip: ⌘ override existing { override: true }
2026-08-01 08:19:16: 3. About to listen on 5000
2026-08-01 08:19:19: ◇ injected env (0) from .env // tip: ◈ encrypted .env [www.dotenvx.com]
2026-08-01 08:19:19: 3. About to listen on 5000
2026-08-01 08:19:22: ◇ injected env (0) from .env // tip: ◈ secrets for agents [www.dotenvx.com]
2026-08-01 08:19:22: 3. About to listen on 5000
2026-08-01 08:19:25: ◇ injected env (0) from .env // tip: ◈ secrets for agents [www.dotenvx.com]
2026-08-01 08:19:25: 3. About to listen on 5000
2026-08-01 08:19:29: ◇ injected env (0) from .env // tip: ⌁ auth for agents [www.vestauth.com]
2026-08-01 08:19:29: 3. About to listen on 5000
2026-08-01 08:19:32: ◇ injected env (0) from .env // tip: ◈ secrets for agents [www.dotenvx.com]
2026-08-01 08:19:32: 3. About to listen on 5000
2026-08-01 08:19:35: ◇ injected env (0) from .env // tip: ⌘ suppress logs { quiet: true }
2026-08-01 08:19:35: 3. About to listen on 5000
2026-08-01 08:19:39: ◇ injected env (0) from .env // tip: ⌘ override existing { override: true }
2026-08-01 08:19:39: 3. About to listen on 5000
2026-08-01 08:19:42: ◇ injected env (0) from .env // tip: ⌁ auth for agents [www.vestauth.com]
2026-08-01 08:19:42: 3. About to listen on 5000
2026-08-01 08:19:45: ◇ injected env (0) from .env // tip: ⌘ override existing { override: true }
2026-08-01 08:19:45: 3. About to listen on 5000
2026-08-01 08:19:48: ◇ injected env (0) from .env // tip: ◈ secrets for agents [www.dotenvx.com]
2026-08-01 08:19:48: 3. About to listen on 5000
2026-08-01 08:19:52: ◇ injected env (0) from .env // tip: ⌘ override existing { override: true }
2026-08-01 08:19:52: 3. About to listen on 5000
2026-08-01 08:19:55: ◇ injected env (0) from .env // tip: ◈ secrets for agents [www.dotenvx.com]
2026-08-01 08:19:55: 3. About to listen on 5000
2026-08-01 08:19:58: ◇ injected env (0) from .env // tip: ⌁ auth for agents [www.vestauth.com]
2026-08-01 08:19:59: 3. About to listen on 5000
2026-08-01 08:20:02: ◇ injected env (0) from .env // tip: ⌁ auth for agents [www.vestauth.com]
2026-08-01 08:20:02: 3. About to listen on 5000
2026-08-01 08:20:05: ◇ injected env (0) from .env // tip: ⌘ override existing { override: true }
2026-08-01 08:20:05: 3. About to listen on 5000
2026-08-01 08:20:08: ◇ injected env (0) from .env // tip: ⌁ auth for agents [www.vestauth.com]
2026-08-01 08:20:08: 3. About to listen on 5000
2026-08-01 08:20:12: ◇ injected env (0) from .env // tip: ◈ encrypted .env [www.dotenvx.com]
2026-08-01 08:20:12: 3. About to listen on 5000
2026-08-01 08:20:15: ◇ injected env (0) from .env // tip: ⌘ override existing { override: true }
2026-08-01 08:20:15: 3. About to listen on 5000
2026-08-01 08:20:18: ◇ injected env (0) from .env // tip: ⌘ custom filepath { path: '/custom/path/.env' }
2026-08-01 08:20:18: 3. About to listen on 5000
2026-08-01 08:20:22: ◇ injected env (0) from .env // tip: ⌘ custom filepath { path: '/custom/path/.env' }
2026-08-01 08:20:22: 3. About to listen on 5000
2026-08-01 08:20:25: ◇ injected env (0) from .env // tip: ⌁ auth for agents [www.vestauth.com]
2026-08-01 08:20:25: 3. About to listen on 5000
2026-08-01 08:20:28: ◇ injected env (0) from .env // tip: ◈ secrets for agents [www.dotenvx.com]
2026-08-01 08:20:28: 3. About to listen on 5000
2026-08-01 08:20:31: ◇ injected env (0) from .env // tip: ⌘ enable debugging { debug: true }
2026-08-01 08:20:31: 3. About to listen on 5000
2026-08-01 08:20:35: ◇ injected env (0) from .env // tip: ⌘ override existing { override: true }
2026-08-01 08:20:35: 3. About to listen on 5000
2026-08-01 08:20:38: ◇ injected env (0) from .env // tip: ⌘ suppress logs { quiet: true }
2026-08-01 08:20:38: 3. About to listen on 5000
2026-08-01 08:20:41: ◇ injected env (0) from .env // tip: ⌘ custom filepath { path: '/custom/path/.env' }
2026-08-01 08:20:41: 3. About to listen on 5000
2026-08-01 08:20:45: ◇ injected env (0) from .env // tip: ⌁ auth for agents [www.vestauth.com]
2026-08-01 08:20:45: 3. About to listen on 5000
2026-08-01 08:20:48: ◇ injected env (0) from .env // tip: ⌘ override existing { override: true }
2026-08-01 08:20:48: 3. About to listen on 5000
2026-08-01 08:20:51: ◇ injected env (0) from .env // tip: ⌘ multiple files { path: ['.env.local', '.env'] }
2026-08-01 08:20:51: 3. About to listen on 5000
2026-08-01 08:20:54: ◇ injected env (0) from .env // tip: ◈ secrets for agents [www.dotenvx.com]
2026-08-01 08:20:55: 3. About to listen on 5000
2026-08-01 08:20:58: ◇ injected env (0) from .env // tip: ⌘ custom filepath { path: '/custom/path/.env' }
2026-08-01 08:20:58: 3. About to listen on 5000
2026-08-01 08:21:01: ◇ injected env (0) from .env // tip: ⌘ suppress logs { quiet: true }
2026-08-01 08:21:01: 3. About to listen on 5000
2026-08-01 08:21:04: ◇ injected env (0) from .env // tip: ⌘ suppress logs { quiet: true }
2026-08-01 08:21:04: 3. About to listen on 5000
2026-08-01 08:21:08: ◇ injected env (0) from .env // tip: ◈ encrypted .env [www.dotenvx.com]
2026-08-01 08:21:08: 3. About to listen on 5000
2026-08-01 08:21:11: ◇ injected env (0) from .env // tip: ⌘ suppress logs { quiet: true }
2026-08-01 08:21:11: 3. About to listen on 5000
2026-08-01 08:21:14: ◇ injected env (0) from .env // tip: ◈ secrets for agents [www.dotenvx.com]
2026-08-01 08:21:14: 3. About to listen on 5000
2026-08-01 08:21:18: ◇ injected env (0) from .env // tip: ⌘ custom filepath { path: '/custom/path/.env' }
2026-08-01 08:21:18: 3. About to listen on 5000
2026-08-01 08:21:21: ◇ injected env (0) from .env // tip: ⌘ custom filepath { path: '/custom/path/.env' }
2026-08-01 08:21:21: 3. About to listen on 5000
2026-08-01 08:21:24: ◇ injected env (0) from .env // tip: ⌘ enable debugging { debug: true }
2026-08-01 08:21:24: 3. About to listen on 5000
2026-08-01 08:21:27: ◇ injected env (0) from .env // tip: ⌘ enable debugging { debug: true }
2026-08-01 08:21:27: 3. About to listen on 5000
2026-08-01 08:21:31: ◇ injected env (0) from .env // tip: ⌘ suppress logs { quiet: true }
2026-08-01 08:21:31: 3. About to listen on 5000
2026-08-01 08:21:34: ◇ injected env (0) from .env // tip: ⌘ multiple files { path: ['.env.local', '.env'] }
2026-08-01 08:21:34: 3. About to listen on 5000
2026-08-01 08:21:37: ◇ injected env (0) from .env // tip: ◈ encrypted .env [www.dotenvx.com]
2026-08-01 08:21:37: 3. About to listen on 5000
2026-08-01 08:21:41: ◇ injected env (0) from .env // tip: ⌘ suppress logs { quiet: true }
2026-08-01 08:21:41: 3. About to listen on 5000
2026-08-01 08:21:44: ◇ injected env (0) from .env // tip: ⌘ multiple files { path: ['.env.local', '.env'] }
2026-08-01 08:21:44: 3. About to listen on 5000
2026-08-01 08:21:47: ◇ injected env (0) from .env // tip: ⌘ multiple files { path: ['.env.local', '.env'] }
2026-08-01 08:21:47: 3. About to listen on 5000
2026-08-01 08:21:51: ◇ injected env (0) from .env // tip: ⌘ override existing { override: true }
2026-08-01 08:21:51: 3. About to listen on 5000
2026-08-01 08:21:54: ◇ injected env (0) from .env // tip: ⌘ multiple files { path: ['.env.local', '.env'] }
2026-08-01 08:21:54: 3. About to listen on 5000
2026-08-01 08:21:57: ◇ injected env (0) from .env // tip: ⌘ override existing { override: true }
2026-08-01 08:21:57: 3. About to listen on 5000
2026-08-01 08:22:01: ◇ injected env (0) from .env // tip: ⌘ override existing { override: true }
2026-08-01 08:22:01: 3. About to listen on 5000
2026-08-01 08:22:04: ◇ injected env (0) from .env // tip: ⌘ multiple files { path: ['.env.local', '.env'] }
2026-08-01 08:22:04: 3. About to listen on 5000
2026-08-01 08:22:07: ◇ injected env (0) from .env // tip: ◈ encrypted .env [www.dotenvx.com]
2026-08-01 08:22:07: 3. About to listen on 5000
2026-08-01 08:22:11: ◇ injected env (0) from .env // tip: ⌁ auth for agents [www.vestauth.com]
2026-08-01 08:22:11: 3. About to listen on 5000
2026-08-01 08:22:14: ◇ injected env (0) from .env // tip: ⌘ override existing { override: true }
2026-08-01 08:22:14: 3. About to listen on 5000
2026-08-01 08:22:17: ◇ injected env (0) from .env // tip: ⌘ multiple files { path: ['.env.local', '.env'] }
2026-08-01 08:22:17: 3. About to listen on 5000
2026-08-01 08:22:21: ◇ injected env (0) from .env // tip: ⌘ suppress logs { quiet: true }
2026-08-01 08:22:21: 3. About to listen on 5000
2026-08-01 08:22:24: ◇ injected env (0) from .env // tip: ⌘ custom filepath { path: '/custom/path/.env' }
2026-08-01 08:22:24: 3. About to listen on 5000
2026-08-01 08:22:27: ◇ injected env (0) from .env // tip: ◈ secrets for agents [www.dotenvx.com]
2026-08-01 08:22:27: 3. About to listen on 5000
2026-08-01 08:22:31: ◇ injected env (0) from .env // tip: ⌘ custom filepath { path: '/custom/path/.env' }
2026-08-01 08:22:31: 3. About to listen on 5000
2026-08-01 08:22:34: ◇ injected env (0) from .env // tip: ⌘ custom filepath { path: '/custom/path/.env' }
2026-08-01 08:22:34: 3. About to listen on 5000
2026-08-01 08:22:37: ◇ injected env (0) from .env // tip: ⌘ custom filepath { path: '/custom/path/.env' }
2026-08-01 08:22:37: 3. About to listen on 5000
2026-08-01 08:22:41: ◇ injected env (0) from .env // tip: ⌘ enable debugging { debug: true }
2026-08-01 08:22:41: 3. About to listen on 5000
2026-08-01 08:22:44: ◇ injected env (0) from .env // tip: ⌘ custom filepath { path: '/custom/path/.env' }
2026-08-01 08:22:44: 3. About to listen on 5000
2026-08-01 08:22:47: ◇ injected env (0) from .env // tip: ◈ encrypted .env [www.dotenvx.com]
2026-08-01 08:22:47: 3. About to listen on 5000
2026-08-01 08:22:51: ◇ injected env (0) from .env // tip: ◈ encrypted .env [www.dotenvx.com]
2026-08-01 08:22:51: 3. About to listen on 5000
2026-08-01 08:22:54: ◇ injected env (0) from .env // tip: ⌘ custom filepath { path: '/custom/path/.env' }
2026-08-01 08:22:54: 3. About to listen on 5000
2026-08-01 08:22:57: ◇ injected env (0) from .env // tip: ⌘ multiple files { path: ['.env.local', '.env'] }
2026-08-01 08:22:57: 3. About to listen on 5000
2026-08-01 08:23:00: ◇ injected env (0) from .env // tip: ⌘ enable debugging { debug: true }
2026-08-01 08:23:01: 3. About to listen on 5000
2026-08-01 08:23:04: ◇ injected env (0) from .env // tip: ⌘ suppress logs { quiet: true }
2026-08-01 08:23:04: 3. About to listen on 5000
2026-08-01 08:23:07: ◇ injected env (0) from .env // tip: ◈ encrypted .env [www.dotenvx.com]
2026-08-01 08:23:07: 3. About to listen on 5000
2026-08-01 08:23:10: ◇ injected env (0) from .env // tip: ⌘ enable debugging { debug: true }
2026-08-01 08:23:10: 3. About to listen on 5000
2026-08-01 08:23:14: ◇ injected env (0) from .env // tip: ⌁ auth for agents [www.vestauth.com]
2026-08-01 08:23:14: 3. About to listen on 5000
2026-08-01 08:23:17: ◇ injected env (0) from .env // tip: ⌘ override existing { override: true }
2026-08-01 08:23:17: 3. About to listen on 5000
2026-08-01 08:23:20: ◇ injected env (0) from .env // tip: ⌁ auth for agents [www.vestauth.com]
2026-08-01 08:23:20: 3. About to listen on 5000
2026-08-01 08:23:24: ◇ injected env (0) from .env // tip: ◈ secrets for agents [www.dotenvx.com]
2026-08-01 08:23:24: 3. About to listen on 5000
2026-08-01 08:23:27: ◇ injected env (0) from .env // tip: ⌘ multiple files { path: ['.env.local', '.env'] }
2026-08-01 08:23:27: 3. About to listen on 5000
2026-08-01 08:23:30: ◇ injected env (0) from .env // tip: ⌘ suppress logs { quiet: true }
2026-08-01 08:23:30: 3. About to listen on 5000
2026-08-01 08:23:33: ◇ injected env (0) from .env // tip: ⌘ multiple files { path: ['.env.local', '.env'] }
2026-08-01 08:23:33: 3. About to listen on 5000
2026-08-01 08:23:37: ◇ injected env (0) from .env // tip: ⌘ enable debugging { debug: true }
2026-08-01 08:23:37: 3. About to listen on 5000
2026-08-01 08:23:40: ◇ injected env (0) from .env // tip: ⌁ auth for agents [www.vestauth.com]
2026-08-01 08:23:40: 3. About to listen on 5000
2026-08-01 08:23:43: ◇ injected env (0) from .env // tip: ⌘ override existing { override: true }
2026-08-01 08:23:43: 3. About to listen on 5000
2026-08-01 08:23:47: ◇ injected env (0) from .env // tip: ⌘ override existing { override: true }
2026-08-01 08:23:47: 3. About to listen on 5000
2026-08-01 08:23:50: ◇ injected env (0) from .env // tip: ◈ secrets for agents [www.dotenvx.com]
2026-08-01 08:23:50: 3. About to listen on 5000
2026-08-01 08:23:53: ◇ injected env (0) from .env // tip: ⌘ custom filepath { path: '/custom/path/.env' }
2026-08-01 08:23:53: 3. About to listen on 5000
2026-08-01 08:23:57: ◇ injected env (0) from .env // tip: ⌘ multiple files { path: ['.env.local', '.env'] }
2026-08-01 08:23:57: 3. About to listen on 5000
2026-08-01 08:24:00: ◇ injected env (0) from .env // tip: ⌁ auth for agents [www.vestauth.com]
2026-08-01 08:24:00: 3. About to listen on 5000
2026-08-01 08:24:03: ◇ injected env (0) from .env // tip: ⌘ enable debugging { debug: true }
2026-08-01 08:24:03: 3. About to listen on 5000
2026-08-01 08:24:07: ◇ injected env (0) from .env // tip: ⌘ suppress logs { quiet: true }
2026-08-01 08:24:07: 3. About to listen on 5000
2026-08-01 08:24:10: ◇ injected env (0) from .env // tip: ◈ secrets for agents [www.dotenvx.com]
2026-08-01 08:24:10: 3. About to listen on 5000
2026-08-01 08:24:13: ◇ injected env (0) from .env // tip: ⌘ custom filepath { path: '/custom/path/.env' }
2026-08-01 08:24:13: 3. About to listen on 5000
2026-08-01 08:24:16: ◇ injected env (0) from .env // tip: ◈ encrypted .env [www.dotenvx.com]
2026-08-01 08:24:16: 3. About to listen on 5000
2026-08-01 08:24:20: ◇ injected env (0) from .env // tip: ◈ secrets for agents [www.dotenvx.com]
2026-08-01 08:24:20: 3. About to listen on 5000
2026-08-01 08:24:23: ◇ injected env (0) from .env // tip: ⌁ auth for agents [www.vestauth.com]
2026-08-01 08:24:23: 3. About to listen on 5000
2026-08-01 08:24:26: ◇ injected env (0) from .env // tip: ⌘ custom filepath { path: '/custom/path/.env' }
2026-08-01 08:24:26: 3. About to listen on 5000
2026-08-01 08:24:30: ◇ injected env (0) from .env // tip: ⌘ enable debugging { debug: true }
2026-08-01 08:24:30: 3. About to listen on 5000
2026-08-01 08:24:33: ◇ injected env (0) from .env // tip: ⌘ enable debugging { debug: true }
2026-08-01 08:24:33: 3. About to listen on 5000
2026-08-01 08:24:36: ◇ injected env (0) from .env // tip: ⌁ auth for agents [www.vestauth.com]
2026-08-01 08:24:36: 3. About to listen on 5000
2026-08-01 08:24:40: ◇ injected env (0) from .env // tip: ⌘ override existing { override: true }
2026-08-01 08:24:40: 3. About to listen on 5000
2026-08-01 08:24:43: ◇ injected env (0) from .env // tip: ⌘ override existing { override: true }
2026-08-01 08:24:43: 3. About to listen on 5000
2026-08-01 08:24:46: ◇ injected env (0) from .env // tip: ◈ encrypted .env [www.dotenvx.com]
2026-08-01 08:24:46: 3. About to listen on 5000
2026-08-01 08:24:50: ◇ injected env (0) from .env // tip: ⌘ enable debugging { debug: true }
2026-08-01 08:24:50: 3. About to listen on 5000
2026-08-01 08:24:53: ◇ injected env (0) from .env // tip: ◈ encrypted .env [www.dotenvx.com]
2026-08-01 08:24:53: 3. About to listen on 5000
2026-08-01 08:24:56: ◇ injected env (0) from .env // tip: ◈ encrypted .env [www.dotenvx.com]
2026-08-01 08:24:56: 3. About to listen on 5000
2026-08-01 08:25:00: ◇ injected env (0) from .env // tip: ⌘ enable debugging { debug: true }
2026-08-01 08:25:00: 3. About to listen on 5000
2026-08-01 08:25:03: ◇ injected env (0) from .env // tip: ⌁ auth for agents [www.vestauth.com]
2026-08-01 08:25:03: 3. About to listen on 5000
2026-08-01 08:25:06: ◇ injected env (0) from .env // tip: ⌘ enable debugging { debug: true }
2026-08-01 08:25:06: 3. About to listen on 5000
2026-08-01 08:25:10: ◇ injected env (0) from .env // tip: ⌁ auth for agents [www.vestauth.com]
2026-08-01 08:25:10: 3. About to listen on 5000
2026-08-01 08:25:13: ◇ injected env (0) from .env // tip: ⌘ suppress logs { quiet: true }
2026-08-01 08:25:13: 3. About to listen on 5000
2026-08-01 08:25:16: ◇ injected env (0) from .env // tip: ⌘ enable debugging { debug: true }
2026-08-01 08:25:16: 3. About to listen on 5000
2026-08-01 08:25:20: ◇ injected env (0) from .env // tip: ◈ secrets for agents [www.dotenvx.com]
2026-08-01 08:25:20: 3. About to listen on 5000
2026-08-01 08:25:23: ◇ injected env (0) from .env // tip: ⌘ custom filepath { path: '/custom/path/.env' }
2026-08-01 08:25:23: 3. About to listen on 5000
2026-08-01 08:25:26: ◇ injected env (0) from .env // tip: ⌘ multiple files { path: ['.env.local', '.env'] }
2026-08-01 08:25:26: 3. About to listen on 5000
2026-08-01 08:25:29: ◇ injected env (0) from .env // tip: ⌘ enable debugging { debug: true }
2026-08-01 08:25:29: 3. About to listen on 5000
2026-08-01 08:25:33: ◇ injected env (0) from .env // tip: ◈ secrets for agents [www.dotenvx.com]
2026-08-01 08:25:33: 3. About to listen on 5000
2026-08-01 08:25:36: ◇ injected env (0) from .env // tip: ⌘ suppress logs { quiet: true }
2026-08-01 08:25:36: 3. About to listen on 5000
2026-08-01 08:25:39: ◇ injected env (0) from .env // tip: ⌘ suppress logs { quiet: true }
2026-08-01 08:25:39: 3. About to listen on 5000
2026-08-01 08:25:43: ◇ injected env (0) from .env // tip: ⌘ override existing { override: true }
2026-08-01 08:25:43: 3. About to listen on 5000
2026-08-01 08:25:46: ◇ injected env (0) from .env // tip: ⌘ override existing { override: true }
2026-08-01 08:25:46: 3. About to listen on 5000
2026-08-01 08:25:49: ◇ injected env (0) from .env // tip: ⌁ auth for agents [www.vestauth.com]
2026-08-01 08:25:49: 3. About to listen on 5000
2026-08-01 08:25:52: ◇ injected env (0) from .env // tip: ⌘ custom filepath { path: '/custom/path/.env' }
2026-08-01 08:25:52: 3. About to listen on 5000
2026-08-01 08:25:56: ◇ injected env (0) from .env // tip: ⌘ suppress logs { quiet: true }
2026-08-01 08:25:56: 3. About to listen on 5000
2026-08-01 08:25:59: ◇ injected env (0) from .env // tip: ◈ encrypted .env [www.dotenvx.com]
2026-08-01 08:25:59: 3. About to listen on 5000
2026-08-01 08:26:02: ◇ injected env (0) from .env // tip: ◈ secrets for agents [www.dotenvx.com]
2026-08-01 08:26:02: 3. About to listen on 5000
2026-08-01 08:26:06: ◇ injected env (0) from .env // tip: ⌘ suppress logs { quiet: true }
2026-08-01 08:26:06: 3. About to listen on 5000
2026-08-01 08:26:09: ◇ injected env (0) from .env // tip: ⌘ custom filepath { path: '/custom/path/.env' }
2026-08-01 08:26:09: 3. About to listen on 5000
2026-08-01 08:26:12: ◇ injected env (0) from .env // tip: ⌁ auth for agents [www.vestauth.com]
2026-08-01 08:26:12: 3. About to listen on 5000
2026-08-01 08:26:15: ◇ injected env (0) from .env // tip: ◈ encrypted .env [www.dotenvx.com]
2026-08-01 08:26:15: 3. About to listen on 5000
2026-08-01 08:26:19: ◇ injected env (0) from .env // tip: ◈ encrypted .env [www.dotenvx.com]
2026-08-01 08:26:19: 3. About to listen on 5000
2026-08-01 08:26:22: ◇ injected env (0) from .env // tip: ⌘ suppress logs { quiet: true }
2026-08-01 08:26:22: 3. About to listen on 5000
2026-08-01 08:26:25: ◇ injected env (0) from .env // tip: ⌘ custom filepath { path: '/custom/path/.env' }
2026-08-01 08:26:25: 3. About to listen on 5000
2026-08-01 08:26:29: ◇ injected env (0) from .env // tip: ⌘ suppress logs { quiet: true }
2026-08-01 08:26:29: 3. About to listen on 5000
2026-08-01 08:26:32: ◇ injected env (0) from .env // tip: ⌘ suppress logs { quiet: true }
2026-08-01 08:26:32: 3. About to listen on 5000
2026-08-01 08:26:35: ◇ injected env (0) from .env // tip: ⌘ override existing { override: true }
2026-08-01 08:26:35: 3. About to listen on 5000
2026-08-01 08:26:38: ◇ injected env (0) from .env // tip: ⌘ multiple files { path: ['.env.local', '.env'] }
2026-08-01 08:26:39: 3. About to listen on 5000
2026-08-01 08:26:42: ◇ injected env (0) from .env // tip: ⌘ enable debugging { debug: true }
2026-08-01 08:26:42: 3. About to listen on 5000
2026-08-01 08:26:45: ◇ injected env (0) from .env // tip: ◈ encrypted .env [www.dotenvx.com]
2026-08-01 08:26:45: 3. About to listen on 5000
2026-08-01 08:26:48: ◇ injected env (0) from .env // tip: ⌘ custom filepath { path: '/custom/path/.env' }
2026-08-01 08:26:48: 3. About to listen on 5000
2026-08-01 08:26:52: ◇ injected env (0) from .env // tip: ◈ secrets for agents [www.dotenvx.com]
2026-08-01 08:26:52: 3. About to listen on 5000
2026-08-01 08:26:55: ◇ injected env (0) from .env // tip: ⌘ enable debugging { debug: true }
2026-08-01 08:26:55: 3. About to listen on 5000
2026-08-01 08:26:58: ◇ injected env (0) from .env // tip: ⌘ multiple files { path: ['.env.local', '.env'] }
2026-08-01 08:26:58: 3. About to listen on 5000
2026-08-01 08:27:02: ◇ injected env (0) from .env // tip: ⌘ suppress logs { quiet: true }
2026-08-01 08:27:02: 3. About to listen on 5000
2026-08-01 08:27:05: ◇ injected env (0) from .env // tip: ◈ secrets for agents [www.dotenvx.com]
2026-08-01 08:27:05: 3. About to listen on 5000
2026-08-01 08:27:08: ◇ injected env (0) from .env // tip: ⌘ override existing { override: true }
2026-08-01 08:27:08: 3. About to listen on 5000
2026-08-01 08:27:11: ◇ injected env (0) from .env // tip: ◈ encrypted .env [www.dotenvx.com]
2026-08-01 08:27:11: 3. About to listen on 5000
2026-08-01 08:27:15: ◇ injected env (0) from .env // tip: ⌘ override existing { override: true }
2026-08-01 08:27:15: 3. About to listen on 5000
2026-08-01 08:27:18: ◇ injected env (0) from .env // tip: ⌘ custom filepath { path: '/custom/path/.env' }
2026-08-01 08:27:18: 3. About to listen on 5000
2026-08-01 08:27:21: ◇ injected env (0) from .env // tip: ⌘ suppress logs { quiet: true }
2026-08-01 08:27:21: 3. About to listen on 5000
2026-08-01 08:27:25: ◇ injected env (0) from .env // tip: ⌁ auth for agents [www.vestauth.com]
2026-08-01 08:27:25: 3. About to listen on 5000
2026-08-01 08:27:28: ◇ injected env (0) from .env // tip: ⌘ suppress logs { quiet: true }
2026-08-01 08:27:28: 3. About to listen on 5000
2026-08-01 08:27:31: ◇ injected env (0) from .env // tip: ◈ secrets for agents [www.dotenvx.com]
2026-08-01 08:27:31: 3. About to listen on 5000
2026-08-01 08:27:34: ◇ injected env (0) from .env // tip: ⌁ auth for agents [www.vestauth.com]
2026-08-01 08:27:34: 3. About to listen on 5000
2026-08-01 08:27:38: ◇ injected env (0) from .env // tip: ⌘ enable debugging { debug: true }
2026-08-01 08:27:38: 3. About to listen on 5000
2026-08-01 08:27:41: ◇ injected env (0) from .env // tip: ⌘ multiple files { path: ['.env.local', '.env'] }
2026-08-01 08:27:41: 3. About to listen on 5000
2026-08-01 08:27:44: ◇ injected env (0) from .env // tip: ◈ secrets for agents [www.dotenvx.com]
2026-08-01 08:27:44: 3. About to listen on 5000
2026-08-01 08:27:48: ◇ injected env (0) from .env // tip: ⌘ enable debugging { debug: true }
2026-08-01 08:27:48: 3. About to listen on 5000
2026-08-01 08:27:51: ◇ injected env (0) from .env // tip: ⌘ multiple files { path: ['.env.local', '.env'] }
2026-08-01 08:27:51: 3. About to listen on 5000
2026-08-01 08:27:54: ◇ injected env (0) from .env // tip: ◈ encrypted .env [www.dotenvx.com]
2026-08-01 08:27:54: 3. About to listen on 5000
2026-08-01 08:27:57: ◇ injected env (0) from .env // tip: ⌘ multiple files { path: ['.env.local', '.env'] }
2026-08-01 08:27:57: 3. About to listen on 5000
2026-08-01 08:28:01: ◇ injected env (0) from .env // tip: ⌘ enable debugging { debug: true }
2026-08-01 08:28:01: 3. About to listen on 5000
2026-08-01 08:28:04: ◇ injected env (0) from .env // tip: ⌁ auth for agents [www.vestauth.com]
2026-08-01 08:28:04: 3. About to listen on 5000
2026-08-01 08:28:07: ◇ injected env (0) from .env // tip: ◈ secrets for agents [www.dotenvx.com]
2026-08-01 08:28:07: 3. About to listen on 5000
2026-08-01 08:28:11: ◇ injected env (0) from .env // tip: ◈ encrypted .env [www.dotenvx.com]
2026-08-01 08:28:11: 3. About to listen on 5000
2026-08-01 08:28:14: ◇ injected env (0) from .env // tip: ⌘ suppress logs { quiet: true }
2026-08-01 08:28:14: 3. About to listen on 5000
2026-08-01 08:28:17: ◇ injected env (0) from .env // tip: ⌁ auth for agents [www.vestauth.com]
2026-08-01 08:28:17: 3. About to listen on 5000
2026-08-01 08:28:20: ◇ injected env (0) from .env // tip: ⌘ custom filepath { path: '/custom/path/.env' }
2026-08-01 08:28:20: 3. About to listen on 5000
2026-08-01 08:28:24: ◇ injected env (0) from .env // tip: ⌁ auth for agents [www.vestauth.com]
2026-08-01 08:28:24: 3. About to listen on 5000
2026-08-01 08:28:27: ◇ injected env (0) from .env // tip: ◈ secrets for agents [www.dotenvx.com]
2026-08-01 08:28:27: 3. About to listen on 5000
2026-08-01 08:28:30: ◇ injected env (0) from .env // tip: ⌘ override existing { override: true }
2026-08-01 08:28:30: 3. About to listen on 5000
2026-08-01 08:28:34: ◇ injected env (0) from .env // tip: ⌘ custom filepath { path: '/custom/path/.env' }
2026-08-01 08:28:34: 3. About to listen on 5000
2026-08-01 08:28:37: ◇ injected env (0) from .env // tip: ⌘ multiple files { path: ['.env.local', '.env'] }
2026-08-01 08:28:37: 3. About to listen on 5000
2026-08-01 08:28:40: ◇ injected env (0) from .env // tip: ⌘ multiple files { path: ['.env.local', '.env'] }
2026-08-01 08:28:40: 3. About to listen on 5000
2026-08-01 08:28:43: ◇ injected env (0) from .env // tip: ⌘ custom filepath { path: '/custom/path/.env' }
2026-08-01 08:28:43: 3. About to listen on 5000
2026-08-01 08:28:47: ◇ injected env (0) from .env // tip: ⌘ multiple files { path: ['.env.local', '.env'] }
2026-08-01 08:28:47: 3. About to listen on 5000
2026-08-01 08:28:50: ◇ injected env (0) from .env // tip: ⌘ multiple files { path: ['.env.local', '.env'] }
2026-08-01 08:28:50: 3. About to listen on 5000
2026-08-01 08:28:53: ◇ injected env (0) from .env // tip: ◈ encrypted .env [www.dotenvx.com]
2026-08-01 08:28:53: 3. About to listen on 5000
2026-08-01 08:28:57: ◇ injected env (0) from .env // tip: ⌘ enable debugging { debug: true }
2026-08-01 08:28:57: 3. About to listen on 5000
2026-08-01 08:29:00: ◇ injected env (0) from .env // tip: ⌘ custom filepath { path: '/custom/path/.env' }
2026-08-01 08:29:00: 3. About to listen on 5000
2026-08-01 08:29:03: ◇ injected env (0) from .env // tip: ⌘ enable debugging { debug: true }
2026-08-01 08:29:03: 3. About to listen on 5000
2026-08-01 08:29:06: ◇ injected env (0) from .env // tip: ⌘ enable debugging { debug: true }
2026-08-01 08:29:06: 3. About to listen on 5000
2026-08-01 08:29:10: ◇ injected env (0) from .env // tip: ◈ encrypted .env [www.dotenvx.com]
2026-08-01 08:29:10: 3. About to listen on 5000
2026-08-01 08:29:13: ◇ injected env (0) from .env // tip: ⌘ suppress logs { quiet: true }
2026-08-01 08:29:13: 3. About to listen on 5000
2026-08-01 08:29:16: ◇ injected env (0) from .env // tip: ◈ secrets for agents [www.dotenvx.com]
2026-08-01 08:29:16: 3. About to listen on 5000
2026-08-01 08:29:20: ◇ injected env (0) from .env // tip: ⌘ enable debugging { debug: true }
2026-08-01 08:29:20: 3. About to listen on 5000
2026-08-01 08:29:23: ◇ injected env (0) from .env // tip: ◈ encrypted .env [www.dotenvx.com]
2026-08-01 08:29:23: 3. About to listen on 5000
2026-08-01 08:29:26: ◇ injected env (0) from .env // tip: ⌘ suppress logs { quiet: true }
2026-08-01 08:29:26: 3. About to listen on 5000
2026-08-01 08:29:29: ◇ injected env (0) from .env // tip: ⌘ enable debugging { debug: true }
2026-08-01 08:29:29: 3. About to listen on 5000
2026-08-01 08:29:33: ◇ injected env (0) from .env // tip: ⌘ custom filepath { path: '/custom/path/.env' }
2026-08-01 08:29:33: 3. About to listen on 5000
2026-08-01 08:29:36: ◇ injected env (0) from .env // tip: ⌘ multiple files { path: ['.env.local', '.env'] }
2026-08-01 08:29:36: 3. About to listen on 5000
2026-08-01 08:29:39: ◇ injected env (0) from .env // tip: ◈ secrets for agents [www.dotenvx.com]
2026-08-01 08:29:39: 3. About to listen on 5000
2026-08-01 08:29:43: ◇ injected env (0) from .env // tip: ⌘ override existing { override: true }
2026-08-01 08:29:43: 3. About to listen on 5000
2026-08-01 08:29:46: ◇ injected env (0) from .env // tip: ⌘ custom filepath { path: '/custom/path/.env' }
2026-08-01 08:29:46: 3. About to listen on 5000
2026-08-01 08:29:49: ◇ injected env (0) from .env // tip: ⌘ override existing { override: true }
2026-08-01 08:29:49: 3. About to listen on 5000
2026-08-01 08:29:53: ◇ injected env (0) from .env // tip: ⌘ multiple files { path: ['.env.local', '.env'] }
2026-08-01 08:29:53: 3. About to listen on 5000
2026-08-01 08:29:56: ◇ injected env (0) from .env // tip: ◈ secrets for agents [www.dotenvx.com]
2026-08-01 08:29:56: 3. About to listen on 5000
2026-08-01 08:29:59: ◇ injected env (0) from .env // tip: ⌘ suppress logs { quiet: true }
2026-08-01 08:29:59: 3. About to listen on 5000
2026-08-01 08:30:02: ◇ injected env (0) from .env // tip: ⌘ custom filepath { path: '/custom/path/.env' }
2026-08-01 08:30:02: 3. About to listen on 5000
2026-08-01 08:30:06: ◇ injected env (0) from .env // tip: ⌘ enable debugging { debug: true }
2026-08-01 08:30:06: 3. About to listen on 5000
2026-08-01 08:30:09: ◇ injected env (0) from .env // tip: ◈ secrets for agents [www.dotenvx.com]
2026-08-01 08:30:09: 3. About to listen on 5000
2026-08-01 08:30:12: ◇ injected env (0) from .env // tip: ⌘ suppress logs { quiet: true }
2026-08-01 08:30:12: 3. About to listen on 5000
2026-08-01 08:30:16: ◇ injected env (0) from .env // tip: ⌘ multiple files { path: ['.env.local', '.env'] }
2026-08-01 08:30:16: 3. About to listen on 5000
2026-08-01 08:30:19: ◇ injected env (0) from .env // tip: ⌘ enable debugging { debug: true }
2026-08-01 08:30:19: 3. About to listen on 5000
2026-08-01 08:30:22: ◇ injected env (0) from .env // tip: ⌘ multiple files { path: ['.env.local', '.env'] }
2026-08-01 08:30:22: 3. About to listen on 5000
2026-08-01 08:30:25: ◇ injected env (0) from .env // tip: ◈ secrets for agents [www.dotenvx.com]
2026-08-01 08:30:25: 3. About to listen on 5000
2026-08-01 08:30:29: ◇ injected env (0) from .env // tip: ◈ secrets for agents [www.dotenvx.com]
2026-08-01 08:30:29: 3. About to listen on 5000
2026-08-01 08:30:32: ◇ injected env (0) from .env // tip: ⌁ auth for agents [www.vestauth.com]
2026-08-01 08:30:32: 3. About to listen on 5000
2026-08-01 08:30:35: ◇ injected env (0) from .env // tip: ⌘ multiple files { path: ['.env.local', '.env'] }
2026-08-01 08:30:35: 3. About to listen on 5000
2026-08-01 08:30:39: ◇ injected env (0) from .env // tip: ⌘ custom filepath { path: '/custom/path/.env' }
2026-08-01 08:30:39: 3. About to listen on 5000
2026-08-01 08:30:42: ◇ injected env (0) from .env // tip: ⌁ auth for agents [www.vestauth.com]
2026-08-01 08:30:42: 3. About to listen on 5000
2026-08-01 08:30:45: ◇ injected env (0) from .env // tip: ⌘ enable debugging { debug: true }
2026-08-01 08:30:45: 3. About to listen on 5000
2026-08-01 08:30:48: ◇ injected env (0) from .env // tip: ⌁ auth for agents [www.vestauth.com]
2026-08-01 08:30:48: 3. About to listen on 5000
2026-08-01 08:30:52: ◇ injected env (0) from .env // tip: ◈ encrypted .env [www.dotenvx.com]
2026-08-01 08:30:52: 3. About to listen on 5000
2026-08-01 08:30:55: ◇ injected env (0) from .env // tip: ⌘ suppress logs { quiet: true }
2026-08-01 08:30:55: 3. About to listen on 5000
2026-08-01 08:30:58: ◇ injected env (0) from .env // tip: ⌘ multiple files { path: ['.env.local', '.env'] }
2026-08-01 08:30:58: 3. About to listen on 5000
2026-08-01 08:31:02: ◇ injected env (0) from .env // tip: ⌘ custom filepath { path: '/custom/path/.env' }
2026-08-01 08:31:02: 3. About to listen on 5000
2026-08-01 08:31:05: ◇ injected env (0) from .env // tip: ⌁ auth for agents [www.vestauth.com]
2026-08-01 08:31:05: 3. About to listen on 5000
2026-08-01 08:31:08: ◇ injected env (0) from .env // tip: ◈ secrets for agents [www.dotenvx.com]
2026-08-01 08:31:08: 3. About to listen on 5000
2026-08-01 08:31:11: ◇ injected env (0) from .env // tip: ⌁ auth for agents [www.vestauth.com]
2026-08-01 08:31:11: 3. About to listen on 5000
2026-08-01 08:31:15: ◇ injected env (0) from .env // tip: ⌘ multiple files { path: ['.env.local', '.env'] }
2026-08-01 08:31:15: 3. About to listen on 5000
2026-08-01 08:31:18: ◇ injected env (0) from .env // tip: ⌘ multiple files { path: ['.env.local', '.env'] }
2026-08-01 08:31:18: 3. About to listen on 5000
2026-08-01 08:31:21: ◇ injected env (0) from .env // tip: ⌁ auth for agents [www.vestauth.com]
2026-08-01 08:31:21: 3. About to listen on 5000
2026-08-01 08:31:25: ◇ injected env (0) from .env // tip: ⌘ enable debugging { debug: true }
2026-08-01 08:31:25: 3. About to listen on 5000
2026-08-01 08:31:28: ◇ injected env (0) from .env // tip: ⌁ auth for agents [www.vestauth.com]
2026-08-01 08:31:28: 3. About to listen on 5000
2026-08-01 08:31:31: ◇ injected env (0) from .env // tip: ⌘ custom filepath { path: '/custom/path/.env' }
2026-08-01 08:31:31: 3. About to listen on 5000
2026-08-01 08:31:34: ◇ injected env (0) from .env // tip: ◈ secrets for agents [www.dotenvx.com]
2026-08-01 08:31:34: 3. About to listen on 5000
2026-08-01 08:31:38: ◇ injected env (0) from .env // tip: ⌘ multiple files { path: ['.env.local', '.env'] }
2026-08-01 08:31:38: 3. About to listen on 5000
2026-08-01 08:31:41: ◇ injected env (0) from .env // tip: ⌁ auth for agents [www.vestauth.com]
2026-08-01 08:31:41: 3. About to listen on 5000
2026-08-01 08:31:44: ◇ injected env (0) from .env // tip: ⌘ suppress logs { quiet: true }
2026-08-01 08:31:44: 3. About to listen on 5000
2026-08-01 08:31:48: ◇ injected env (0) from .env // tip: ⌘ multiple files { path: ['.env.local', '.env'] }
2026-08-01 08:31:48: 3. About to listen on 5000
2026-08-01 08:31:51: ◇ injected env (0) from .env // tip: ⌘ multiple files { path: ['.env.local', '.env'] }
2026-08-01 08:31:51: 3. About to listen on 5000
2026-08-01 08:31:54: ◇ injected env (0) from .env // tip: ⌘ override existing { override: true }
2026-08-01 08:31:54: 3. About to listen on 5000
2026-08-01 08:31:57: ◇ injected env (0) from .env // tip: ⌁ auth for agents [www.vestauth.com]
2026-08-01 08:31:57: 3. About to listen on 5000
2026-08-01 08:32:01: ◇ injected env (0) from .env // tip: ⌘ override existing { override: true }
2026-08-01 08:32:01: 3. About to listen on 5000
2026-08-01 08:32:04: ◇ injected env (0) from .env // tip: ⌘ enable debugging { debug: true }
2026-08-01 08:32:04: 3. About to listen on 5000
2026-08-01 08:32:07: ◇ injected env (0) from .env // tip: ⌁ auth for agents [www.vestauth.com]
2026-08-01 08:32:07: 3. About to listen on 5000
2026-08-01 08:32:11: ◇ injected env (0) from .env // tip: ◈ encrypted .env [www.dotenvx.com]
2026-08-01 08:32:11: 3. About to listen on 5000
2026-08-01 08:32:14: ◇ injected env (0) from .env // tip: ⌘ multiple files { path: ['.env.local', '.env'] }
2026-08-01 08:32:14: 3. About to listen on 5000
2026-08-01 08:32:17: ◇ injected env (0) from .env // tip: ⌘ custom filepath { path: '/custom/path/.env' }
2026-08-01 08:32:17: 3. About to listen on 5000
2026-08-01 08:32:21: ◇ injected env (0) from .env // tip: ⌘ custom filepath { path: '/custom/path/.env' }
2026-08-01 08:32:21: 3. About to listen on 5000
2026-08-01 08:32:24: ◇ injected env (0) from .env // tip: ⌘ custom filepath { path: '/custom/path/.env' }
2026-08-01 08:32:24: 3. About to listen on 5000
2026-08-01 08:32:27: ◇ injected env (0) from .env // tip: ⌘ multiple files { path: ['.env.local', '.env'] }
2026-08-01 08:32:27: 3. About to listen on 5000
2026-08-01 08:32:30: ◇ injected env (0) from .env // tip: ⌁ auth for agents [www.vestauth.com]
2026-08-01 08:32:30: 3. About to listen on 5000
2026-08-01 08:32:34: ◇ injected env (0) from .env // tip: ⌘ suppress logs { quiet: true }
2026-08-01 08:32:34: 3. About to listen on 5000
2026-08-01 08:32:37: ◇ injected env (0) from .env // tip: ◈ encrypted .env [www.dotenvx.com]
2026-08-01 08:32:37: 3. About to listen on 5000
2026-08-01 08:32:40: ◇ injected env (0) from .env // tip: ⌁ auth for agents [www.vestauth.com]
2026-08-01 08:32:40: 3. About to listen on 5000
2026-08-01 08:32:44: ◇ injected env (0) from .env // tip: ⌘ override existing { override: true }
2026-08-01 08:32:44: 3. About to listen on 5000
2026-08-01 08:32:47: ◇ injected env (0) from .env // tip: ⌘ enable debugging { debug: true }
2026-08-01 08:32:47: 3. About to listen on 5000
2026-08-01 08:32:50: ◇ injected env (0) from .env // tip: ⌘ override existing { override: true }
2026-08-01 08:32:50: 3. About to listen on 5000
2026-08-01 08:32:53: ◇ injected env (0) from .env // tip: ⌘ custom filepath { path: '/custom/path/.env' }
2026-08-01 08:32:53: 3. About to listen on 5000
2026-08-01 08:32:57: ◇ injected env (0) from .env // tip: ⌘ override existing { override: true }
2026-08-01 08:32:57: 3. About to listen on 5000
2026-08-01 08:33:00: ◇ injected env (0) from .env // tip: ⌘ override existing { override: true }
2026-08-01 08:33:00: 3. About to listen on 5000
2026-08-01 08:33:03: ◇ injected env (0) from .env // tip: ⌘ multiple files { path: ['.env.local', '.env'] }
2026-08-01 08:33:03: 3. About to listen on 5000
2026-08-01 08:33:07: ◇ injected env (0) from .env // tip: ⌁ auth for agents [www.vestauth.com]
2026-08-01 08:33:07: 3. About to listen on 5000
2026-08-01 08:33:10: ◇ injected env (0) from .env // tip: ⌘ multiple files { path: ['.env.local', '.env'] }
2026-08-01 08:33:10: 3. About to listen on 5000
2026-08-01 08:33:13: ◇ injected env (0) from .env // tip: ⌘ multiple files { path: ['.env.local', '.env'] }
2026-08-01 08:33:13: 3. About to listen on 5000
2026-08-01 08:33:16: ◇ injected env (0) from .env // tip: ⌘ override existing { override: true }
2026-08-01 08:33:16: 3. About to listen on 5000
2026-08-01 08:33:20: ◇ injected env (0) from .env // tip: ◈ secrets for agents [www.dotenvx.com]
2026-08-01 08:33:20: 3. About to listen on 5000
2026-08-01 08:33:23: ◇ injected env (0) from .env // tip: ⌁ auth for agents [www.vestauth.com]
2026-08-01 08:33:23: 3. About to listen on 5000
2026-08-01 08:33:26: ◇ injected env (0) from .env // tip: ◈ secrets for agents [www.dotenvx.com]
2026-08-01 08:33:26: 3. About to listen on 5000
2026-08-01 08:33:29: ◇ injected env (0) from .env // tip: ⌘ custom filepath { path: '/custom/path/.env' }
2026-08-01 08:33:30: 3. About to listen on 5000
2026-08-01 08:33:33: ◇ injected env (0) from .env // tip: ⌘ multiple files { path: ['.env.local', '.env'] }
2026-08-01 08:33:33: 3. About to listen on 5000
2026-08-01 08:33:36: ◇ injected env (0) from .env // tip: ⌘ enable debugging { debug: true }
2026-08-01 08:33:36: 3. About to listen on 5000
2026-08-01 08:33:39: ◇ injected env (0) from .env // tip: ⌁ auth for agents [www.vestauth.com]
2026-08-01 08:33:39: 3. About to listen on 5000
2026-08-01 08:33:43: ◇ injected env (0) from .env // tip: ⌁ auth for agents [www.vestauth.com]
2026-08-01 08:33:43: 3. About to listen on 5000
2026-08-01 08:33:46: ◇ injected env (0) from .env // tip: ⌘ custom filepath { path: '/custom/path/.env' }
2026-08-01 08:33:46: 3. About to listen on 5000
2026-08-01 08:33:49: ◇ injected env (0) from .env // tip: ⌘ enable debugging { debug: true }
2026-08-01 08:33:49: 3. About to listen on 5000
2026-08-01 08:33:53: ◇ injected env (0) from .env // tip: ⌘ enable debugging { debug: true }
2026-08-01 08:33:53: 3. About to listen on 5000
2026-08-01 08:33:56: ◇ injected env (0) from .env // tip: ◈ secrets for agents [www.dotenvx.com]
2026-08-01 08:33:56: 3. About to listen on 5000
2026-08-01 08:33:59: ◇ injected env (0) from .env // tip: ⌁ auth for agents [www.vestauth.com]
2026-08-01 08:33:59: 3. About to listen on 5000
2026-08-01 08:34:02: ◇ injected env (0) from .env // tip: ⌘ multiple files { path: ['.env.local', '.env'] }
2026-08-01 08:34:02: 3. About to listen on 5000
2026-08-01 08:34:06: ◇ injected env (0) from .env // tip: ⌘ multiple files { path: ['.env.local', '.env'] }
2026-08-01 08:34:06: 3. About to listen on 5000
2026-08-01 08:34:09: ◇ injected env (0) from .env // tip: ⌘ multiple files { path: ['.env.local', '.env'] }
2026-08-01 08:34:09: 3. About to listen on 5000
2026-08-01 08:34:12: ◇ injected env (0) from .env // tip: ◈ secrets for agents [www.dotenvx.com]
2026-08-01 08:34:12: 3. About to listen on 5000
2026-08-01 08:34:16: ◇ injected env (0) from .env // tip: ◈ secrets for agents [www.dotenvx.com]
2026-08-01 08:34:16: 3. About to listen on 5000
2026-08-01 08:34:19: ◇ injected env (0) from .env // tip: ⌘ suppress logs { quiet: true }
2026-08-01 08:34:19: 3. About to listen on 5000
2026-08-01 08:34:22: ◇ injected env (0) from .env // tip: ◈ secrets for agents [www.dotenvx.com]
2026-08-01 08:34:22: 3. About to listen on 5000
2026-08-01 08:34:25: ◇ injected env (0) from .env // tip: ⌘ suppress logs { quiet: true }
2026-08-01 08:34:25: 3. About to listen on 5000
2026-08-01 08:34:29: ◇ injected env (0) from .env // tip: ◈ encrypted .env [www.dotenvx.com]
2026-08-01 08:34:29: 3. About to listen on 5000
2026-08-01 08:34:32: ◇ injected env (0) from .env // tip: ⌁ auth for agents [www.vestauth.com]
2026-08-01 08:34:32: 3. About to listen on 5000
2026-08-01 08:34:35: ◇ injected env (0) from .env // tip: ⌘ enable debugging { debug: true }
2026-08-01 08:34:35: 3. About to listen on 5000
2026-08-01 08:34:39: ◇ injected env (0) from .env // tip: ⌘ override existing { override: true }
2026-08-01 08:34:39: 3. About to listen on 5000
2026-08-01 08:34:42: ◇ injected env (0) from .env // tip: ⌘ override existing { override: true }
2026-08-01 08:34:42: 3. About to listen on 5000
2026-08-01 08:34:45: ◇ injected env (0) from .env // tip: ◈ encrypted .env [www.dotenvx.com]
2026-08-01 08:34:45: 3. About to listen on 5000
2026-08-01 08:34:48: ◇ injected env (0) from .env // tip: ⌘ multiple files { path: ['.env.local', '.env'] }
2026-08-01 08:34:48: 3. About to listen on 5000
2026-08-01 08:34:52: ◇ injected env (0) from .env // tip: ⌘ override existing { override: true }
2026-08-01 08:34:52: 3. About to listen on 5000
2026-08-01 08:34:55: ◇ injected env (0) from .env // tip: ⌁ auth for agents [www.vestauth.com]
2026-08-01 08:34:55: 3. About to listen on 5000
2026-08-01 08:34:58: ◇ injected env (0) from .env // tip: ⌘ override existing { override: true }
2026-08-01 08:34:58: 3. About to listen on 5000
2026-08-01 08:35:02: ◇ injected env (0) from .env // tip: ⌘ custom filepath { path: '/custom/path/.env' }
2026-08-01 08:35:02: 3. About to listen on 5000
2026-08-01 08:35:05: ◇ injected env (0) from .env // tip: ⌘ custom filepath { path: '/custom/path/.env' }
2026-08-01 08:35:05: 3. About to listen on 5000
2026-08-01 08:35:08: ◇ injected env (0) from .env // tip: ◈ secrets for agents [www.dotenvx.com]
2026-08-01 08:35:08: 3. About to listen on 5000
2026-08-01 08:35:11: ◇ injected env (0) from .env // tip: ⌘ multiple files { path: ['.env.local', '.env'] }
2026-08-01 08:35:11: 3. About to listen on 5000
2026-08-01 08:35:15: ◇ injected env (0) from .env // tip: ⌘ multiple files { path: ['.env.local', '.env'] }
2026-08-01 08:35:15: 3. About to listen on 5000
2026-08-01 08:35:18: ◇ injected env (0) from .env // tip: ⌘ suppress logs { quiet: true }
2026-08-01 08:35:18: 3. About to listen on 5000
2026-08-01 08:35:21: ◇ injected env (0) from .env // tip: ◈ encrypted .env [www.dotenvx.com]
2026-08-01 08:35:21: 3. About to listen on 5000
2026-08-01 08:35:25: ◇ injected env (0) from .env // tip: ⌘ override existing { override: true }
2026-08-01 08:35:25: 3. About to listen on 5000
2026-08-01 08:35:28: ◇ injected env (0) from .env // tip: ⌁ auth for agents [www.vestauth.com]
2026-08-01 08:35:28: 3. About to listen on 5000
2026-08-01 08:35:31: ◇ injected env (0) from .env // tip: ⌘ override existing { override: true }
2026-08-01 08:35:31: 3. About to listen on 5000
2026-08-01 08:35:34: ◇ injected env (0) from .env // tip: ◈ encrypted .env [www.dotenvx.com]
2026-08-01 08:35:34: 3. About to listen on 5000
2026-08-01 08:35:38: ◇ injected env (0) from .env // tip: ⌘ multiple files { path: ['.env.local', '.env'] }
2026-08-01 08:35:38: 3. About to listen on 5000
2026-08-01 08:35:41: ◇ injected env (0) from .env // tip: ⌘ custom filepath { path: '/custom/path/.env' }
2026-08-01 08:35:41: 3. About to listen on 5000
2026-08-01 08:35:44: ◇ injected env (0) from .env // tip: ◈ secrets for agents [www.dotenvx.com]
2026-08-01 08:35:44: 3. About to listen on 5000
2026-08-01 08:35:48: ◇ injected env (0) from .env // tip: ⌘ multiple files { path: ['.env.local', '.env'] }
2026-08-01 08:35:48: 3. About to listen on 5000
2026-08-01 08:35:51: ◇ injected env (0) from .env // tip: ⌁ auth for agents [www.vestauth.com]
2026-08-01 08:35:51: 3. About to listen on 5000
2026-08-01 08:35:54: ◇ injected env (0) from .env // tip: ⌘ custom filepath { path: '/custom/path/.env' }
2026-08-01 08:35:54: 3. About to listen on 5000
2026-08-01 08:35:57: ◇ injected env (0) from .env // tip: ◈ secrets for agents [www.dotenvx.com]
2026-08-01 08:35:57: 3. About to listen on 5000
2026-08-01 08:36:01: ◇ injected env (0) from .env // tip: ◈ encrypted .env [www.dotenvx.com]
2026-08-01 08:36:01: 3. About to listen on 5000
2026-08-01 08:36:04: ◇ injected env (0) from .env // tip: ⌘ enable debugging { debug: true }
2026-08-01 08:36:04: 3. About to listen on 5000
2026-08-01 08:36:07: ◇ injected env (0) from .env // tip: ⌘ override existing { override: true }
2026-08-01 08:36:07: 3. About to listen on 5000
2026-08-01 08:36:11: ◇ injected env (0) from .env // tip: ◈ encrypted .env [www.dotenvx.com]
2026-08-01 08:36:11: 3. About to listen on 5000
2026-08-01 08:36:14: ◇ injected env (0) from .env // tip: ◈ secrets for agents [www.dotenvx.com]
2026-08-01 08:36:14: 3. About to listen on 5000
2026-08-01 08:36:17: ◇ injected env (0) from .env // tip: ◈ secrets for agents [www.dotenvx.com]
2026-08-01 08:36:17: 3. About to listen on 5000
2026-08-01 08:36:20: ◇ injected env (0) from .env // tip: ⌁ auth for agents [www.vestauth.com]
2026-08-01 08:36:20: 3. About to listen on 5000
2026-08-01 08:36:24: ◇ injected env (0) from .env // tip: ⌘ suppress logs { quiet: true }
2026-08-01 08:36:24: 3. About to listen on 5000
2026-08-01 08:36:27: ◇ injected env (0) from .env // tip: ◈ encrypted .env [www.dotenvx.com]
2026-08-01 08:36:27: 3. About to listen on 5000
2026-08-01 08:36:30: ◇ injected env (0) from .env // tip: ◈ encrypted .env [www.dotenvx.com]
2026-08-01 08:36:30: 3. About to listen on 5000
2026-08-01 08:36:34: ◇ injected env (0) from .env // tip: ⌘ enable debugging { debug: true }
2026-08-01 08:36:34: 3. About to listen on 5000
2026-08-01 08:36:37: ◇ injected env (0) from .env // tip: ⌘ suppress logs { quiet: true }
2026-08-01 08:36:37: 3. About to listen on 5000
2026-08-01 08:36:40: ◇ injected env (0) from .env // tip: ⌘ suppress logs { quiet: true }
2026-08-01 08:36:40: 3. About to listen on 5000
2026-08-01 08:36:43: ◇ injected env (0) from .env // tip: ◈ encrypted .env [www.dotenvx.com]
2026-08-01 08:36:43: 3. About to listen on 5000
2026-08-01 08:36:47: ◇ injected env (0) from .env // tip: ⌘ multiple files { path: ['.env.local', '.env'] }
2026-08-01 08:36:47: 3. About to listen on 5000
2026-08-01 08:36:50: ◇ injected env (0) from .env // tip: ⌁ auth for agents [www.vestauth.com]
2026-08-01 08:36:50: 3. About to listen on 5000
2026-08-01 08:36:53: ◇ injected env (0) from .env // tip: ⌘ custom filepath { path: '/custom/path/.env' }
2026-08-01 08:36:53: 3. About to listen on 5000
2026-08-01 08:36:57: ◇ injected env (0) from .env // tip: ⌘ override existing { override: true }
2026-08-01 08:36:57: 3. About to listen on 5000
2026-08-01 08:37:00: ◇ injected env (0) from .env // tip: ⌘ custom filepath { path: '/custom/path/.env' }
2026-08-01 08:37:00: 3. About to listen on 5000
2026-08-01 08:37:03: ◇ injected env (0) from .env // tip: ⌘ suppress logs { quiet: true }
2026-08-01 08:37:03: 3. About to listen on 5000
2026-08-01 08:37:06: ◇ injected env (0) from .env // tip: ◈ encrypted .env [www.dotenvx.com]
2026-08-01 08:37:06: 3. About to listen on 5000
2026-08-01 08:37:10: ◇ injected env (0) from .env // tip: ⌘ multiple files { path: ['.env.local', '.env'] }
2026-08-01 08:37:10: 3. About to listen on 5000
2026-08-01 08:37:13: ◇ injected env (0) from .env // tip: ⌁ auth for agents [www.vestauth.com]
2026-08-01 08:37:13: 3. About to listen on 5000
2026-08-01 08:37:16: ◇ injected env (0) from .env // tip: ⌁ auth for agents [www.vestauth.com]
2026-08-01 08:37:16: 3. About to listen on 5000
2026-08-01 08:37:20: ◇ injected env (0) from .env // tip: ⌘ override existing { override: true }
2026-08-01 08:37:20: 3. About to listen on 5000
2026-08-01 08:37:23: ◇ injected env (0) from .env // tip: ⌁ auth for agents [www.vestauth.com]
2026-08-01 08:37:23: 3. About to listen on 5000
2026-08-01 08:37:26: ◇ injected env (0) from .env // tip: ⌘ override existing { override: true }
2026-08-01 08:37:26: 3. About to listen on 5000
2026-08-01 08:37:29: ◇ injected env (0) from .env // tip: ⌘ multiple files { path: ['.env.local', '.env'] }
2026-08-01 08:37:30: 3. About to listen on 5000
2026-08-01 08:37:33: ◇ injected env (0) from .env // tip: ◈ secrets for agents [www.dotenvx.com]
2026-08-01 08:37:33: 3. About to listen on 5000
2026-08-01 08:37:36: ◇ injected env (0) from .env // tip: ⌘ suppress logs { quiet: true }
2026-08-01 08:37:36: 3. About to listen on 5000
2026-08-01 08:37:39: ◇ injected env (0) from .env // tip: ⌘ multiple files { path: ['.env.local', '.env'] }
2026-08-01 08:37:39: 3. About to listen on 5000
2026-08-01 08:37:43: ◇ injected env (0) from .env // tip: ◈ encrypted .env [www.dotenvx.com]
2026-08-01 08:37:43: 3. About to listen on 5000
2026-08-01 08:37:46: ◇ injected env (0) from .env // tip: ◈ secrets for agents [www.dotenvx.com]
2026-08-01 08:37:46: 3. About to listen on 5000
2026-08-01 08:37:49: ◇ injected env (0) from .env // tip: ◈ encrypted .env [www.dotenvx.com]
2026-08-01 08:37:49: 3. About to listen on 5000
2026-08-01 08:37:53: ◇ injected env (0) from .env // tip: ⌁ auth for agents [www.vestauth.com]
2026-08-01 08:37:53: 3. About to listen on 5000
2026-08-01 08:37:56: ◇ injected env (0) from .env // tip: ⌁ auth for agents [www.vestauth.com]
2026-08-01 08:37:56: 3. About to listen on 5000
2026-08-01 08:37:59: ◇ injected env (0) from .env // tip: ⌘ override existing { override: true }
2026-08-01 08:37:59: 3. About to listen on 5000
2026-08-01 08:38:02: ◇ injected env (0) from .env // tip: ◈ encrypted .env [www.dotenvx.com]
2026-08-01 08:38:02: 3. About to listen on 5000
2026-08-01 08:38:06: ◇ injected env (0) from .env // tip: ⌘ multiple files { path: ['.env.local', '.env'] }
2026-08-01 08:38:06: 3. About to listen on 5000
2026-08-01 08:38:09: ◇ injected env (0) from .env // tip: ⌘ custom filepath { path: '/custom/path/.env' }
2026-08-01 08:38:09: 3. About to listen on 5000
2026-08-01 08:38:12: ◇ injected env (0) from .env // tip: ⌘ override existing { override: true }
2026-08-01 08:38:12: 3. About to listen on 5000
2026-08-01 08:38:16: ◇ injected env (0) from .env // tip: ⌘ suppress logs { quiet: true }
2026-08-01 08:38:16: 3. About to listen on 5000
2026-08-01 08:38:19: ◇ injected env (0) from .env // tip: ⌘ override existing { override: true }
2026-08-01 08:38:19: 3. About to listen on 5000
2026-08-01 08:38:22: ◇ injected env (0) from .env // tip: ⌘ suppress logs { quiet: true }
2026-08-01 08:38:22: 3. About to listen on 5000
2026-08-01 08:38:25: ◇ injected env (0) from .env // tip: ⌁ auth for agents [www.vestauth.com]
2026-08-01 08:38:25: 3. About to listen on 5000
2026-08-01 08:38:29: ◇ injected env (0) from .env // tip: ◈ encrypted .env [www.dotenvx.com]
2026-08-01 08:38:29: 3. About to listen on 5000
2026-08-01 08:38:32: ◇ injected env (0) from .env // tip: ⌘ multiple files { path: ['.env.local', '.env'] }
2026-08-01 08:38:32: 3. About to listen on 5000
2026-08-01 08:38:35: ◇ injected env (0) from .env // tip: ⌘ enable debugging { debug: true }
2026-08-01 08:38:35: 3. About to listen on 5000
2026-08-01 08:38:39: ◇ injected env (0) from .env // tip: ◈ encrypted .env [www.dotenvx.com]
2026-08-01 08:38:39: 3. About to listen on 5000
2026-08-01 08:38:42: ◇ injected env (0) from .env // tip: ⌘ enable debugging { debug: true }
2026-08-01 08:38:42: 3. About to listen on 5000
2026-08-01 08:38:45: ◇ injected env (0) from .env // tip: ◈ encrypted .env [www.dotenvx.com]
2026-08-01 08:38:45: 3. About to listen on 5000
2026-08-01 08:38:48: ◇ injected env (0) from .env // tip: ⌁ auth for agents [www.vestauth.com]
2026-08-01 08:38:48: 3. About to listen on 5000
2026-08-01 08:38:52: ◇ injected env (0) from .env // tip: ⌁ auth for agents [www.vestauth.com]
2026-08-01 08:38:52: 3. About to listen on 5000
2026-08-01 08:38:55: ◇ injected env (0) from .env // tip: ◈ secrets for agents [www.dotenvx.com]
2026-08-01 08:38:55: 3. About to listen on 5000
2026-08-01 08:38:58: ◇ injected env (0) from .env // tip: ⌘ enable debugging { debug: true }
2026-08-01 08:38:58: 3. About to listen on 5000
2026-08-01 08:39:02: ◇ injected env (0) from .env // tip: ◈ encrypted .env [www.dotenvx.com]
2026-08-01 08:39:02: 3. About to listen on 5000
2026-08-01 08:39:05: ◇ injected env (0) from .env // tip: ◈ encrypted .env [www.dotenvx.com]
2026-08-01 08:39:05: 3. About to listen on 5000
2026-08-01 08:39:08: ◇ injected env (0) from .env // tip: ⌘ enable debugging { debug: true }
2026-08-01 08:39:08: 3. About to listen on 5000
2026-08-01 08:39:11: ◇ injected env (0) from .env // tip: ⌘ enable debugging { debug: true }
2026-08-01 08:39:11: 3. About to listen on 5000
2026-08-01 08:39:15: ◇ injected env (0) from .env // tip: ⌘ custom filepath { path: '/custom/path/.env' }
2026-08-01 08:39:15: 3. About to listen on 5000
2026-08-01 08:39:18: ◇ injected env (0) from .env // tip: ⌘ suppress logs { quiet: true }
2026-08-01 08:39:18: 3. About to listen on 5000
2026-08-01 08:39:21: ◇ injected env (0) from .env // tip: ⌘ override existing { override: true }
2026-08-01 08:39:21: 3. About to listen on 5000
2026-08-01 08:39:25: ◇ injected env (0) from .env // tip: ◈ secrets for agents [www.dotenvx.com]
2026-08-01 08:39:25: 3. About to listen on 5000
2026-08-01 08:39:28: ◇ injected env (0) from .env // tip: ⌘ multiple files { path: ['.env.local', '.env'] }
2026-08-01 08:39:28: 3. About to listen on 5000
2026-08-01 08:39:31: ◇ injected env (0) from .env // tip: ⌘ suppress logs { quiet: true }
2026-08-01 08:39:31: 3. About to listen on 5000
2026-08-01 08:39:34: ◇ injected env (0) from .env // tip: ◈ secrets for agents [www.dotenvx.com]
2026-08-01 08:39:34: 3. About to listen on 5000
2026-08-01 08:39:38: ◇ injected env (0) from .env // tip: ◈ encrypted .env [www.dotenvx.com]
2026-08-01 08:39:38: 3. About to listen on 5000
2026-08-01 08:39:41: ◇ injected env (0) from .env // tip: ⌘ custom filepath { path: '/custom/path/.env' }
2026-08-01 08:39:41: 3. About to listen on 5000
2026-08-01 08:39:44: ◇ injected env (0) from .env // tip: ⌘ multiple files { path: ['.env.local', '.env'] }
2026-08-01 08:39:44: 3. About to listen on 5000
2026-08-01 08:39:48: ◇ injected env (0) from .env // tip: ⌘ custom filepath { path: '/custom/path/.env' }
2026-08-01 08:39:48: 3. About to listen on 5000
2026-08-01 08:39:51: ◇ injected env (0) from .env // tip: ⌘ suppress logs { quiet: true }
2026-08-01 08:39:51: 3. About to listen on 5000
2026-08-01 08:39:54: ◇ injected env (0) from .env // tip: ⌁ auth for agents [www.vestauth.com]
2026-08-01 08:39:54: 3. About to listen on 5000
2026-08-01 08:39:57: ◇ injected env (0) from .env // tip: ⌁ auth for agents [www.vestauth.com]
2026-08-01 08:39:57: 3. About to listen on 5000
2026-08-01 08:40:01: ◇ injected env (0) from .env // tip: ⌘ suppress logs { quiet: true }
2026-08-01 08:40:01: 3. About to listen on 5000
2026-08-01 08:40:04: ◇ injected env (0) from .env // tip: ⌘ enable debugging { debug: true }
2026-08-01 08:40:04: 3. About to listen on 5000
2026-08-01 08:40:07: ◇ injected env (0) from .env // tip: ◈ encrypted .env [www.dotenvx.com]
2026-08-01 08:40:07: 3. About to listen on 5000
2026-08-01 08:40:11: ◇ injected env (0) from .env // tip: ⌘ override existing { override: true }
2026-08-01 08:40:11: 3. About to listen on 5000
2026-08-01 08:40:14: ◇ injected env (0) from .env // tip: ⌘ enable debugging { debug: true }
2026-08-01 08:40:14: 3. About to listen on 5000
2026-08-01 08:40:17: ◇ injected env (0) from .env // tip: ◈ encrypted .env [www.dotenvx.com]
2026-08-01 08:40:17: 3. About to listen on 5000
2026-08-01 08:40:20: ◇ injected env (0) from .env // tip: ⌘ override existing { override: true }
2026-08-01 08:40:20: 3. About to listen on 5000
2026-08-01 08:40:24: ◇ injected env (0) from .env // tip: ◈ encrypted .env [www.dotenvx.com]
2026-08-01 08:40:24: 3. About to listen on 5000
2026-08-01 08:40:27: ◇ injected env (0) from .env // tip: ⌁ auth for agents [www.vestauth.com]
2026-08-01 08:40:27: 3. About to listen on 5000
2026-08-01 08:40:30: ◇ injected env (0) from .env // tip: ◈ secrets for agents [www.dotenvx.com]
2026-08-01 08:40:30: 3. About to listen on 5000
2026-08-01 08:40:34: ◇ injected env (0) from .env // tip: ⌘ custom filepath { path: '/custom/path/.env' }
2026-08-01 08:40:34: 3. About to listen on 5000
2026-08-01 08:40:37: ◇ injected env (0) from .env // tip: ⌘ override existing { override: true }
2026-08-01 08:40:37: 3. About to listen on 5000
2026-08-01 08:40:40: ◇ injected env (0) from .env // tip: ◈ encrypted .env [www.dotenvx.com]
2026-08-01 08:40:40: 3. About to listen on 5000
2026-08-01 08:40:43: ◇ injected env (0) from .env // tip: ⌘ suppress logs { quiet: true }
2026-08-01 08:40:43: 3. About to listen on 5000
2026-08-01 08:40:47: ◇ injected env (0) from .env // tip: ⌁ auth for agents [www.vestauth.com]
2026-08-01 08:40:47: 3. About to listen on 5000
2026-08-01 08:40:50: ◇ injected env (0) from .env // tip: ⌘ enable debugging { debug: true }
2026-08-01 08:40:50: 3. About to listen on 5000
2026-08-01 08:40:53: ◇ injected env (0) from .env // tip: ⌘ custom filepath { path: '/custom/path/.env' }
2026-08-01 08:40:53: 3. About to listen on 5000
2026-08-01 08:40:57: ◇ injected env (0) from .env // tip: ◈ secrets for agents [www.dotenvx.com]
2026-08-01 08:40:57: 3. About to listen on 5000
2026-08-01 08:41:00: ◇ injected env (0) from .env // tip: ◈ secrets for agents [www.dotenvx.com]
2026-08-01 08:41:00: 3. About to listen on 5000
2026-08-01 08:41:03: ◇ injected env (0) from .env // tip: ⌁ auth for agents [www.vestauth.com]
2026-08-01 08:41:03: 3. About to listen on 5000
2026-08-01 08:41:06: ◇ injected env (0) from .env // tip: ⌘ override existing { override: true }
2026-08-01 08:41:06: 3. About to listen on 5000
2026-08-01 08:41:10: ◇ injected env (0) from .env // tip: ◈ secrets for agents [www.dotenvx.com]
2026-08-01 08:41:10: 3. About to listen on 5000
2026-08-01 08:41:13: ◇ injected env (0) from .env // tip: ⌘ multiple files { path: ['.env.local', '.env'] }
2026-08-01 08:41:13: 3. About to listen on 5000
2026-08-01 08:41:16: ◇ injected env (0) from .env // tip: ⌘ enable debugging { debug: true }
2026-08-01 08:41:16: 3. About to listen on 5000
2026-08-01 08:41:20: ◇ injected env (0) from .env // tip: ◈ encrypted .env [www.dotenvx.com]
2026-08-01 08:41:20: 3. About to listen on 5000
2026-08-01 08:41:23: ◇ injected env (0) from .env // tip: ⌘ suppress logs { quiet: true }
2026-08-01 08:41:23: 3. About to listen on 5000
2026-08-01 08:41:26: ◇ injected env (0) from .env // tip: ⌁ auth for agents [www.vestauth.com]
2026-08-01 08:41:26: 3. About to listen on 5000
2026-08-01 08:41:30: ◇ injected env (0) from .env // tip: ⌘ suppress logs { quiet: true }
2026-08-01 08:41:30: 3. About to listen on 5000
2026-08-01 08:41:33: ◇ injected env (0) from .env // tip: ⌁ auth for agents [www.vestauth.com]
2026-08-01 08:41:33: 3. About to listen on 5000
2026-08-01 08:41:36: ◇ injected env (0) from .env // tip: ⌘ multiple files { path: ['.env.local', '.env'] }
2026-08-01 08:41:36: 3. About to listen on 5000
2026-08-01 08:41:39: ◇ injected env (0) from .env // tip: ⌘ enable debugging { debug: true }
2026-08-01 08:41:39: 3. About to listen on 5000
2026-08-01 08:41:43: ◇ injected env (0) from .env // tip: ⌁ auth for agents [www.vestauth.com]
2026-08-01 08:41:43: 3. About to listen on 5000
2026-08-01 08:41:46: ◇ injected env (0) from .env // tip: ⌁ auth for agents [www.vestauth.com]
2026-08-01 08:41:46: 3. About to listen on 5000
2026-08-01 08:41:49: ◇ injected env (0) from .env // tip: ⌁ auth for agents [www.vestauth.com]
2026-08-01 08:41:49: 3. About to listen on 5000
2026-08-01 08:41:53: ◇ injected env (0) from .env // tip: ⌘ custom filepath { path: '/custom/path/.env' }
2026-08-01 08:41:53: 3. About to listen on 5000
2026-08-01 08:41:56: ◇ injected env (0) from .env // tip: ⌘ custom filepath { path: '/custom/path/.env' }
2026-08-01 08:41:56: 3. About to listen on 5000
2026-08-01 08:41:59: ◇ injected env (0) from .env // tip: ⌘ enable debugging { debug: true }
2026-08-01 08:41:59: 3. About to listen on 5000
2026-08-01 08:42:02: ◇ injected env (0) from .env // tip: ⌘ multiple files { path: ['.env.local', '.env'] }
2026-08-01 08:42:02: 3. About to listen on 5000
2026-08-01 08:42:06: ◇ injected env (0) from .env // tip: ⌘ enable debugging { debug: true }
2026-08-01 08:42:06: 3. About to listen on 5000
2026-08-01 08:42:09: ◇ injected env (0) from .env // tip: ⌘ override existing { override: true }
2026-08-01 08:42:09: 3. About to listen on 5000
2026-08-01 08:42:12: ◇ injected env (0) from .env // tip: ⌘ enable debugging { debug: true }
2026-08-01 08:42:12: 3. About to listen on 5000
2026-08-01 08:42:16: ◇ injected env (0) from .env // tip: ⌘ enable debugging { debug: true }
2026-08-01 08:42:16: 3. About to listen on 5000
2026-08-01 08:42:19: ◇ injected env (0) from .env // tip: ⌁ auth for agents [www.vestauth.com]
2026-08-01 08:42:19: 3. About to listen on 5000
2026-08-01 08:42:22: ◇ injected env (0) from .env // tip: ⌘ override existing { override: true }
2026-08-01 08:42:22: 3. About to listen on 5000
2026-08-01 08:42:25: ◇ injected env (0) from .env // tip: ⌘ multiple files { path: ['.env.local', '.env'] }
2026-08-01 08:42:25: 3. About to listen on 5000
2026-08-01 08:42:29: ◇ injected env (0) from .env // tip: ⌘ suppress logs { quiet: true }
2026-08-01 08:42:29: 3. About to listen on 5000
2026-08-01 08:42:32: ◇ injected env (0) from .env // tip: ⌘ override existing { override: true }
2026-08-01 08:42:32: 3. About to listen on 5000
2026-08-01 08:42:35: ◇ injected env (0) from .env // tip: ⌘ override existing { override: true }
2026-08-01 08:42:35: 3. About to listen on 5000
2026-08-01 08:42:39: ◇ injected env (0) from .env // tip: ⌘ multiple files { path: ['.env.local', '.env'] }
2026-08-01 08:42:39: 3. About to listen on 5000
2026-08-01 08:42:42: ◇ injected env (0) from .env // tip: ⌘ suppress logs { quiet: true }
2026-08-01 08:42:42: 3. About to listen on 5000
2026-08-01 08:42:45: ◇ injected env (0) from .env // tip: ◈ secrets for agents [www.dotenvx.com]
2026-08-01 08:42:45: 3. About to listen on 5000
2026-08-01 08:42:48: ◇ injected env (0) from .env // tip: ⌘ custom filepath { path: '/custom/path/.env' }
2026-08-01 08:42:48: 3. About to listen on 5000
2026-08-01 08:42:52: ◇ injected env (0) from .env // tip: ◈ encrypted .env [www.dotenvx.com]
2026-08-01 08:42:52: 3. About to listen on 5000
2026-08-01 08:42:55: ◇ injected env (0) from .env // tip: ⌘ multiple files { path: ['.env.local', '.env'] }
2026-08-01 08:42:55: 3. About to listen on 5000
2026-08-01 08:42:58: ◇ injected env (0) from .env // tip: ◈ secrets for agents [www.dotenvx.com]
2026-08-01 08:42:58: 3. About to listen on 5000
2026-08-01 08:43:02: ◇ injected env (0) from .env // tip: ⌘ enable debugging { debug: true }
2026-08-01 08:43:02: 3. About to listen on 5000
2026-08-01 08:43:05: ◇ injected env (0) from .env // tip: ⌘ custom filepath { path: '/custom/path/.env' }
2026-08-01 08:43:05: 3. About to listen on 5000
2026-08-01 08:43:08: ◇ injected env (0) from .env // tip: ⌘ multiple files { path: ['.env.local', '.env'] }
2026-08-01 08:43:08: 3. About to listen on 5000
2026-08-01 08:43:11: ◇ injected env (0) from .env // tip: ⌘ multiple files { path: ['.env.local', '.env'] }
2026-08-01 08:43:11: 3. About to listen on 5000
2026-08-01 08:43:15: ◇ injected env (0) from .env // tip: ⌘ enable debugging { debug: true }
2026-08-01 08:43:15: 3. About to listen on 5000
2026-08-01 08:43:18: ◇ injected env (0) from .env // tip: ⌁ auth for agents [www.vestauth.com]
2026-08-01 08:43:18: 3. About to listen on 5000
2026-08-01 08:43:21: ◇ injected env (0) from .env // tip: ◈ encrypted .env [www.dotenvx.com]
2026-08-01 08:43:21: 3. About to listen on 5000
2026-08-01 08:43:25: ◇ injected env (0) from .env // tip: ◈ encrypted .env [www.dotenvx.com]
2026-08-01 08:43:25: 3. About to listen on 5000
2026-08-01 08:43:28: ◇ injected env (0) from .env // tip: ◈ secrets for agents [www.dotenvx.com]
2026-08-01 08:43:28: 3. About to listen on 5000
2026-08-01 08:43:31: ◇ injected env (0) from .env // tip: ⌘ custom filepath { path: '/custom/path/.env' }
2026-08-01 08:43:31: 3. About to listen on 5000
2026-08-01 08:43:34: ◇ injected env (0) from .env // tip: ◈ encrypted .env [www.dotenvx.com]
2026-08-01 08:43:35: 3. About to listen on 5000
2026-08-01 08:43:38: ◇ injected env (0) from .env // tip: ⌘ enable debugging { debug: true }
2026-08-01 08:43:38: 3. About to listen on 5000
2026-08-01 08:43:41: ◇ injected env (0) from .env // tip: ⌘ override existing { override: true }
2026-08-01 08:43:41: 3. About to listen on 5000
2026-08-01 08:43:44: ◇ injected env (0) from .env // tip: ⌘ multiple files { path: ['.env.local', '.env'] }
2026-08-01 08:43:44: 3. About to listen on 5000
2026-08-01 08:43:48: ◇ injected env (0) from .env // tip: ⌘ custom filepath { path: '/custom/path/.env' }
2026-08-01 08:43:48: 3. About to listen on 5000
2026-08-01 08:43:51: ◇ injected env (0) from .env // tip: ⌘ custom filepath { path: '/custom/path/.env' }
2026-08-01 08:43:51: 3. About to listen on 5000
2026-08-01 08:43:54: ◇ injected env (0) from .env // tip: ◈ encrypted .env [www.dotenvx.com]
2026-08-01 08:43:54: 3. About to listen on 5000
2026-08-01 08:43:57: ◇ injected env (0) from .env // tip: ⌘ enable debugging { debug: true }
2026-08-01 08:43:58: 3. About to listen on 5000
2026-08-01 08:44:01: ◇ injected env (0) from .env // tip: ⌘ custom filepath { path: '/custom/path/.env' }
2026-08-01 08:44:01: 3. About to listen on 5000
2026-08-01 08:44:04: ◇ injected env (0) from .env // tip: ⌁ auth for agents [www.vestauth.com]
2026-08-01 08:44:04: 3. About to listen on 5000
2026-08-01 08:44:07: ◇ injected env (0) from .env // tip: ⌘ enable debugging { debug: true }
2026-08-01 08:44:07: 3. About to listen on 5000
2026-08-01 08:44:11: ◇ injected env (0) from .env // tip: ⌘ custom filepath { path: '/custom/path/.env' }
2026-08-01 08:44:11: 3. About to listen on 5000
2026-08-01 08:44:14: ◇ injected env (0) from .env // tip: ⌘ custom filepath { path: '/custom/path/.env' }
2026-08-01 08:44:14: 3. About to listen on 5000
2026-08-01 08:44:17: ◇ injected env (0) from .env // tip: ⌘ multiple files { path: ['.env.local', '.env'] }
2026-08-01 08:44:17: 3. About to listen on 5000
2026-08-01 08:44:21: ◇ injected env (0) from .env // tip: ⌘ suppress logs { quiet: true }
2026-08-01 08:44:21: 3. About to listen on 5000
2026-08-01 08:44:24: ◇ injected env (0) from .env // tip: ◈ secrets for agents [www.dotenvx.com]
2026-08-01 08:44:24: 3. About to listen on 5000
2026-08-01 08:44:27: ◇ injected env (0) from .env // tip: ⌘ custom filepath { path: '/custom/path/.env' }
2026-08-01 08:44:27: 3. About to listen on 5000
2026-08-01 08:44:30: ◇ injected env (0) from .env // tip: ⌘ multiple files { path: ['.env.local', '.env'] }
2026-08-01 08:44:30: 3. About to listen on 5000
2026-08-01 08:44:34: ◇ injected env (0) from .env // tip: ⌘ override existing { override: true }
2026-08-01 08:44:34: 3. About to listen on 5000
2026-08-01 08:44:37: ◇ injected env (0) from .env // tip: ⌘ multiple files { path: ['.env.local', '.env'] }
2026-08-01 08:44:37: 3. About to listen on 5000
2026-08-01 08:44:40: ◇ injected env (0) from .env // tip: ◈ secrets for agents [www.dotenvx.com]
2026-08-01 08:44:40: 3. About to listen on 5000
2026-08-01 08:44:44: ◇ injected env (0) from .env // tip: ⌘ custom filepath { path: '/custom/path/.env' }
2026-08-01 08:44:44: 3. About to listen on 5000
2026-08-01 08:44:47: ◇ injected env (0) from .env // tip: ⌁ auth for agents [www.vestauth.com]
2026-08-01 08:44:47: 3. About to listen on 5000
2026-08-01 08:44:50: ◇ injected env (0) from .env // tip: ◈ secrets for agents [www.dotenvx.com]
2026-08-01 08:44:50: 3. About to listen on 5000
2026-08-01 08:44:53: ◇ injected env (0) from .env // tip: ⌁ auth for agents [www.vestauth.com]
2026-08-01 08:44:53: 3. About to listen on 5000
2026-08-01 08:44:57: ◇ injected env (0) from .env // tip: ◈ secrets for agents [www.dotenvx.com]
2026-08-01 08:44:57: 3. About to listen on 5000
2026-08-01 08:45:00: ◇ injected env (0) from .env // tip: ⌘ enable debugging { debug: true }
2026-08-01 08:45:00: 3. About to listen on 5000
2026-08-01 08:45:03: ◇ injected env (0) from .env // tip: ⌁ auth for agents [www.vestauth.com]
2026-08-01 08:45:03: 3. About to listen on 5000
2026-08-01 08:45:07: ◇ injected env (0) from .env // tip: ⌘ custom filepath { path: '/custom/path/.env' }
2026-08-01 08:45:07: 3. About to listen on 5000
2026-08-01 08:45:10: ◇ injected env (0) from .env // tip: ⌘ suppress logs { quiet: true }
2026-08-01 08:45:10: 3. About to listen on 5000
2026-08-01 08:45:13: ◇ injected env (0) from .env // tip: ◈ secrets for agents [www.dotenvx.com]
2026-08-01 08:45:13: 3. About to listen on 5000
2026-08-01 08:45:16: ◇ injected env (0) from .env // tip: ◈ encrypted .env [www.dotenvx.com]
2026-08-01 08:45:16: 3. About to listen on 5000
2026-08-01 08:45:20: ◇ injected env (0) from .env // tip: ⌘ enable debugging { debug: true }
2026-08-01 08:45:20: 3. About to listen on 5000
2026-08-01 08:45:23: ◇ injected env (0) from .env // tip: ⌘ suppress logs { quiet: true }
2026-08-01 08:45:23: 3. About to listen on 5000
2026-08-01 08:45:26: ◇ injected env (0) from .env // tip: ◈ encrypted .env [www.dotenvx.com]
2026-08-01 08:45:26: 3. About to listen on 5000
2026-08-01 08:45:30: ◇ injected env (0) from .env // tip: ⌘ suppress logs { quiet: true }
2026-08-01 08:45:30: 3. About to listen on 5000
2026-08-01 08:45:33: ◇ injected env (0) from .env // tip: ⌁ auth for agents [www.vestauth.com]
2026-08-01 08:45:33: 3. About to listen on 5000
2026-08-01 08:45:36: ◇ injected env (0) from .env // tip: ⌘ override existing { override: true }
2026-08-01 08:45:36: 3. About to listen on 5000
2026-08-01 08:45:39: ◇ injected env (0) from .env // tip: ⌁ auth for agents [www.vestauth.com]
2026-08-01 08:45:40: 3. About to listen on 5000
2026-08-01 08:45:43: ◇ injected env (0) from .env // tip: ⌘ override existing { override: true }
2026-08-01 08:45:43: 3. About to listen on 5000
2026-08-01 08:45:46: ◇ injected env (0) from .env // tip: ◈ secrets for agents [www.dotenvx.com]
2026-08-01 08:45:46: 3. About to listen on 5000
2026-08-01 08:45:49: ◇ injected env (0) from .env // tip: ⌘ override existing { override: true }
2026-08-01 08:45:49: 3. About to listen on 5000
2026-08-01 08:45:53: ◇ injected env (0) from .env // tip: ◈ encrypted .env [www.dotenvx.com]
2026-08-01 08:45:53: 3. About to listen on 5000
2026-08-01 08:45:56: ◇ injected env (0) from .env // tip: ⌘ multiple files { path: ['.env.local', '.env'] }
2026-08-01 08:45:56: 3. About to listen on 5000
2026-08-01 08:45:59: ◇ injected env (0) from .env // tip: ⌘ suppress logs { quiet: true }
2026-08-01 08:45:59: 3. About to listen on 5000
2026-08-01 08:46:03: ◇ injected env (0) from .env // tip: ⌘ custom filepath { path: '/custom/path/.env' }
2026-08-01 08:46:03: 3. About to listen on 5000
2026-08-01 08:46:06: ◇ injected env (0) from .env // tip: ⌘ override existing { override: true }
2026-08-01 08:46:06: 3. About to listen on 5000
2026-08-01 08:46:09: ◇ injected env (0) from .env // tip: ◈ encrypted .env [www.dotenvx.com]
2026-08-01 08:46:09: 3. About to listen on 5000
2026-08-01 08:46:12: ◇ injected env (0) from .env // tip: ⌁ auth for agents [www.vestauth.com]
2026-08-01 08:46:12: 3. About to listen on 5000
2026-08-01 08:46:16: ◇ injected env (0) from .env // tip: ⌘ override existing { override: true }
2026-08-01 08:46:16: 3. About to listen on 5000
2026-08-01 08:46:19: ◇ injected env (0) from .env // tip: ◈ encrypted .env [www.dotenvx.com]
2026-08-01 08:46:19: 3. About to listen on 5000
2026-08-01 08:46:22: ◇ injected env (0) from .env // tip: ⌁ auth for agents [www.vestauth.com]
2026-08-01 08:46:22: 3. About to listen on 5000
2026-08-01 08:46:26: ◇ injected env (0) from .env // tip: ⌘ multiple files { path: ['.env.local', '.env'] }
2026-08-01 08:46:26: 3. About to listen on 5000
2026-08-01 08:46:29: ◇ injected env (0) from .env // tip: ⌘ suppress logs { quiet: true }
2026-08-01 08:46:29: 3. About to listen on 5000
2026-08-01 08:46:32: ◇ injected env (0) from .env // tip: ⌘ suppress logs { quiet: true }
2026-08-01 08:46:32: 3. About to listen on 5000
2026-08-01 08:46:36: ◇ injected env (0) from .env // tip: ◈ encrypted .env [www.dotenvx.com]
2026-08-01 08:46:36: 3. About to listen on 5000
2026-08-01 08:46:39: ◇ injected env (0) from .env // tip: ⌘ multiple files { path: ['.env.local', '.env'] }
2026-08-01 08:46:39: 3. About to listen on 5000
2026-08-01 08:46:42: ◇ injected env (0) from .env // tip: ⌘ multiple files { path: ['.env.local', '.env'] }
2026-08-01 08:46:42: 3. About to listen on 5000
2026-08-01 08:46:45: ◇ injected env (0) from .env // tip: ⌘ enable debugging { debug: true }
2026-08-01 08:46:45: 3. About to listen on 5000
2026-08-01 08:46:49: ◇ injected env (0) from .env // tip: ⌘ enable debugging { debug: true }
2026-08-01 08:46:49: 3. About to listen on 5000
2026-08-01 08:46:52: ◇ injected env (0) from .env // tip: ◈ encrypted .env [www.dotenvx.com]
2026-08-01 08:46:52: 3. About to listen on 5000
2026-08-01 08:46:55: ◇ injected env (0) from .env // tip: ⌁ auth for agents [www.vestauth.com]
2026-08-01 08:46:55: 3. About to listen on 5000
2026-08-01 08:46:58: ◇ injected env (0) from .env // tip: ⌘ override existing { override: true }
2026-08-01 08:46:58: 3. About to listen on 5000
2026-08-01 08:47:02: ◇ injected env (0) from .env // tip: ⌘ custom filepath { path: '/custom/path/.env' }
2026-08-01 08:47:02: 3. About to listen on 5000
2026-08-01 08:47:05: ◇ injected env (0) from .env // tip: ⌁ auth for agents [www.vestauth.com]
2026-08-01 08:47:05: 3. About to listen on 5000
2026-08-01 08:47:08: ◇ injected env (0) from .env // tip: ⌘ enable debugging { debug: true }
2026-08-01 08:47:08: 3. About to listen on 5000
2026-08-01 08:47:12: ◇ injected env (0) from .env // tip: ⌘ override existing { override: true }
2026-08-01 08:47:12: 3. About to listen on 5000
2026-08-01 08:47:15: ◇ injected env (0) from .env // tip: ⌘ custom filepath { path: '/custom/path/.env' }
2026-08-01 08:47:15: 3. About to listen on 5000
2026-08-01 08:47:18: ◇ injected env (0) from .env // tip: ⌘ override existing { override: true }
2026-08-01 08:47:18: 3. About to listen on 5000
2026-08-01 08:47:21: ◇ injected env (0) from .env // tip: ⌘ suppress logs { quiet: true }
2026-08-01 08:47:21: 3. About to listen on 5000
2026-08-01 08:47:25: ◇ injected env (0) from .env // tip: ⌁ auth for agents [www.vestauth.com]
2026-08-01 08:47:25: 3. About to listen on 5000
2026-08-01 08:47:28: ◇ injected env (0) from .env // tip: ◈ encrypted .env [www.dotenvx.com]
2026-08-01 08:47:28: 3. About to listen on 5000
2026-08-01 08:47:31: ◇ injected env (0) from .env // tip: ⌁ auth for agents [www.vestauth.com]
2026-08-01 08:47:31: 3. About to listen on 5000
2026-08-01 08:47:35: ◇ injected env (0) from .env // tip: ◈ encrypted .env [www.dotenvx.com]
2026-08-01 08:47:35: 3. About to listen on 5000
2026-08-01 08:47:38: ◇ injected env (0) from .env // tip: ⌘ custom filepath { path: '/custom/path/.env' }
2026-08-01 08:47:38: 3. About to listen on 5000
2026-08-01 08:47:41: ◇ injected env (0) from .env // tip: ⌘ suppress logs { quiet: true }
2026-08-01 08:47:41: 3. About to listen on 5000
2026-08-01 08:47:45: ◇ injected env (0) from .env // tip: ⌘ suppress logs { quiet: true }
2026-08-01 08:47:45: 3. About to listen on 5000
2026-08-01 08:47:48: ◇ injected env (0) from .env // tip: ⌘ override existing { override: true }
2026-08-01 08:47:48: 3. About to listen on 5000
2026-08-01 08:47:51: ◇ injected env (0) from .env // tip: ⌘ enable debugging { debug: true }
2026-08-01 08:47:51: 3. About to listen on 5000
2026-08-01 08:47:55: ◇ injected env (0) from .env // tip: ⌘ override existing { override: true }
2026-08-01 08:47:55: 3. About to listen on 5000
2026-08-01 08:47:58: ◇ injected env (0) from .env // tip: ⌘ multiple files { path: ['.env.local', '.env'] }
2026-08-01 08:47:58: 3. About to listen on 5000
2026-08-01 08:48:01: ◇ injected env (0) from .env // tip: ⌘ multiple files { path: ['.env.local', '.env'] }
2026-08-01 08:48:01: 3. About to listen on 5000
2026-08-01 08:48:04: ◇ injected env (0) from .env // tip: ⌁ auth for agents [www.vestauth.com]
2026-08-01 08:48:04: 3. About to listen on 5000
2026-08-01 08:48:08: ◇ injected env (0) from .env // tip: ⌘ multiple files { path: ['.env.local', '.env'] }
2026-08-01 08:48:08: 3. About to listen on 5000
2026-08-01 08:48:11: ◇ injected env (0) from .env // tip: ⌘ override existing { override: true }
2026-08-01 08:48:11: 3. About to listen on 5000
2026-08-01 08:48:14: ◇ injected env (0) from .env // tip: ◈ encrypted .env [www.dotenvx.com]
2026-08-01 08:48:14: 3. About to listen on 5000
2026-08-01 08:48:18: ◇ injected env (0) from .env // tip: ⌘ enable debugging { debug: true }
2026-08-01 08:48:18: 3. About to listen on 5000
2026-08-01 08:48:21: ◇ injected env (0) from .env // tip: ◈ secrets for agents [www.dotenvx.com]
2026-08-01 08:48:21: 3. About to listen on 5000
2026-08-01 08:48:24: ◇ injected env (0) from .env // tip: ⌁ auth for agents [www.vestauth.com]
2026-08-01 08:48:24: 3. About to listen on 5000
2026-08-01 08:48:27: ◇ injected env (0) from .env // tip: ◈ secrets for agents [www.dotenvx.com]
2026-08-01 08:48:27: 3. About to listen on 5000
2026-08-01 08:48:31: ◇ injected env (0) from .env // tip: ◈ encrypted .env [www.dotenvx.com]
2026-08-01 08:48:31: 3. About to listen on 5000
2026-08-01 08:48:34: ◇ injected env (0) from .env // tip: ⌘ multiple files { path: ['.env.local', '.env'] }
2026-08-01 08:48:34: 3. About to listen on 5000
2026-08-01 08:48:37: ◇ injected env (0) from .env // tip: ⌘ custom filepath { path: '/custom/path/.env' }
2026-08-01 08:48:37: 3. About to listen on 5000
2026-08-01 08:48:41: ◇ injected env (0) from .env // tip: ⌁ auth for agents [www.vestauth.com]
2026-08-01 08:48:41: 3. About to listen on 5000
2026-08-01 08:48:44: ◇ injected env (0) from .env // tip: ⌘ enable debugging { debug: true }
2026-08-01 08:48:44: 3. About to listen on 5000
2026-08-01 08:48:47: ◇ injected env (0) from .env // tip: ⌘ override existing { override: true }
2026-08-01 08:48:47: 3. About to listen on 5000
2026-08-01 08:48:51: ◇ injected env (0) from .env // tip: ⌘ suppress logs { quiet: true }
2026-08-01 08:48:51: 3. About to listen on 5000
2026-08-01 08:48:54: ◇ injected env (0) from .env // tip: ⌘ suppress logs { quiet: true }
2026-08-01 08:48:54: 3. About to listen on 5000
2026-08-01 08:48:57: ◇ injected env (0) from .env // tip: ◈ encrypted .env [www.dotenvx.com]
2026-08-01 08:48:57: 3. About to listen on 5000
2026-08-01 08:49:00: ◇ injected env (0) from .env // tip: ⌘ custom filepath { path: '/custom/path/.env' }
2026-08-01 08:49:00: 3. About to listen on 5000
2026-08-01 08:49:04: ◇ injected env (0) from .env // tip: ◈ encrypted .env [www.dotenvx.com]
2026-08-01 08:49:04: 3. About to listen on 5000
2026-08-01 08:49:07: ◇ injected env (0) from .env // tip: ⌘ suppress logs { quiet: true }
2026-08-01 08:49:07: 3. About to listen on 5000
2026-08-01 08:49:10: ◇ injected env (0) from .env // tip: ⌘ enable debugging { debug: true }
2026-08-01 08:49:10: 3. About to listen on 5000
2026-08-01 08:49:14: ◇ injected env (0) from .env // tip: ◈ encrypted .env [www.dotenvx.com]
2026-08-01 08:49:14: 3. About to listen on 5000
2026-08-01 08:49:17: ◇ injected env (0) from .env // tip: ⌘ override existing { override: true }
2026-08-01 08:49:17: 3. About to listen on 5000
2026-08-01 08:49:20: ◇ injected env (0) from .env // tip: ⌁ auth for agents [www.vestauth.com]
2026-08-01 08:49:20: 3. About to listen on 5000
2026-08-01 08:49:23: ◇ injected env (0) from .env // tip: ⌘ enable debugging { debug: true }
2026-08-01 08:49:23: 3. About to listen on 5000
2026-08-01 08:49:27: ◇ injected env (0) from .env // tip: ⌘ override existing { override: true }
2026-08-01 08:49:27: 3. About to listen on 5000
2026-08-01 08:49:30: ◇ injected env (0) from .env // tip: ◈ secrets for agents [www.dotenvx.com]
2026-08-01 08:49:30: 3. About to listen on 5000
2026-08-01 08:49:33: ◇ injected env (0) from .env // tip: ◈ encrypted .env [www.dotenvx.com]
2026-08-01 08:49:33: 3. About to listen on 5000
2026-08-01 08:49:37: ◇ injected env (0) from .env // tip: ◈ secrets for agents [www.dotenvx.com]
2026-08-01 08:49:37: 3. About to listen on 5000
2026-08-01 08:49:40: ◇ injected env (0) from .env // tip: ◈ secrets for agents [www.dotenvx.com]
2026-08-01 08:49:40: 3. About to listen on 5000
2026-08-01 08:49:43: ◇ injected env (0) from .env // tip: ◈ secrets for agents [www.dotenvx.com]
2026-08-01 08:49:43: 3. About to listen on 5000
2026-08-01 08:49:46: ◇ injected env (0) from .env // tip: ◈ encrypted .env [www.dotenvx.com]
2026-08-01 08:49:46: 3. About to listen on 5000
2026-08-01 08:49:50: ◇ injected env (0) from .env // tip: ⌘ custom filepath { path: '/custom/path/.env' }
2026-08-01 08:49:50: 3. About to listen on 5000
2026-08-01 08:49:53: ◇ injected env (0) from .env // tip: ⌘ enable debugging { debug: true }
2026-08-01 08:49:53: 3. About to listen on 5000
2026-08-01 08:49:56: ◇ injected env (0) from .env // tip: ⌘ custom filepath { path: '/custom/path/.env' }
2026-08-01 08:49:56: 3. About to listen on 5000
2026-08-01 08:50:00: ◇ injected env (0) from .env // tip: ⌘ custom filepath { path: '/custom/path/.env' }
2026-08-01 08:50:00: 3. About to listen on 5000
2026-08-01 08:50:03: ◇ injected env (0) from .env // tip: ◈ secrets for agents [www.dotenvx.com]
2026-08-01 08:50:03: 3. About to listen on 5000
2026-08-01 08:50:06: ◇ injected env (0) from .env // tip: ⌘ multiple files { path: ['.env.local', '.env'] }
2026-08-01 08:50:06: 3. About to listen on 5000
2026-08-01 08:50:10: ◇ injected env (0) from .env // tip: ⌘ custom filepath { path: '/custom/path/.env' }
2026-08-01 08:50:10: 3. About to listen on 5000
2026-08-01 08:50:13: ◇ injected env (0) from .env // tip: ⌘ override existing { override: true }
2026-08-01 08:50:13: 3. About to listen on 5000
2026-08-01 08:50:16: ◇ injected env (0) from .env // tip: ⌘ enable debugging { debug: true }
2026-08-01 08:50:16: 3. About to listen on 5000
2026-08-01 08:50:19: ◇ injected env (0) from .env // tip: ◈ encrypted .env [www.dotenvx.com]
2026-08-01 08:50:19: 3. About to listen on 5000
2026-08-01 08:50:23: ◇ injected env (0) from .env // tip: ⌘ custom filepath { path: '/custom/path/.env' }
2026-08-01 08:50:23: 3. About to listen on 5000
2026-08-01 08:50:26: ◇ injected env (0) from .env // tip: ◈ encrypted .env [www.dotenvx.com]
2026-08-01 08:50:26: 3. About to listen on 5000
2026-08-01 08:50:29: ◇ injected env (0) from .env // tip: ⌁ auth for agents [www.vestauth.com]
2026-08-01 08:50:29: 3. About to listen on 5000
2026-08-01 08:50:33: ◇ injected env (0) from .env // tip: ⌘ enable debugging { debug: true }
2026-08-01 08:50:33: 3. About to listen on 5000
2026-08-01 08:50:36: ◇ injected env (0) from .env // tip: ⌁ auth for agents [www.vestauth.com]
2026-08-01 08:50:36: 3. About to listen on 5000
2026-08-01 08:50:40: ◇ injected env (0) from .env // tip: ◈ secrets for agents [www.dotenvx.com]
2026-08-01 08:50:40: 3. About to listen on 5000
2026-08-01 08:50:43: ◇ injected env (0) from .env // tip: ⌘ enable debugging { debug: true }
2026-08-01 08:50:43: 3. About to listen on 5000
2026-08-01 08:50:46: ◇ injected env (0) from .env // tip: ⌁ auth for agents [www.vestauth.com]
2026-08-01 08:50:46: 3. About to listen on 5000
2026-08-01 08:50:50: ◇ injected env (0) from .env // tip: ⌘ suppress logs { quiet: true }
2026-08-01 08:50:50: 3. About to listen on 5000
2026-08-01 08:50:53: ◇ injected env (0) from .env // tip: ⌘ suppress logs { quiet: true }
2026-08-01 08:50:53: 3. About to listen on 5000
2026-08-01 08:50:57: ◇ injected env (0) from .env // tip: ◈ encrypted .env [www.dotenvx.com]
2026-08-01 08:50:57: 3. About to listen on 5000
2026-08-01 08:51:00: ◇ injected env (0) from .env // tip: ⌘ multiple files { path: ['.env.local', '.env'] }
2026-08-01 08:51:00: 3. About to listen on 5000
2026-08-01 08:51:03: ◇ injected env (0) from .env // tip: ⌘ override existing { override: true }
2026-08-01 08:51:03: 3. About to listen on 5000
2026-08-01 08:51:06: ◇ injected env (0) from .env // tip: ◈ encrypted .env [www.dotenvx.com]
2026-08-01 08:51:06: 3. About to listen on 5000
2026-08-01 08:51:10: ◇ injected env (0) from .env // tip: ⌘ suppress logs { quiet: true }
2026-08-01 08:51:10: 3. About to listen on 5000
2026-08-01 08:51:13: ◇ injected env (0) from .env // tip: ◈ encrypted .env [www.dotenvx.com]
2026-08-01 08:51:13: 3. About to listen on 5000
2026-08-01 08:51:16: ◇ injected env (0) from .env // tip: ⌘ custom filepath { path: '/custom/path/.env' }
2026-08-01 08:51:16: 3. About to listen on 5000
2026-08-01 08:51:20: ◇ injected env (0) from .env // tip: ◈ encrypted .env [www.dotenvx.com]
2026-08-01 08:51:20: 3. About to listen on 5000
2026-08-01 08:51:23: ◇ injected env (0) from .env // tip: ◈ secrets for agents [www.dotenvx.com]
2026-08-01 08:51:23: 3. About to listen on 5000
2026-08-01 08:51:26: ◇ injected env (0) from .env // tip: ⌘ multiple files { path: ['.env.local', '.env'] }
2026-08-01 08:51:26: 3. About to listen on 5000
2026-08-01 08:51:30: ◇ injected env (0) from .env // tip: ⌘ custom filepath { path: '/custom/path/.env' }
2026-08-01 08:51:30: 3. About to listen on 5000
2026-08-01 08:51:33: ◇ injected env (0) from .env // tip: ⌘ multiple files { path: ['.env.local', '.env'] }
2026-08-01 08:51:33: 3. About to listen on 5000
2026-08-01 08:51:36: ◇ injected env (0) from .env // tip: ⌘ multiple files { path: ['.env.local', '.env'] }
2026-08-01 08:51:36: 3. About to listen on 5000
2026-08-01 08:51:40: ◇ injected env (0) from .env // tip: ⌘ override existing { override: true }
2026-08-01 08:51:40: 3. About to listen on 5000
2026-08-01 08:51:43: ◇ injected env (0) from .env // tip: ⌘ override existing { override: true }
2026-08-01 08:51:43: 3. About to listen on 5000
2026-08-01 08:51:46: ◇ injected env (0) from .env // tip: ⌘ suppress logs { quiet: true }
2026-08-01 08:51:46: 3. About to listen on 5000
2026-08-01 08:51:49: ◇ injected env (0) from .env // tip: ⌁ auth for agents [www.vestauth.com]
2026-08-01 08:51:49: 3. About to listen on 5000
2026-08-01 08:51:53: ◇ injected env (0) from .env // tip: ◈ encrypted .env [www.dotenvx.com]
2026-08-01 08:51:53: 3. About to listen on 5000
2026-08-01 08:51:56: ◇ injected env (0) from .env // tip: ⌘ multiple files { path: ['.env.local', '.env'] }
2026-08-01 08:51:56: 3. About to listen on 5000
2026-08-01 08:51:59: ◇ injected env (0) from .env // tip: ⌘ enable debugging { debug: true }
2026-08-01 08:51:59: 3. About to listen on 5000
2026-08-01 08:52:03: ◇ injected env (0) from .env // tip: ⌘ enable debugging { debug: true }
2026-08-01 08:52:03: 3. About to listen on 5000
2026-08-01 08:52:06: ◇ injected env (0) from .env // tip: ◈ secrets for agents [www.dotenvx.com]
2026-08-01 08:52:06: 3. About to listen on 5000
2026-08-01 08:52:09: ◇ injected env (0) from .env // tip: ⌘ multiple files { path: ['.env.local', '.env'] }
2026-08-01 08:52:09: 3. About to listen on 5000
2026-08-01 08:52:13: ◇ injected env (0) from .env // tip: ⌘ suppress logs { quiet: true }
2026-08-01 08:52:13: 3. About to listen on 5000
2026-08-01 08:52:16: ◇ injected env (0) from .env // tip: ⌘ custom filepath { path: '/custom/path/.env' }
2026-08-01 08:52:16: 3. About to listen on 5000
2026-08-01 08:52:19: ◇ injected env (0) from .env // tip: ⌘ override existing { override: true }
2026-08-01 08:52:19: 3. About to listen on 5000
2026-08-01 08:52:22: ◇ injected env (0) from .env // tip: ◈ secrets for agents [www.dotenvx.com]
2026-08-01 08:52:22: 3. About to listen on 5000
2026-08-01 08:52:26: ◇ injected env (0) from .env // tip: ◈ encrypted .env [www.dotenvx.com]
2026-08-01 08:52:26: 3. About to listen on 5000
2026-08-01 08:52:29: ◇ injected env (0) from .env // tip: ⌘ suppress logs { quiet: true }
2026-08-01 08:52:29: 3. About to listen on 5000
2026-08-01 08:52:32: ◇ injected env (0) from .env // tip: ⌘ custom filepath { path: '/custom/path/.env' }
2026-08-01 08:52:32: 3. About to listen on 5000
2026-08-01 08:52:36: ◇ injected env (0) from .env // tip: ⌘ suppress logs { quiet: true }
2026-08-01 08:52:36: 3. About to listen on 5000
2026-08-01 08:52:39: ◇ injected env (0) from .env // tip: ⌘ enable debugging { debug: true }
2026-08-01 08:52:39: 3. About to listen on 5000
2026-08-01 08:52:42: ◇ injected env (0) from .env // tip: ⌘ suppress logs { quiet: true }
2026-08-01 08:52:42: 3. About to listen on 5000
2026-08-01 08:52:46: ◇ injected env (0) from .env // tip: ⌘ custom filepath { path: '/custom/path/.env' }
2026-08-01 08:52:46: 3. About to listen on 5000
2026-08-01 08:52:49: ◇ injected env (0) from .env // tip: ⌘ enable debugging { debug: true }
2026-08-01 08:52:49: 3. About to listen on 5000
2026-08-01 08:52:52: ◇ injected env (0) from .env // tip: ⌁ auth for agents [www.vestauth.com]
2026-08-01 08:52:52: 3. About to listen on 5000
2026-08-01 08:52:56: ◇ injected env (0) from .env // tip: ⌘ custom filepath { path: '/custom/path/.env' }
2026-08-01 08:52:56: 3. About to listen on 5000
2026-08-01 08:52:59: ◇ injected env (0) from .env // tip: ◈ encrypted .env [www.dotenvx.com]
2026-08-01 08:52:59: 3. About to listen on 5000
2026-08-01 08:53:02: ◇ injected env (0) from .env // tip: ⌘ custom filepath { path: '/custom/path/.env' }
2026-08-01 08:53:02: 3. About to listen on 5000
2026-08-01 08:53:06: ◇ injected env (0) from .env // tip: ⌘ multiple files { path: ['.env.local', '.env'] }
2026-08-01 08:53:06: 3. About to listen on 5000
2026-08-01 08:53:09: ◇ injected env (0) from .env // tip: ⌘ override existing { override: true }
2026-08-01 08:53:09: 3. About to listen on 5000
2026-08-01 08:53:12: ◇ injected env (0) from .env // tip: ◈ encrypted .env [www.dotenvx.com]
2026-08-01 08:53:13: 3. About to listen on 5000
2026-08-01 08:53:16: ◇ injected env (0) from .env // tip: ◈ secrets for agents [www.dotenvx.com]
2026-08-01 08:53:16: 3. About to listen on 5000
2026-08-01 08:53:19: ◇ injected env (0) from .env // tip: ⌘ override existing { override: true }
2026-08-01 08:53:19: 3. About to listen on 5000
2026-08-01 08:53:22: ◇ injected env (0) from .env // tip: ⌘ multiple files { path: ['.env.local', '.env'] }
2026-08-01 08:53:22: 3. About to listen on 5000
2026-08-01 08:53:26: ◇ injected env (0) from .env // tip: ◈ encrypted .env [www.dotenvx.com]
2026-08-01 08:53:26: 3. About to listen on 5000
2026-08-01 08:53:29: ◇ injected env (0) from .env // tip: ⌘ multiple files { path: ['.env.local', '.env'] }
2026-08-01 08:53:29: 3. About to listen on 5000
2026-08-01 08:53:32: ◇ injected env (0) from .env // tip: ⌘ multiple files { path: ['.env.local', '.env'] }
2026-08-01 08:53:32: 3. About to listen on 5000
2026-08-01 08:53:36: ◇ injected env (0) from .env // tip: ◈ secrets for agents [www.dotenvx.com]
2026-08-01 08:53:36: 3. About to listen on 5000
2026-08-01 08:53:39: ◇ injected env (0) from .env // tip: ⌘ enable debugging { debug: true }
2026-08-01 08:53:39: 3. About to listen on 5000
2026-08-01 08:53:42: ◇ injected env (0) from .env // tip: ⌘ enable debugging { debug: true }
2026-08-01 08:53:42: 3. About to listen on 5000
2026-08-01 08:53:46: ◇ injected env (0) from .env // tip: ◈ encrypted .env [www.dotenvx.com]
2026-08-01 08:53:46: 3. About to listen on 5000
2026-08-01 08:53:49: ◇ injected env (0) from .env // tip: ⌘ multiple files { path: ['.env.local', '.env'] }
2026-08-01 08:53:49: 3. About to listen on 5000
2026-08-01 08:53:52: ◇ injected env (0) from .env // tip: ⌘ enable debugging { debug: true }
2026-08-01 08:53:52: 3. About to listen on 5000
2026-08-01 08:53:55: ◇ injected env (0) from .env // tip: ⌘ enable debugging { debug: true }
2026-08-01 08:53:55: 3. About to listen on 5000
2026-08-01 08:53:59: ◇ injected env (0) from .env // tip: ⌁ auth for agents [www.vestauth.com]
2026-08-01 08:53:59: 3. About to listen on 5000
2026-08-01 08:54:02: ◇ injected env (0) from .env // tip: ⌘ suppress logs { quiet: true }
2026-08-01 08:54:02: 3. About to listen on 5000
2026-08-01 08:54:05: ◇ injected env (0) from .env // tip: ⌘ custom filepath { path: '/custom/path/.env' }
2026-08-01 08:54:05: 3. About to listen on 5000
2026-08-01 08:54:09: ◇ injected env (0) from .env // tip: ⌘ override existing { override: true }
2026-08-01 08:54:09: 3. About to listen on 5000
2026-08-01 08:54:12: ◇ injected env (0) from .env // tip: ◈ encrypted .env [www.dotenvx.com]
2026-08-01 08:54:12: 3. About to listen on 5000
2026-08-01 08:54:15: ◇ injected env (0) from .env // tip: ⌘ multiple files { path: ['.env.local', '.env'] }
2026-08-01 08:54:15: 3. About to listen on 5000
2026-08-01 08:54:19: ◇ injected env (0) from .env // tip: ⌘ multiple files { path: ['.env.local', '.env'] }
2026-08-01 08:54:19: 3. About to listen on 5000
2026-08-01 08:54:22: ◇ injected env (0) from .env // tip: ⌁ auth for agents [www.vestauth.com]
2026-08-01 08:54:22: 3. About to listen on 5000
2026-08-01 08:54:25: ◇ injected env (0) from .env // tip: ◈ encrypted .env [www.dotenvx.com]
2026-08-01 08:54:25: 3. About to listen on 5000
2026-08-01 08:54:29: ◇ injected env (0) from .env // tip: ⌁ auth for agents [www.vestauth.com]
2026-08-01 08:54:29: 3. About to listen on 5000
2026-08-01 08:54:32: ◇ injected env (0) from .env // tip: ⌘ enable debugging { debug: true }
2026-08-01 08:54:32: 3. About to listen on 5000
2026-08-01 08:54:35: ◇ injected env (0) from .env // tip: ⌘ multiple files { path: ['.env.local', '.env'] }
2026-08-01 08:54:35: 3. About to listen on 5000
2026-08-01 08:54:39: ◇ injected env (0) from .env // tip: ◈ secrets for agents [www.dotenvx.com]
2026-08-01 08:54:39: 3. About to listen on 5000
2026-08-01 08:54:42: ◇ injected env (0) from .env // tip: ⌘ override existing { override: true }
2026-08-01 08:54:42: 3. About to listen on 5000
2026-08-01 08:54:45: ◇ injected env (0) from .env // tip: ⌘ multiple files { path: ['.env.local', '.env'] }
2026-08-01 08:54:45: 3. About to listen on 5000
2026-08-01 08:54:49: ◇ injected env (0) from .env // tip: ⌘ suppress logs { quiet: true }
2026-08-01 08:54:49: 3. About to listen on 5000
2026-08-01 08:54:52: ◇ injected env (0) from .env // tip: ⌘ enable debugging { debug: true }
2026-08-01 08:54:52: 3. About to listen on 5000
2026-08-01 08:54:55: ◇ injected env (0) from .env // tip: ◈ secrets for agents [www.dotenvx.com]
2026-08-01 08:54:55: 3. About to listen on 5000
2026-08-01 08:54:59: ◇ injected env (0) from .env // tip: ⌘ override existing { override: true }
2026-08-01 08:54:59: 3. About to listen on 5000
2026-08-01 08:55:02: ◇ injected env (0) from .env // tip: ⌘ enable debugging { debug: true }
2026-08-01 08:55:02: 3. About to listen on 5000
2026-08-01 08:55:05: ◇ injected env (0) from .env // tip: ◈ encrypted .env [www.dotenvx.com]
2026-08-01 08:55:05: 3. About to listen on 5000
2026-08-01 08:55:09: ◇ injected env (0) from .env // tip: ⌘ custom filepath { path: '/custom/path/.env' }
2026-08-01 08:55:09: 3. About to listen on 5000
2026-08-01 08:55:12: ◇ injected env (0) from .env // tip: ⌘ custom filepath { path: '/custom/path/.env' }
2026-08-01 08:55:12: 3. About to listen on 5000
2026-08-01 08:55:15: ◇ injected env (0) from .env // tip: ⌘ multiple files { path: ['.env.local', '.env'] }
2026-08-01 08:55:15: 3. About to listen on 5000
2026-08-01 08:55:19: ◇ injected env (0) from .env // tip: ⌘ custom filepath { path: '/custom/path/.env' }
2026-08-01 08:55:19: 3. About to listen on 5000
2026-08-01 08:55:22: ◇ injected env (0) from .env // tip: ⌘ override existing { override: true }
2026-08-01 08:55:22: 3. About to listen on 5000
2026-08-01 08:55:25: ◇ injected env (0) from .env // tip: ◈ encrypted .env [www.dotenvx.com]
2026-08-01 08:55:25: 3. About to listen on 5000
2026-08-01 08:55:29: ◇ injected env (0) from .env // tip: ⌘ custom filepath { path: '/custom/path/.env' }
2026-08-01 08:55:29: 3. About to listen on 5000
2026-08-01 08:55:32: ◇ injected env (0) from .env // tip: ⌁ auth for agents [www.vestauth.com]
2026-08-01 08:55:32: 3. About to listen on 5000
2026-08-01 08:55:35: ◇ injected env (0) from .env // tip: ⌘ custom filepath { path: '/custom/path/.env' }
2026-08-01 08:55:35: 3. About to listen on 5000
2026-08-01 08:55:38: ◇ injected env (0) from .env // tip: ⌘ override existing { override: true }
2026-08-01 08:55:38: 3. About to listen on 5000
2026-08-01 08:55:42: ◇ injected env (0) from .env // tip: ⌁ auth for agents [www.vestauth.com]
2026-08-01 08:55:42: 3. About to listen on 5000
2026-08-01 08:55:45: ◇ injected env (0) from .env // tip: ◈ secrets for agents [www.dotenvx.com]
2026-08-01 08:55:45: 3. About to listen on 5000
2026-08-01 08:55:48: ◇ injected env (0) from .env // tip: ⌘ enable debugging { debug: true }
2026-08-01 08:55:48: 3. About to listen on 5000
2026-08-01 08:55:52: ◇ injected env (0) from .env // tip: ⌘ custom filepath { path: '/custom/path/.env' }
2026-08-01 08:55:52: 3. About to listen on 5000
2026-08-01 08:55:55: ◇ injected env (0) from .env // tip: ⌘ multiple files { path: ['.env.local', '.env'] }
2026-08-01 08:55:55: 3. About to listen on 5000
2026-08-01 08:55:58: ◇ injected env (0) from .env // tip: ◈ encrypted .env [www.dotenvx.com]
2026-08-01 08:55:58: 3. About to listen on 5000
2026-08-01 08:56:01: ◇ injected env (0) from .env // tip: ◈ encrypted .env [www.dotenvx.com]
2026-08-01 08:56:02: 3. About to listen on 5000
2026-08-01 08:56:05: ◇ injected env (0) from .env // tip: ◈ encrypted .env [www.dotenvx.com]
2026-08-01 08:56:05: 3. About to listen on 5000
2026-08-01 08:56:08: ◇ injected env (0) from .env // tip: ⌘ custom filepath { path: '/custom/path/.env' }
2026-08-01 08:56:08: 3. About to listen on 5000
2026-08-01 08:56:11: ◇ injected env (0) from .env // tip: ⌘ custom filepath { path: '/custom/path/.env' }
2026-08-01 08:56:11: 3. About to listen on 5000
2026-08-01 08:56:15: ◇ injected env (0) from .env // tip: ⌘ suppress logs { quiet: true }
2026-08-01 08:56:15: 3. About to listen on 5000
2026-08-01 08:56:18: ◇ injected env (0) from .env // tip: ⌘ override existing { override: true }
2026-08-01 08:56:18: 3. About to listen on 5000
2026-08-01 08:56:21: ◇ injected env (0) from .env // tip: ⌘ enable debugging { debug: true }
2026-08-01 08:56:21: 3. About to listen on 5000
2026-08-01 08:56:25: ◇ injected env (0) from .env // tip: ◈ secrets for agents [www.dotenvx.com]
2026-08-01 08:56:25: 3. About to listen on 5000
2026-08-01 08:56:28: ◇ injected env (0) from .env // tip: ⌘ suppress logs { quiet: true }
2026-08-01 08:56:28: 3. About to listen on 5000
2026-08-01 08:56:31: ◇ injected env (0) from .env // tip: ⌘ enable debugging { debug: true }
2026-08-01 08:56:31: 3. About to listen on 5000
2026-08-01 08:56:35: ◇ injected env (0) from .env // tip: ⌘ override existing { override: true }
2026-08-01 08:56:35: 3. About to listen on 5000
2026-08-01 08:56:38: ◇ injected env (0) from .env // tip: ⌘ custom filepath { path: '/custom/path/.env' }
2026-08-01 08:56:38: 3. About to listen on 5000
2026-08-01 08:56:41: ◇ injected env (0) from .env // tip: ⌁ auth for agents [www.vestauth.com]
2026-08-01 08:56:41: 3. About to listen on 5000
2026-08-01 08:56:45: ◇ injected env (0) from .env // tip: ⌘ suppress logs { quiet: true }
2026-08-01 08:56:45: 3. About to listen on 5000
2026-08-01 08:56:48: ◇ injected env (0) from .env // tip: ⌘ enable debugging { debug: true }
2026-08-01 08:56:48: 3. About to listen on 5000
2026-08-01 08:56:52: ◇ injected env (0) from .env // tip: ◈ encrypted .env [www.dotenvx.com]
2026-08-01 08:56:52: 3. About to listen on 5000
2026-08-01 08:56:55: ◇ injected env (0) from .env // tip: ◈ secrets for agents [www.dotenvx.com]
2026-08-01 08:56:55: 3. About to listen on 5000
2026-08-01 08:56:58: ◇ injected env (0) from .env // tip: ⌘ multiple files { path: ['.env.local', '.env'] }
2026-08-01 08:56:58: 3. About to listen on 5000
2026-08-01 08:57:01: ◇ injected env (0) from .env // tip: ⌘ enable debugging { debug: true }
2026-08-01 08:57:01: 3. About to listen on 5000
2026-08-01 08:57:05: ◇ injected env (0) from .env // tip: ⌘ override existing { override: true }
2026-08-01 08:57:05: 3. About to listen on 5000
2026-08-01 08:57:08: ◇ injected env (0) from .env // tip: ◈ secrets for agents [www.dotenvx.com]
2026-08-01 08:57:08: 3. About to listen on 5000
2026-08-01 08:57:12: ◇ injected env (0) from .env // tip: ⌘ enable debugging { debug: true }
2026-08-01 08:57:12: 3. About to listen on 5000
2026-08-01 08:57:15: ◇ injected env (0) from .env // tip: ◈ secrets for agents [www.dotenvx.com]
2026-08-01 08:57:15: 3. About to listen on 5000
2026-08-01 08:57:18: ◇ injected env (0) from .env // tip: ⌘ override existing { override: true }
2026-08-01 08:57:18: 3. About to listen on 5000
2026-08-01 08:57:22: ◇ injected env (0) from .env // tip: ⌁ auth for agents [www.vestauth.com]
2026-08-01 08:57:22: 3. About to listen on 5000
2026-08-01 08:57:25: ◇ injected env (0) from .env // tip: ⌁ auth for agents [www.vestauth.com]
2026-08-01 08:57:25: 3. About to listen on 5000
2026-08-01 08:57:28: ◇ injected env (0) from .env // tip: ⌘ enable debugging { debug: true }
2026-08-01 08:57:28: 3. About to listen on 5000
2026-08-01 08:57:32: ◇ injected env (0) from .env // tip: ⌘ enable debugging { debug: true }
2026-08-01 08:57:32: 3. About to listen on 5000
2026-08-01 08:57:35: ◇ injected env (0) from .env // tip: ◈ secrets for agents [www.dotenvx.com]
2026-08-01 08:57:35: 3. About to listen on 5000
2026-08-01 08:57:38: ◇ injected env (0) from .env // tip: ⌘ override existing { override: true }
2026-08-01 08:57:38: 3. About to listen on 5000
2026-08-01 08:57:42: ◇ injected env (0) from .env // tip: ◈ secrets for agents [www.dotenvx.com]
2026-08-01 08:57:42: 3. About to listen on 5000
2026-08-01 08:57:45: ◇ injected env (0) from .env // tip: ⌘ enable debugging { debug: true }
2026-08-01 08:57:45: 3. About to listen on 5000
2026-08-01 08:57:48: ◇ injected env (0) from .env // tip: ⌘ enable debugging { debug: true }
2026-08-01 08:57:48: 3. About to listen on 5000
2026-08-01 08:57:51: ◇ injected env (0) from .env // tip: ⌘ enable debugging { debug: true }
2026-08-01 08:57:51: 3. About to listen on 5000
2026-08-01 08:57:55: ◇ injected env (0) from .env // tip: ⌘ override existing { override: true }
2026-08-01 08:57:55: 3. About to listen on 5000
2026-08-01 08:57:58: ◇ injected env (0) from .env // tip: ⌁ auth for agents [www.vestauth.com]
2026-08-01 08:57:58: 3. About to listen on 5000
2026-08-01 08:58:01: ◇ injected env (0) from .env // tip: ⌘ multiple files { path: ['.env.local', '.env'] }
2026-08-01 08:58:02: 3. About to listen on 5000
2026-08-01 08:58:05: ◇ injected env (0) from .env // tip: ◈ encrypted .env [www.dotenvx.com]
2026-08-01 08:58:05: 3. About to listen on 5000
2026-08-01 08:58:08: ◇ injected env (0) from .env // tip: ⌁ auth for agents [www.vestauth.com]
2026-08-01 08:58:08: 3. About to listen on 5000
2026-08-01 08:58:11: ◇ injected env (0) from .env // tip: ⌘ override existing { override: true }
2026-08-01 08:58:11: 3. About to listen on 5000
2026-08-01 08:58:15: ◇ injected env (0) from .env // tip: ⌘ multiple files { path: ['.env.local', '.env'] }
2026-08-01 08:58:15: 3. About to listen on 5000
2026-08-01 08:58:18: ◇ injected env (0) from .env // tip: ◈ encrypted .env [www.dotenvx.com]
2026-08-01 08:58:18: 3. About to listen on 5000
2026-08-01 08:58:21: ◇ injected env (0) from .env // tip: ⌘ enable debugging { debug: true }
2026-08-01 08:58:21: 3. About to listen on 5000
2026-08-01 08:58:25: ◇ injected env (0) from .env // tip: ⌘ override existing { override: true }
2026-08-01 08:58:25: 3. About to listen on 5000
2026-08-01 08:58:28: ◇ injected env (0) from .env // tip: ⌘ multiple files { path: ['.env.local', '.env'] }
2026-08-01 08:58:28: 3. About to listen on 5000
2026-08-01 08:58:31: ◇ injected env (0) from .env // tip: ⌘ custom filepath { path: '/custom/path/.env' }
2026-08-01 08:58:31: 3. About to listen on 5000
2026-08-01 08:58:35: ◇ injected env (0) from .env // tip: ⌘ suppress logs { quiet: true }
2026-08-01 08:58:35: 3. About to listen on 5000
2026-08-01 08:58:38: ◇ injected env (0) from .env // tip: ◈ secrets for agents [www.dotenvx.com]
2026-08-01 08:58:38: 3. About to listen on 5000
2026-08-01 08:58:41: ◇ injected env (0) from .env // tip: ⌘ custom filepath { path: '/custom/path/.env' }
2026-08-01 08:58:41: 3. About to listen on 5000
2026-08-01 08:58:45: ◇ injected env (0) from .env // tip: ⌘ suppress logs { quiet: true }
2026-08-01 08:58:45: 3. About to listen on 5000
2026-08-01 08:58:48: ◇ injected env (0) from .env // tip: ◈ secrets for agents [www.dotenvx.com]
2026-08-01 08:58:48: 3. About to listen on 5000
2026-08-01 08:58:51: ◇ injected env (0) from .env // tip: ⌁ auth for agents [www.vestauth.com]
2026-08-01 08:58:51: 3. About to listen on 5000
2026-08-01 08:58:55: ◇ injected env (0) from .env // tip: ⌘ multiple files { path: ['.env.local', '.env'] }
2026-08-01 08:58:55: 3. About to listen on 5000
2026-08-01 08:58:58: ◇ injected env (0) from .env // tip: ◈ encrypted .env [www.dotenvx.com]
2026-08-01 08:58:58: 3. About to listen on 5000
2026-08-01 08:59:01: ◇ injected env (0) from .env // tip: ◈ encrypted .env [www.dotenvx.com]
2026-08-01 08:59:01: 3. About to listen on 5000
2026-08-01 08:59:05: ◇ injected env (0) from .env // tip: ◈ encrypted .env [www.dotenvx.com]
2026-08-01 08:59:05: 3. About to listen on 5000
2026-08-01 08:59:08: ◇ injected env (0) from .env // tip: ⌘ override existing { override: true }
2026-08-01 08:59:08: 3. About to listen on 5000
2026-08-01 08:59:11: ◇ injected env (0) from .env // tip: ◈ secrets for agents [www.dotenvx.com]
2026-08-01 08:59:11: 3. About to listen on 5000
2026-08-01 08:59:15: ◇ injected env (0) from .env // tip: ⌘ enable debugging { debug: true }
2026-08-01 08:59:15: 3. About to listen on 5000
2026-08-01 08:59:18: ◇ injected env (0) from .env // tip: ⌘ enable debugging { debug: true }
2026-08-01 08:59:18: 3. About to listen on 5000
2026-08-01 08:59:21: ◇ injected env (0) from .env // tip: ⌘ enable debugging { debug: true }
2026-08-01 08:59:21: 3. About to listen on 5000
2026-08-01 08:59:24: ◇ injected env (0) from .env // tip: ⌁ auth for agents [www.vestauth.com]
2026-08-01 08:59:24: 3. About to listen on 5000
2026-08-01 08:59:28: ◇ injected env (0) from .env // tip: ⌘ custom filepath { path: '/custom/path/.env' }
2026-08-01 08:59:28: 3. About to listen on 5000
2026-08-01 08:59:31: ◇ injected env (0) from .env // tip: ⌘ enable debugging { debug: true }
2026-08-01 08:59:31: 3. About to listen on 5000
2026-08-01 08:59:34: ◇ injected env (0) from .env // tip: ◈ encrypted .env [www.dotenvx.com]
2026-08-01 08:59:34: 3. About to listen on 5000
2026-08-01 08:59:38: ◇ injected env (0) from .env // tip: ⌘ multiple files { path: ['.env.local', '.env'] }
2026-08-01 08:59:38: 3. About to listen on 5000
2026-08-01 08:59:41: ◇ injected env (0) from .env // tip: ⌘ suppress logs { quiet: true }
2026-08-01 08:59:41: 3. About to listen on 5000
2026-08-01 08:59:44: ◇ injected env (0) from .env // tip: ⌘ override existing { override: true }
2026-08-01 08:59:44: 3. About to listen on 5000
2026-08-01 08:59:48: ◇ injected env (0) from .env // tip: ◈ secrets for agents [www.dotenvx.com]
2026-08-01 08:59:48: 3. About to listen on 5000
2026-08-01 08:59:51: ◇ injected env (0) from .env // tip: ◈ secrets for agents [www.dotenvx.com]
2026-08-01 08:59:51: 3. About to listen on 5000
2026-08-01 08:59:54: ◇ injected env (0) from .env // tip: ◈ encrypted .env [www.dotenvx.com]
2026-08-01 08:59:54: 3. About to listen on 5000
2026-08-01 08:59:58: ◇ injected env (0) from .env // tip: ⌘ custom filepath { path: '/custom/path/.env' }
2026-08-01 08:59:58: 3. About to listen on 5000
2026-08-01 09:00:01: ◇ injected env (0) from .env // tip: ◈ secrets for agents [www.dotenvx.com]
2026-08-01 09:00:01: 3. About to listen on 5000
2026-08-01 09:00:04: ◇ injected env (0) from .env // tip: ⌘ custom filepath { path: '/custom/path/.env' }
2026-08-01 09:00:04: 3. About to listen on 5000
2026-08-01 09:00:07: ◇ injected env (0) from .env // tip: ⌘ custom filepath { path: '/custom/path/.env' }
2026-08-01 09:00:07: 3. About to listen on 5000
2026-08-01 09:00:11: ◇ injected env (0) from .env // tip: ⌁ auth for agents [www.vestauth.com]
2026-08-01 09:00:11: 3. About to listen on 5000
2026-08-01 09:00:14: ◇ injected env (0) from .env // tip: ⌘ suppress logs { quiet: true }
2026-08-01 09:00:14: 3. About to listen on 5000
2026-08-01 09:00:17: ◇ injected env (0) from .env // tip: ⌘ enable debugging { debug: true }
2026-08-01 09:00:17: 3. About to listen on 5000
2026-08-01 09:00:21: ◇ injected env (0) from .env // tip: ◈ secrets for agents [www.dotenvx.com]
2026-08-01 09:00:21: 3. About to listen on 5000
2026-08-01 09:00:24: ◇ injected env (0) from .env // tip: ◈ encrypted .env [www.dotenvx.com]
2026-08-01 09:00:24: 3. About to listen on 5000
2026-08-01 09:00:27: ◇ injected env (0) from .env // tip: ⌘ custom filepath { path: '/custom/path/.env' }
2026-08-01 09:00:27: 3. About to listen on 5000
2026-08-01 09:00:30: ◇ injected env (0) from .env // tip: ◈ encrypted .env [www.dotenvx.com]
2026-08-01 09:00:30: 3. About to listen on 5000
2026-08-01 09:00:34: ◇ injected env (0) from .env // tip: ⌘ suppress logs { quiet: true }
2026-08-01 09:00:34: 3. About to listen on 5000
2026-08-01 09:00:37: ◇ injected env (0) from .env // tip: ◈ encrypted .env [www.dotenvx.com]
2026-08-01 09:00:37: 3. About to listen on 5000
2026-08-01 09:00:40: ◇ injected env (0) from .env // tip: ⌘ custom filepath { path: '/custom/path/.env' }
2026-08-01 09:00:40: 3. About to listen on 5000
2026-08-01 09:00:44: ◇ injected env (0) from .env // tip: ◈ secrets for agents [www.dotenvx.com]
2026-08-01 09:00:44: 3. About to listen on 5000
2026-08-01 09:00:47: ◇ injected env (0) from .env // tip: ⌘ multiple files { path: ['.env.local', '.env'] }
2026-08-01 09:00:47: 3. About to listen on 5000
2026-08-01 09:00:50: ◇ injected env (0) from .env // tip: ◈ secrets for agents [www.dotenvx.com]
2026-08-01 09:00:50: 3. About to listen on 5000
2026-08-01 09:00:53: ◇ injected env (0) from .env // tip: ⌘ override existing { override: true }
2026-08-01 09:00:53: 3. About to listen on 5000
2026-08-01 09:00:57: ◇ injected env (0) from .env // tip: ◈ encrypted .env [www.dotenvx.com]
2026-08-01 09:00:57: 3. About to listen on 5000
2026-08-01 09:01:00: ◇ injected env (0) from .env // tip: ⌘ suppress logs { quiet: true }
2026-08-01 09:01:00: 3. About to listen on 5000
2026-08-01 09:01:03: ◇ injected env (0) from .env // tip: ⌘ multiple files { path: ['.env.local', '.env'] }
2026-08-01 09:01:03: 3. About to listen on 5000
2026-08-01 09:01:07: ◇ injected env (0) from .env // tip: ⌁ auth for agents [www.vestauth.com]
2026-08-01 09:01:07: 3. About to listen on 5000
2026-08-01 09:01:10: ◇ injected env (0) from .env // tip: ⌘ custom filepath { path: '/custom/path/.env' }
2026-08-01 09:01:10: 3. About to listen on 5000
2026-08-01 09:01:13: ◇ injected env (0) from .env // tip: ⌘ override existing { override: true }
2026-08-01 09:01:13: 3. About to listen on 5000
2026-08-01 09:01:16: ◇ injected env (0) from .env // tip: ◈ secrets for agents [www.dotenvx.com]
2026-08-01 09:01:16: 3. About to listen on 5000
2026-08-01 09:01:20: ◇ injected env (0) from .env // tip: ⌘ enable debugging { debug: true }
2026-08-01 09:01:20: 3. About to listen on 5000
2026-08-01 09:01:23: ◇ injected env (0) from .env // tip: ⌘ suppress logs { quiet: true }
2026-08-01 09:01:23: 3. About to listen on 5000
2026-08-01 09:01:26: ◇ injected env (0) from .env // tip: ⌘ override existing { override: true }
2026-08-01 09:01:26: 3. About to listen on 5000
2026-08-01 09:01:30: ◇ injected env (0) from .env // tip: ⌘ multiple files { path: ['.env.local', '.env'] }
2026-08-01 09:01:30: 3. About to listen on 5000
2026-08-01 09:01:33: ◇ injected env (0) from .env // tip: ⌘ multiple files { path: ['.env.local', '.env'] }
2026-08-01 09:01:33: 3. About to listen on 5000
2026-08-01 09:01:36: ◇ injected env (0) from .env // tip: ⌁ auth for agents [www.vestauth.com]
2026-08-01 09:01:36: 3. About to listen on 5000
2026-08-01 09:01:39: ◇ injected env (0) from .env // tip: ⌘ override existing { override: true }
2026-08-01 09:01:40: 3. About to listen on 5000
2026-08-01 09:01:43: ◇ injected env (0) from .env // tip: ⌘ override existing { override: true }
2026-08-01 09:01:43: 3. About to listen on 5000
2026-08-01 09:01:46: ◇ injected env (0) from .env // tip: ⌘ override existing { override: true }
2026-08-01 09:01:46: 3. About to listen on 5000
2026-08-01 09:01:49: ◇ injected env (0) from .env // tip: ⌘ suppress logs { quiet: true }
2026-08-01 09:01:49: 3. About to listen on 5000
2026-08-01 09:01:53: ◇ injected env (0) from .env // tip: ⌁ auth for agents [www.vestauth.com]
2026-08-01 09:01:53: 3. About to listen on 5000
2026-08-01 09:01:56: ◇ injected env (0) from .env // tip: ⌘ custom filepath { path: '/custom/path/.env' }
2026-08-01 09:01:56: 3. About to listen on 5000
2026-08-01 09:01:59: ◇ injected env (0) from .env // tip: ⌘ custom filepath { path: '/custom/path/.env' }
2026-08-01 09:01:59: 3. About to listen on 5000
2026-08-01 09:02:03: ◇ injected env (0) from .env // tip: ⌘ custom filepath { path: '/custom/path/.env' }
2026-08-01 09:02:03: 3. About to listen on 5000
2026-08-01 09:02:06: ◇ injected env (0) from .env // tip: ⌘ multiple files { path: ['.env.local', '.env'] }
2026-08-01 09:02:06: 3. About to listen on 5000
2026-08-01 09:02:09: ◇ injected env (0) from .env // tip: ⌘ multiple files { path: ['.env.local', '.env'] }
2026-08-01 09:02:09: 3. About to listen on 5000
2026-08-01 09:02:12: ◇ injected env (0) from .env // tip: ⌘ enable debugging { debug: true }
2026-08-01 09:02:12: 3. About to listen on 5000
2026-08-01 09:02:16: ◇ injected env (0) from .env // tip: ◈ secrets for agents [www.dotenvx.com]
2026-08-01 09:02:16: 3. About to listen on 5000
2026-08-01 09:02:19: ◇ injected env (0) from .env // tip: ◈ secrets for agents [www.dotenvx.com]
2026-08-01 09:02:19: 3. About to listen on 5000
2026-08-01 09:02:22: ◇ injected env (0) from .env // tip: ⌘ multiple files { path: ['.env.local', '.env'] }
2026-08-01 09:02:22: 3. About to listen on 5000
2026-08-01 09:02:26: ◇ injected env (0) from .env // tip: ⌘ suppress logs { quiet: true }
2026-08-01 09:02:26: 3. About to listen on 5000
2026-08-01 09:02:29: ◇ injected env (0) from .env // tip: ⌘ enable debugging { debug: true }
2026-08-01 09:02:29: 3. About to listen on 5000
2026-08-01 09:02:32: ◇ injected env (0) from .env // tip: ◈ encrypted .env [www.dotenvx.com]
2026-08-01 09:02:32: 3. About to listen on 5000
2026-08-01 09:02:35: ◇ injected env (0) from .env // tip: ◈ encrypted .env [www.dotenvx.com]
2026-08-01 09:02:35: 3. About to listen on 5000
2026-08-01 09:02:39: ◇ injected env (0) from .env // tip: ⌘ multiple files { path: ['.env.local', '.env'] }
2026-08-01 09:02:39: 3. About to listen on 5000
2026-08-01 09:02:42: ◇ injected env (0) from .env // tip: ⌘ multiple files { path: ['.env.local', '.env'] }
2026-08-01 09:02:42: 3. About to listen on 5000
2026-08-01 09:02:45: ◇ injected env (0) from .env // tip: ◈ encrypted .env [www.dotenvx.com]
2026-08-01 09:02:45: 3. About to listen on 5000
2026-08-01 09:02:48: ◇ injected env (0) from .env // tip: ⌘ custom filepath { path: '/custom/path/.env' }
2026-08-01 09:02:49: 3. About to listen on 5000
2026-08-01 09:02:52: ◇ injected env (0) from .env // tip: ⌘ multiple files { path: ['.env.local', '.env'] }
2026-08-01 09:02:52: 3. About to listen on 5000
2026-08-01 09:02:55: ◇ injected env (0) from .env // tip: ◈ secrets for agents [www.dotenvx.com]
2026-08-01 09:02:55: 3. About to listen on 5000
2026-08-01 09:02:58: ◇ injected env (0) from .env // tip: ◈ secrets for agents [www.dotenvx.com]
2026-08-01 09:02:58: 3. About to listen on 5000
2026-08-01 09:03:02: ◇ injected env (0) from .env // tip: ⌁ auth for agents [www.vestauth.com]
2026-08-01 09:03:02: 3. About to listen on 5000
2026-08-01 09:03:05: ◇ injected env (0) from .env // tip: ⌘ enable debugging { debug: true }
2026-08-01 09:03:05: 3. About to listen on 5000
2026-08-01 09:03:08: ◇ injected env (0) from .env // tip: ⌘ suppress logs { quiet: true }
2026-08-01 09:03:08: 3. About to listen on 5000
2026-08-01 09:03:12: ◇ injected env (0) from .env // tip: ◈ secrets for agents [www.dotenvx.com]
2026-08-01 09:03:12: 3. About to listen on 5000
2026-08-01 09:03:15: ◇ injected env (0) from .env // tip: ⌘ custom filepath { path: '/custom/path/.env' }
2026-08-01 09:03:15: 3. About to listen on 5000
2026-08-01 09:03:18: ◇ injected env (0) from .env // tip: ⌘ custom filepath { path: '/custom/path/.env' }
2026-08-01 09:03:18: 3. About to listen on 5000
2026-08-01 09:03:21: ◇ injected env (0) from .env // tip: ⌘ multiple files { path: ['.env.local', '.env'] }
2026-08-01 09:03:21: 3. About to listen on 5000
2026-08-01 09:03:25: ◇ injected env (0) from .env // tip: ⌘ suppress logs { quiet: true }
2026-08-01 09:03:25: 3. About to listen on 5000
2026-08-01 09:03:28: ◇ injected env (0) from .env // tip: ⌘ override existing { override: true }
2026-08-01 09:03:28: 3. About to listen on 5000
2026-08-01 09:03:31: ◇ injected env (0) from .env // tip: ◈ encrypted .env [www.dotenvx.com]
2026-08-01 09:03:31: 3. About to listen on 5000
2026-08-01 09:03:35: ◇ injected env (0) from .env // tip: ⌘ multiple files { path: ['.env.local', '.env'] }
2026-08-01 09:03:35: 3. About to listen on 5000
2026-08-01 09:03:38: ◇ injected env (0) from .env // tip: ⌁ auth for agents [www.vestauth.com]
2026-08-01 09:03:38: 3. About to listen on 5000
2026-08-01 09:03:41: ◇ injected env (0) from .env // tip: ⌘ multiple files { path: ['.env.local', '.env'] }
2026-08-01 09:03:41: 3. About to listen on 5000
2026-08-01 09:03:44: ◇ injected env (0) from .env // tip: ⌘ custom filepath { path: '/custom/path/.env' }
2026-08-01 09:03:44: 3. About to listen on 5000
2026-08-01 09:03:48: ◇ injected env (0) from .env // tip: ◈ encrypted .env [www.dotenvx.com]
2026-08-01 09:03:48: 3. About to listen on 5000
2026-08-01 09:03:51: ◇ injected env (0) from .env // tip: ⌘ custom filepath { path: '/custom/path/.env' }
2026-08-01 09:03:51: 3. About to listen on 5000
2026-08-01 09:03:54: ◇ injected env (0) from .env // tip: ⌘ multiple files { path: ['.env.local', '.env'] }
2026-08-01 09:03:54: 3. About to listen on 5000
2026-08-01 09:03:58: ◇ injected env (0) from .env // tip: ⌘ suppress logs { quiet: true }
2026-08-01 09:03:58: 3. About to listen on 5000
2026-08-01 09:04:01: ◇ injected env (0) from .env // tip: ⌘ enable debugging { debug: true }
2026-08-01 09:04:01: 3. About to listen on 5000
2026-08-01 09:04:04: ◇ injected env (0) from .env // tip: ⌘ suppress logs { quiet: true }
2026-08-01 09:04:04: 3. About to listen on 5000
2026-08-01 09:04:07: ◇ injected env (0) from .env // tip: ◈ secrets for agents [www.dotenvx.com]
2026-08-01 09:04:07: 3. About to listen on 5000
2026-08-01 09:04:11: ◇ injected env (0) from .env // tip: ◈ encrypted .env [www.dotenvx.com]
2026-08-01 09:04:11: 3. About to listen on 5000
2026-08-01 09:04:14: ◇ injected env (0) from .env // tip: ⌘ suppress logs { quiet: true }
2026-08-01 09:04:14: 3. About to listen on 5000
2026-08-01 09:04:17: ◇ injected env (0) from .env // tip: ⌘ enable debugging { debug: true }
2026-08-01 09:04:17: 3. About to listen on 5000
2026-08-01 09:04:21: ◇ injected env (0) from .env // tip: ◈ encrypted .env [www.dotenvx.com]
2026-08-01 09:04:21: 3. About to listen on 5000
2026-08-01 09:04:24: ◇ injected env (0) from .env // tip: ⌘ enable debugging { debug: true }
2026-08-01 09:04:24: 3. About to listen on 5000
2026-08-01 09:04:27: ◇ injected env (0) from .env // tip: ⌘ suppress logs { quiet: true }
2026-08-01 09:04:27: 3. About to listen on 5000
2026-08-01 09:04:31: ◇ injected env (0) from .env // tip: ◈ encrypted .env [www.dotenvx.com]
2026-08-01 09:04:31: 3. About to listen on 5000
2026-08-01 09:04:34: ◇ injected env (0) from .env // tip: ◈ secrets for agents [www.dotenvx.com]
2026-08-01 09:04:34: 3. About to listen on 5000
2026-08-01 09:04:37: ◇ injected env (0) from .env // tip: ⌘ suppress logs { quiet: true }
2026-08-01 09:04:37: 3. About to listen on 5000
2026-08-01 09:04:40: ◇ injected env (0) from .env // tip: ◈ encrypted .env [www.dotenvx.com]
2026-08-01 09:04:40: 3. About to listen on 5000
2026-08-01 09:04:44: ◇ injected env (0) from .env // tip: ⌘ multiple files { path: ['.env.local', '.env'] }
2026-08-01 09:04:44: 3. About to listen on 5000
2026-08-01 09:04:47: ◇ injected env (0) from .env // tip: ◈ secrets for agents [www.dotenvx.com]
2026-08-01 09:04:47: 3. About to listen on 5000
2026-08-01 09:04:50: ◇ injected env (0) from .env // tip: ⌘ custom filepath { path: '/custom/path/.env' }
2026-08-01 09:04:50: 3. About to listen on 5000
2026-08-01 09:04:54: ◇ injected env (0) from .env // tip: ◈ encrypted .env [www.dotenvx.com]
2026-08-01 09:04:54: 3. About to listen on 5000
2026-08-01 09:04:57: ◇ injected env (0) from .env // tip: ◈ secrets for agents [www.dotenvx.com]
2026-08-01 09:04:57: 3. About to listen on 5000
2026-08-01 09:05:00: ◇ injected env (0) from .env // tip: ⌘ override existing { override: true }
2026-08-01 09:05:00: 3. About to listen on 5000
2026-08-01 09:05:03: ◇ injected env (0) from .env // tip: ⌘ custom filepath { path: '/custom/path/.env' }
2026-08-01 09:05:03: 3. About to listen on 5000
2026-08-01 09:05:07: ◇ injected env (0) from .env // tip: ⌘ multiple files { path: ['.env.local', '.env'] }
2026-08-01 09:05:07: 3. About to listen on 5000
2026-08-01 09:05:10: ◇ injected env (0) from .env // tip: ⌁ auth for agents [www.vestauth.com]
2026-08-01 09:05:10: 3. About to listen on 5000
2026-08-01 09:05:13: ◇ injected env (0) from .env // tip: ◈ encrypted .env [www.dotenvx.com]
2026-08-01 09:05:13: 3. About to listen on 5000
2026-08-01 09:05:17: ◇ injected env (0) from .env // tip: ⌘ multiple files { path: ['.env.local', '.env'] }
2026-08-01 09:05:17: 3. About to listen on 5000
2026-08-01 09:05:20: ◇ injected env (0) from .env // tip: ⌘ suppress logs { quiet: true }
2026-08-01 09:05:20: 3. About to listen on 5000
2026-08-01 09:05:23: ◇ injected env (0) from .env // tip: ⌘ enable debugging { debug: true }
2026-08-01 09:05:23: 3. About to listen on 5000
2026-08-01 09:05:26: ◇ injected env (0) from .env // tip: ⌘ multiple files { path: ['.env.local', '.env'] }
2026-08-01 09:05:26: 3. About to listen on 5000
2026-08-01 09:05:30: ◇ injected env (0) from .env // tip: ⌘ override existing { override: true }
2026-08-01 09:05:30: 3. About to listen on 5000
2026-08-01 09:05:33: ◇ injected env (0) from .env // tip: ◈ secrets for agents [www.dotenvx.com]
2026-08-01 09:05:33: 3. About to listen on 5000
2026-08-01 09:05:36: ◇ injected env (0) from .env // tip: ◈ encrypted .env [www.dotenvx.com]
2026-08-01 09:05:36: 3. About to listen on 5000
2026-08-01 09:05:40: ◇ injected env (0) from .env // tip: ⌁ auth for agents [www.vestauth.com]
2026-08-01 09:05:40: 3. About to listen on 5000
2026-08-01 09:05:43: ◇ injected env (0) from .env // tip: ◈ secrets for agents [www.dotenvx.com]
2026-08-01 09:05:43: 3. About to listen on 5000
2026-08-01 09:05:46: ◇ injected env (0) from .env // tip: ⌘ custom filepath { path: '/custom/path/.env' }
2026-08-01 09:05:46: 3. About to listen on 5000
2026-08-01 09:05:49: ◇ injected env (0) from .env // tip: ⌘ multiple files { path: ['.env.local', '.env'] }
2026-08-01 09:05:49: 3. About to listen on 5000
2026-08-01 09:05:53: ◇ injected env (0) from .env // tip: ⌘ multiple files { path: ['.env.local', '.env'] }
2026-08-01 09:05:53: 3. About to listen on 5000
2026-08-01 09:05:56: ◇ injected env (0) from .env // tip: ⌁ auth for agents [www.vestauth.com]
2026-08-01 09:05:56: 3. About to listen on 5000
2026-08-01 09:05:59: ◇ injected env (0) from .env // tip: ⌘ multiple files { path: ['.env.local', '.env'] }
2026-08-01 09:05:59: 3. About to listen on 5000
2026-08-01 09:06:02: ◇ injected env (0) from .env // tip: ⌘ multiple files { path: ['.env.local', '.env'] }
2026-08-01 09:06:03: 3. About to listen on 5000
2026-08-01 09:06:06: ◇ injected env (0) from .env // tip: ⌘ multiple files { path: ['.env.local', '.env'] }
2026-08-01 09:06:06: 3. About to listen on 5000
2026-08-01 09:06:09: ◇ injected env (0) from .env // tip: ⌘ override existing { override: true }
2026-08-01 09:06:09: 3. About to listen on 5000
2026-08-01 09:06:12: ◇ injected env (0) from .env // tip: ⌁ auth for agents [www.vestauth.com]
2026-08-01 09:06:12: 3. About to listen on 5000
2026-08-01 09:06:16: ◇ injected env (0) from .env // tip: ⌁ auth for agents [www.vestauth.com]
2026-08-01 09:06:16: 3. About to listen on 5000
2026-08-01 09:06:19: ◇ injected env (0) from .env // tip: ⌘ custom filepath { path: '/custom/path/.env' }
2026-08-01 09:06:19: 3. About to listen on 5000
2026-08-01 09:06:22: ◇ injected env (0) from .env // tip: ◈ encrypted .env [www.dotenvx.com]
2026-08-01 09:06:22: 3. About to listen on 5000
2026-08-01 09:06:25: ◇ injected env (0) from .env // tip: ⌘ suppress logs { quiet: true }
2026-08-01 09:06:25: 3. About to listen on 5000
2026-08-01 09:06:29: ◇ injected env (0) from .env // tip: ⌘ custom filepath { path: '/custom/path/.env' }
2026-08-01 09:06:29: 3. About to listen on 5000
2026-08-01 09:06:32: ◇ injected env (0) from .env // tip: ⌘ enable debugging { debug: true }
2026-08-01 09:06:32: 3. About to listen on 5000
2026-08-01 09:06:35: ◇ injected env (0) from .env // tip: ⌘ override existing { override: true }
2026-08-01 09:06:35: 3. About to listen on 5000
2026-08-01 09:06:39: ◇ injected env (0) from .env // tip: ⌘ suppress logs { quiet: true }
2026-08-01 09:06:39: 3. About to listen on 5000
2026-08-01 09:06:42: ◇ injected env (0) from .env // tip: ⌘ override existing { override: true }
2026-08-01 09:06:42: 3. About to listen on 5000
2026-08-01 09:06:45: ◇ injected env (0) from .env // tip: ⌘ custom filepath { path: '/custom/path/.env' }
2026-08-01 09:06:45: 3. About to listen on 5000
2026-08-01 09:06:48: ◇ injected env (0) from .env // tip: ⌘ custom filepath { path: '/custom/path/.env' }
2026-08-01 09:06:48: 3. About to listen on 5000
2026-08-01 09:06:52: ◇ injected env (0) from .env // tip: ⌘ suppress logs { quiet: true }
2026-08-01 09:06:52: 3. About to listen on 5000
2026-08-01 09:06:55: ◇ injected env (0) from .env // tip: ⌘ override existing { override: true }
2026-08-01 09:06:55: 3. About to listen on 5000
2026-08-01 09:06:58: ◇ injected env (0) from .env // tip: ⌘ override existing { override: true }
2026-08-01 09:06:58: 3. About to listen on 5000
2026-08-01 09:07:02: ◇ injected env (0) from .env // tip: ⌘ multiple files { path: ['.env.local', '.env'] }
2026-08-01 09:07:02: 3. About to listen on 5000
2026-08-01 09:07:05: ◇ injected env (0) from .env // tip: ◈ encrypted .env [www.dotenvx.com]
2026-08-01 09:07:05: 3. About to listen on 5000
2026-08-01 09:07:08: ◇ injected env (0) from .env // tip: ⌘ override existing { override: true }
2026-08-01 09:07:08: 3. About to listen on 5000
2026-08-01 09:07:11: ◇ injected env (0) from .env // tip: ⌘ multiple files { path: ['.env.local', '.env'] }
2026-08-01 09:07:11: 3. About to listen on 5000
2026-08-01 09:07:15: ◇ injected env (0) from .env // tip: ⌘ enable debugging { debug: true }
2026-08-01 09:07:15: 3. About to listen on 5000
2026-08-01 09:07:18: ◇ injected env (0) from .env // tip: ⌁ auth for agents [www.vestauth.com]
2026-08-01 09:07:18: 3. About to listen on 5000
2026-08-01 09:07:21: ◇ injected env (0) from .env // tip: ⌁ auth for agents [www.vestauth.com]
2026-08-01 09:07:21: 3. About to listen on 5000
2026-08-01 09:07:24: ◇ injected env (0) from .env // tip: ⌘ multiple files { path: ['.env.local', '.env'] }
2026-08-01 09:07:24: 3. About to listen on 5000
2026-08-01 09:07:28: ◇ injected env (0) from .env // tip: ◈ encrypted .env [www.dotenvx.com]
2026-08-01 09:07:28: 3. About to listen on 5000
2026-08-01 09:07:31: ◇ injected env (0) from .env // tip: ⌘ suppress logs { quiet: true }
2026-08-01 09:07:31: 3. About to listen on 5000
2026-08-01 09:07:34: ◇ injected env (0) from .env // tip: ⌘ suppress logs { quiet: true }
2026-08-01 09:07:34: 3. About to listen on 5000
2026-08-01 09:07:38: ◇ injected env (0) from .env // tip: ⌘ multiple files { path: ['.env.local', '.env'] }
2026-08-01 09:07:38: 3. About to listen on 5000
2026-08-01 09:07:41: ◇ injected env (0) from .env // tip: ⌘ suppress logs { quiet: true }
2026-08-01 09:07:41: 3. About to listen on 5000
2026-08-01 09:07:44: ◇ injected env (0) from .env // tip: ⌘ enable debugging { debug: true }
2026-08-01 09:07:44: 3. About to listen on 5000
2026-08-01 09:07:47: ◇ injected env (0) from .env // tip: ◈ encrypted .env [www.dotenvx.com]
2026-08-01 09:07:47: 3. About to listen on 5000
2026-08-01 09:07:51: ◇ injected env (0) from .env // tip: ⌘ custom filepath { path: '/custom/path/.env' }
2026-08-01 09:07:51: 3. About to listen on 5000
2026-08-01 09:07:54: ◇ injected env (0) from .env // tip: ◈ encrypted .env [www.dotenvx.com]
2026-08-01 09:07:54: 3. About to listen on 5000
2026-08-01 09:07:57: ◇ injected env (0) from .env // tip: ◈ encrypted .env [www.dotenvx.com]
2026-08-01 09:07:57: 3. About to listen on 5000
2026-08-01 09:08:01: ◇ injected env (0) from .env // tip: ⌘ custom filepath { path: '/custom/path/.env' }
2026-08-01 09:08:01: 3. About to listen on 5000
2026-08-01 09:08:04: ◇ injected env (0) from .env // tip: ⌘ enable debugging { debug: true }
2026-08-01 09:08:04: 3. About to listen on 5000
2026-08-01 09:08:07: ◇ injected env (0) from .env // tip: ⌁ auth for agents [www.vestauth.com]
2026-08-01 09:08:07: 3. About to listen on 5000
2026-08-01 09:08:10: ◇ injected env (0) from .env // tip: ⌘ override existing { override: true }
2026-08-01 09:08:10: 3. About to listen on 5000
2026-08-01 09:08:14: ◇ injected env (0) from .env // tip: ⌘ multiple files { path: ['.env.local', '.env'] }
2026-08-01 09:08:14: 3. About to listen on 5000
2026-08-01 09:08:17: ◇ injected env (0) from .env // tip: ⌁ auth for agents [www.vestauth.com]
2026-08-01 09:08:17: 3. About to listen on 5000
2026-08-01 09:08:20: ◇ injected env (0) from .env // tip: ⌘ custom filepath { path: '/custom/path/.env' }
2026-08-01 09:08:20: 3. About to listen on 5000
2026-08-01 09:08:24: ◇ injected env (0) from .env // tip: ⌘ custom filepath { path: '/custom/path/.env' }
2026-08-01 09:08:24: 3. About to listen on 5000
2026-08-01 09:08:27: ◇ injected env (0) from .env // tip: ⌘ custom filepath { path: '/custom/path/.env' }
2026-08-01 09:08:27: 3. About to listen on 5000
2026-08-01 09:08:30: ◇ injected env (0) from .env // tip: ⌘ override existing { override: true }
2026-08-01 09:08:30: 3. About to listen on 5000
2026-08-01 09:08:33: ◇ injected env (0) from .env // tip: ⌘ enable debugging { debug: true }
2026-08-01 09:08:33: 3. About to listen on 5000
2026-08-01 09:08:37: ◇ injected env (0) from .env // tip: ⌘ custom filepath { path: '/custom/path/.env' }
2026-08-01 09:08:37: 3. About to listen on 5000
2026-08-01 09:08:40: ◇ injected env (0) from .env // tip: ⌘ suppress logs { quiet: true }
2026-08-01 09:08:40: 3. About to listen on 5000
2026-08-01 09:08:43: ◇ injected env (0) from .env // tip: ⌘ custom filepath { path: '/custom/path/.env' }
2026-08-01 09:08:43: 3. About to listen on 5000
2026-08-01 09:08:46: ◇ injected env (0) from .env // tip: ⌘ suppress logs { quiet: true }
2026-08-01 09:08:46: 3. About to listen on 5000
2026-08-01 09:08:50: ◇ injected env (0) from .env // tip: ⌘ custom filepath { path: '/custom/path/.env' }
2026-08-01 09:08:50: 3. About to listen on 5000
2026-08-01 09:08:53: ◇ injected env (0) from .env // tip: ⌘ override existing { override: true }
2026-08-01 09:08:53: 3. About to listen on 5000
2026-08-01 09:08:56: ◇ injected env (0) from .env // tip: ◈ encrypted .env [www.dotenvx.com]
2026-08-01 09:08:56: 3. About to listen on 5000
2026-08-01 09:09:00: ◇ injected env (0) from .env // tip: ◈ encrypted .env [www.dotenvx.com]
2026-08-01 09:09:00: 3. About to listen on 5000
2026-08-01 09:09:03: ◇ injected env (0) from .env // tip: ◈ secrets for agents [www.dotenvx.com]
2026-08-01 09:09:03: 3. About to listen on 5000
2026-08-01 09:09:06: ◇ injected env (0) from .env // tip: ⌘ suppress logs { quiet: true }
2026-08-01 09:09:06: 3. About to listen on 5000
2026-08-01 09:09:09: ◇ injected env (0) from .env // tip: ⌘ override existing { override: true }
2026-08-01 09:09:09: 3. About to listen on 5000
2026-08-01 09:09:13: ◇ injected env (0) from .env // tip: ⌘ override existing { override: true }
2026-08-01 09:09:13: 3. About to listen on 5000
2026-08-01 09:09:16: ◇ injected env (0) from .env // tip: ⌘ multiple files { path: ['.env.local', '.env'] }
2026-08-01 09:09:16: 3. About to listen on 5000
2026-08-01 09:09:19: ◇ injected env (0) from .env // tip: ⌘ suppress logs { quiet: true }
2026-08-01 09:09:19: 3. About to listen on 5000
2026-08-01 09:09:23: ◇ injected env (0) from .env // tip: ⌘ override existing { override: true }
2026-08-01 09:09:23: 3. About to listen on 5000
2026-08-01 09:09:26: ◇ injected env (0) from .env // tip: ⌘ enable debugging { debug: true }
2026-08-01 09:09:26: 3. About to listen on 5000
2026-08-01 09:09:29: ◇ injected env (0) from .env // tip: ◈ secrets for agents [www.dotenvx.com]
2026-08-01 09:09:29: 3. About to listen on 5000
2026-08-01 09:09:32: ◇ injected env (0) from .env // tip: ⌘ multiple files { path: ['.env.local', '.env'] }
2026-08-01 09:09:32: 3. About to listen on 5000
2026-08-01 09:09:36: ◇ injected env (0) from .env // tip: ⌘ multiple files { path: ['.env.local', '.env'] }
2026-08-01 09:09:36: 3. About to listen on 5000
2026-08-01 09:09:39: ◇ injected env (0) from .env // tip: ⌘ suppress logs { quiet: true }
2026-08-01 09:09:39: 3. About to listen on 5000
2026-08-01 09:09:42: ◇ injected env (0) from .env // tip: ⌘ suppress logs { quiet: true }
2026-08-01 09:09:42: 3. About to listen on 5000
2026-08-01 09:09:46: ◇ injected env (0) from .env // tip: ⌘ multiple files { path: ['.env.local', '.env'] }
2026-08-01 09:09:46: 3. About to listen on 5000
2026-08-01 09:09:49: ◇ injected env (0) from .env // tip: ⌘ multiple files { path: ['.env.local', '.env'] }
2026-08-01 09:09:49: 3. About to listen on 5000
2026-08-01 09:09:52: ◇ injected env (0) from .env // tip: ⌘ enable debugging { debug: true }
2026-08-01 09:09:52: 3. About to listen on 5000
2026-08-01 09:09:55: ◇ injected env (0) from .env // tip: ⌘ custom filepath { path: '/custom/path/.env' }
2026-08-01 09:09:55: 3. About to listen on 5000
2026-08-01 09:09:59: ◇ injected env (0) from .env // tip: ⌘ enable debugging { debug: true }
2026-08-01 09:09:59: 3. About to listen on 5000
2026-08-01 09:10:02: ◇ injected env (0) from .env // tip: ⌘ multiple files { path: ['.env.local', '.env'] }
2026-08-01 09:10:02: 3. About to listen on 5000
2026-08-01 09:10:05: ◇ injected env (0) from .env // tip: ⌘ enable debugging { debug: true }
2026-08-01 09:10:05: 3. About to listen on 5000
2026-08-01 09:10:09: ◇ injected env (0) from .env // tip: ⌘ custom filepath { path: '/custom/path/.env' }
2026-08-01 09:10:09: 3. About to listen on 5000
2026-08-01 09:10:12: ◇ injected env (0) from .env // tip: ⌘ custom filepath { path: '/custom/path/.env' }
2026-08-01 09:10:12: 3. About to listen on 5000
2026-08-01 09:10:15: ◇ injected env (0) from .env // tip: ⌘ custom filepath { path: '/custom/path/.env' }
2026-08-01 09:10:15: 3. About to listen on 5000
2026-08-01 09:10:18: ◇ injected env (0) from .env // tip: ◈ encrypted .env [www.dotenvx.com]
2026-08-01 09:10:18: 3. About to listen on 5000
2026-08-01 09:10:22: ◇ injected env (0) from .env // tip: ⌁ auth for agents [www.vestauth.com]
2026-08-01 09:10:22: 3. About to listen on 5000
2026-08-01 09:10:25: ◇ injected env (0) from .env // tip: ⌘ override existing { override: true }
2026-08-01 09:10:25: 3. About to listen on 5000
2026-08-01 09:10:28: ◇ injected env (0) from .env // tip: ⌘ custom filepath { path: '/custom/path/.env' }
2026-08-01 09:10:28: 3. About to listen on 5000
2026-08-01 09:10:32: ◇ injected env (0) from .env // tip: ◈ secrets for agents [www.dotenvx.com]
2026-08-01 09:10:32: 3. About to listen on 5000
2026-08-01 09:10:35: ◇ injected env (0) from .env // tip: ◈ encrypted .env [www.dotenvx.com]
2026-08-01 09:10:35: 3. About to listen on 5000
2026-08-01 09:10:38: ◇ injected env (0) from .env // tip: ⌘ custom filepath { path: '/custom/path/.env' }
2026-08-01 09:10:38: 3. About to listen on 5000
2026-08-01 09:10:41: ◇ injected env (0) from .env // tip: ⌘ custom filepath { path: '/custom/path/.env' }
2026-08-01 09:10:41: 3. About to listen on 5000
2026-08-01 09:10:45: ◇ injected env (0) from .env // tip: ⌘ suppress logs { quiet: true }
2026-08-01 09:10:45: 3. About to listen on 5000
2026-08-01 09:10:48: ◇ injected env (0) from .env // tip: ◈ secrets for agents [www.dotenvx.com]
2026-08-01 09:10:48: 3. About to listen on 5000
2026-08-01 09:10:51: ◇ injected env (0) from .env // tip: ⌘ suppress logs { quiet: true }
2026-08-01 09:10:51: 3. About to listen on 5000
2026-08-01 09:10:55: ◇ injected env (0) from .env // tip: ⌘ multiple files { path: ['.env.local', '.env'] }
2026-08-01 09:10:55: 3. About to listen on 5000
2026-08-01 09:10:58: ◇ injected env (0) from .env // tip: ◈ encrypted .env [www.dotenvx.com]
2026-08-01 09:10:58: 3. About to listen on 5000
2026-08-01 09:11:01: ◇ injected env (0) from .env // tip: ⌘ enable debugging { debug: true }
2026-08-01 09:11:01: 3. About to listen on 5000
2026-08-01 09:11:04: ◇ injected env (0) from .env // tip: ⌁ auth for agents [www.vestauth.com]
2026-08-01 09:11:04: 3. About to listen on 5000
2026-08-01 09:11:08: ◇ injected env (0) from .env // tip: ⌁ auth for agents [www.vestauth.com]
2026-08-01 09:11:08: 3. About to listen on 5000
2026-08-01 09:11:11: ◇ injected env (0) from .env // tip: ⌘ override existing { override: true }
2026-08-01 09:11:11: 3. About to listen on 5000
2026-08-01 09:11:14: ◇ injected env (0) from .env // tip: ⌘ custom filepath { path: '/custom/path/.env' }
2026-08-01 09:11:14: 3. About to listen on 5000
2026-08-01 09:11:18: ◇ injected env (0) from .env // tip: ◈ encrypted .env [www.dotenvx.com]
2026-08-01 09:11:18: 3. About to listen on 5000
2026-08-01 09:11:21: ◇ injected env (0) from .env // tip: ◈ secrets for agents [www.dotenvx.com]
2026-08-01 09:11:21: 3. About to listen on 5000
2026-08-01 09:11:24: ◇ injected env (0) from .env // tip: ⌘ override existing { override: true }
2026-08-01 09:11:24: 3. About to listen on 5000
2026-08-01 09:11:27: ◇ injected env (0) from .env // tip: ⌘ multiple files { path: ['.env.local', '.env'] }
2026-08-01 09:11:27: 3. About to listen on 5000
2026-08-01 09:11:31: ◇ injected env (0) from .env // tip: ⌘ override existing { override: true }
2026-08-01 09:11:31: 3. About to listen on 5000
2026-08-01 09:11:34: ◇ injected env (0) from .env // tip: ⌁ auth for agents [www.vestauth.com]
2026-08-01 09:11:34: 3. About to listen on 5000
2026-08-01 09:11:37: ◇ injected env (0) from .env // tip: ⌘ multiple files { path: ['.env.local', '.env'] }
2026-08-01 09:11:37: 3. About to listen on 5000
2026-08-01 09:11:41: ◇ injected env (0) from .env // tip: ⌘ custom filepath { path: '/custom/path/.env' }
2026-08-01 09:11:41: 3. About to listen on 5000
2026-08-01 09:11:44: ◇ injected env (0) from .env // tip: ⌘ override existing { override: true }
2026-08-01 09:11:44: 3. About to listen on 5000
2026-08-01 09:11:47: ◇ injected env (0) from .env // tip: ⌘ suppress logs { quiet: true }
2026-08-01 09:11:47: 3. About to listen on 5000
2026-08-01 09:11:50: ◇ injected env (0) from .env // tip: ⌘ multiple files { path: ['.env.local', '.env'] }
2026-08-01 09:11:50: 3. About to listen on 5000
2026-08-01 09:11:54: ◇ injected env (0) from .env // tip: ◈ secrets for agents [www.dotenvx.com]
2026-08-01 09:11:54: 3. About to listen on 5000
2026-08-01 09:11:57: ◇ injected env (0) from .env // tip: ⌘ suppress logs { quiet: true }
2026-08-01 09:11:57: 3. About to listen on 5000
2026-08-01 09:12:00: ◇ injected env (0) from .env // tip: ◈ encrypted .env [www.dotenvx.com]
2026-08-01 09:12:00: 3. About to listen on 5000
2026-08-01 09:12:04: ◇ injected env (0) from .env // tip: ⌘ suppress logs { quiet: true }
2026-08-01 09:12:04: 3. About to listen on 5000
2026-08-01 09:12:07: ◇ injected env (0) from .env // tip: ⌘ suppress logs { quiet: true }
2026-08-01 09:12:07: 3. About to listen on 5000
2026-08-01 09:12:10: ◇ injected env (0) from .env // tip: ⌘ override existing { override: true }
2026-08-01 09:12:10: 3. About to listen on 5000
2026-08-01 09:12:13: ◇ injected env (0) from .env // tip: ◈ encrypted .env [www.dotenvx.com]
2026-08-01 09:12:13: 3. About to listen on 5000
2026-08-01 09:12:17: ◇ injected env (0) from .env // tip: ⌘ multiple files { path: ['.env.local', '.env'] }
2026-08-01 09:12:17: 3. About to listen on 5000
2026-08-01 09:12:20: ◇ injected env (0) from .env // tip: ◈ encrypted .env [www.dotenvx.com]
2026-08-01 09:12:20: 3. About to listen on 5000
2026-08-01 09:12:23: ◇ injected env (0) from .env // tip: ◈ encrypted .env [www.dotenvx.com]
2026-08-01 09:12:23: 3. About to listen on 5000
2026-08-01 09:12:27: ◇ injected env (0) from .env // tip: ⌘ suppress logs { quiet: true }
2026-08-01 09:12:27: 3. About to listen on 5000
2026-08-01 09:12:30: ◇ injected env (0) from .env // tip: ⌘ suppress logs { quiet: true }
2026-08-01 09:12:30: 3. About to listen on 5000
2026-08-01 09:12:33: ◇ injected env (0) from .env // tip: ⌘ multiple files { path: ['.env.local', '.env'] }
2026-08-01 09:12:33: 3. About to listen on 5000
2026-08-01 09:12:36: ◇ injected env (0) from .env // tip: ⌁ auth for agents [www.vestauth.com]
2026-08-01 09:12:36: 3. About to listen on 5000
2026-08-01 09:12:40: ◇ injected env (0) from .env // tip: ⌘ multiple files { path: ['.env.local', '.env'] }
2026-08-01 09:12:40: 3. About to listen on 5000
2026-08-01 09:12:43: ◇ injected env (0) from .env // tip: ◈ secrets for agents [www.dotenvx.com]
2026-08-01 09:12:43: 3. About to listen on 5000
2026-08-01 09:12:46: ◇ injected env (0) from .env // tip: ⌘ suppress logs { quiet: true }
2026-08-01 09:12:46: 3. About to listen on 5000
2026-08-01 09:12:50: ◇ injected env (0) from .env // tip: ◈ encrypted .env [www.dotenvx.com]
2026-08-01 09:12:50: 3. About to listen on 5000
2026-08-01 09:12:53: ◇ injected env (0) from .env // tip: ⌘ multiple files { path: ['.env.local', '.env'] }
2026-08-01 09:12:53: 3. About to listen on 5000
2026-08-01 09:12:56: ◇ injected env (0) from .env // tip: ⌘ enable debugging { debug: true }
2026-08-01 09:12:56: 3. About to listen on 5000
2026-08-01 09:12:59: ◇ injected env (0) from .env // tip: ◈ encrypted .env [www.dotenvx.com]
2026-08-01 09:13:00: 3. About to listen on 5000
2026-08-01 09:13:03: ◇ injected env (0) from .env // tip: ⌘ enable debugging { debug: true }
2026-08-01 09:13:03: 3. About to listen on 5000
2026-08-01 09:13:06: ◇ injected env (0) from .env // tip: ⌘ multiple files { path: ['.env.local', '.env'] }
2026-08-01 09:13:06: 3. About to listen on 5000
2026-08-01 09:13:09: ◇ injected env (0) from .env // tip: ◈ secrets for agents [www.dotenvx.com]
2026-08-01 09:13:09: 3. About to listen on 5000
2026-08-01 09:13:13: ◇ injected env (0) from .env // tip: ◈ secrets for agents [www.dotenvx.com]
2026-08-01 09:13:13: 3. About to listen on 5000
2026-08-01 09:13:16: ◇ injected env (0) from .env // tip: ⌘ enable debugging { debug: true }
2026-08-01 09:13:16: 3. About to listen on 5000
2026-08-01 09:13:19: ◇ injected env (0) from .env // tip: ⌘ custom filepath { path: '/custom/path/.env' }
2026-08-01 09:13:19: 3. About to listen on 5000
2026-08-01 09:13:23: ◇ injected env (0) from .env // tip: ◈ secrets for agents [www.dotenvx.com]
2026-08-01 09:13:23: 3. About to listen on 5000
2026-08-01 09:13:26: ◇ injected env (0) from .env // tip: ◈ encrypted .env [www.dotenvx.com]
2026-08-01 09:13:26: 3. About to listen on 5000
2026-08-01 09:13:30: ◇ injected env (0) from .env // tip: ⌘ suppress logs { quiet: true }
2026-08-01 09:13:30: 3. About to listen on 5000
2026-08-01 09:13:33: ◇ injected env (0) from .env // tip: ◈ secrets for agents [www.dotenvx.com]
2026-08-01 09:13:33: 3. About to listen on 5000
2026-08-01 09:13:36: ◇ injected env (0) from .env // tip: ⌘ multiple files { path: ['.env.local', '.env'] }
2026-08-01 09:13:36: 3. About to listen on 5000
2026-08-01 09:13:39: ◇ injected env (0) from .env // tip: ⌘ multiple files { path: ['.env.local', '.env'] }
2026-08-01 09:13:40: 3. About to listen on 5000
2026-08-01 09:13:43: ◇ injected env (0) from .env // tip: ⌘ custom filepath { path: '/custom/path/.env' }
2026-08-01 09:13:43: 3. About to listen on 5000
2026-08-01 09:13:46: ◇ injected env (0) from .env // tip: ⌘ enable debugging { debug: true }
2026-08-01 09:13:46: 3. About to listen on 5000
2026-08-01 09:13:50: ◇ injected env (0) from .env // tip: ◈ encrypted .env [www.dotenvx.com]
2026-08-01 09:13:50: 3. About to listen on 5000
2026-08-01 09:13:53: ◇ injected env (0) from .env // tip: ⌘ enable debugging { debug: true }
2026-08-01 09:13:53: 3. About to listen on 5000
2026-08-01 09:13:56: ◇ injected env (0) from .env // tip: ⌁ auth for agents [www.vestauth.com]
2026-08-01 09:13:56: 3. About to listen on 5000
2026-08-01 09:14:00: ◇ injected env (0) from .env // tip: ◈ secrets for agents [www.dotenvx.com]
2026-08-01 09:14:00: 3. About to listen on 5000
2026-08-01 09:14:03: ◇ injected env (0) from .env // tip: ⌁ auth for agents [www.vestauth.com]
2026-08-01 09:14:03: 3. About to listen on 5000
2026-08-01 09:14:07: ◇ injected env (0) from .env // tip: ◈ encrypted .env [www.dotenvx.com]
2026-08-01 09:14:07: 3. About to listen on 5000
2026-08-01 09:14:10: ◇ injected env (0) from .env // tip: ⌘ multiple files { path: ['.env.local', '.env'] }
2026-08-01 09:14:10: 3. About to listen on 5000
2026-08-01 09:14:13: ◇ injected env (0) from .env // tip: ⌘ enable debugging { debug: true }
2026-08-01 09:14:13: 3. About to listen on 5000
2026-08-01 09:14:17: ◇ injected env (0) from .env // tip: ⌘ enable debugging { debug: true }
2026-08-01 09:14:17: 3. About to listen on 5000
2026-08-01 09:14:20: ◇ injected env (0) from .env // tip: ⌁ auth for agents [www.vestauth.com]
2026-08-01 09:14:20: 3. About to listen on 5000
2026-08-01 09:14:23: ◇ injected env (0) from .env // tip: ⌘ multiple files { path: ['.env.local', '.env'] }
2026-08-01 09:14:23: 3. About to listen on 5000
2026-08-01 09:14:27: ◇ injected env (0) from .env // tip: ◈ encrypted .env [www.dotenvx.com]
2026-08-01 09:14:27: 3. About to listen on 5000
2026-08-01 09:14:31: ◇ injected env (0) from .env // tip: ⌘ enable debugging { debug: true }
2026-08-01 09:14:31: 3. About to listen on 5000
2026-08-01 09:14:34: ◇ injected env (0) from .env // tip: ⌘ multiple files { path: ['.env.local', '.env'] }
2026-08-01 09:14:34: 3. About to listen on 5000
2026-08-01 09:14:37: ◇ injected env (0) from .env // tip: ⌁ auth for agents [www.vestauth.com]
2026-08-01 09:14:37: 3. About to listen on 5000
2026-08-01 09:14:40: ◇ injected env (0) from .env // tip: ⌘ enable debugging { debug: true }
2026-08-01 09:14:40: 3. About to listen on 5000
2026-08-01 09:14:44: ◇ injected env (0) from .env // tip: ⌁ auth for agents [www.vestauth.com]
2026-08-01 09:14:44: 3. About to listen on 5000
2026-08-01 09:14:47: ◇ injected env (0) from .env // tip: ⌁ auth for agents [www.vestauth.com]
2026-08-01 09:14:47: 3. About to listen on 5000
2026-08-01 09:14:50: ◇ injected env (0) from .env // tip: ⌘ custom filepath { path: '/custom/path/.env' }
2026-08-01 09:14:50: 3. About to listen on 5000
2026-08-01 09:14:54: ◇ injected env (0) from .env // tip: ⌘ custom filepath { path: '/custom/path/.env' }
2026-08-01 09:14:54: 3. About to listen on 5000
2026-08-01 09:14:57: ◇ injected env (0) from .env // tip: ⌘ suppress logs { quiet: true }
2026-08-01 09:14:57: 3. About to listen on 5000
2026-08-01 09:15:00: ◇ injected env (0) from .env // tip: ◈ encrypted .env [www.dotenvx.com]
2026-08-01 09:15:00: 3. About to listen on 5000
2026-08-01 09:15:04: ◇ injected env (0) from .env // tip: ⌘ override existing { override: true }
2026-08-01 09:15:04: 3. About to listen on 5000
2026-08-01 09:15:07: ◇ injected env (0) from .env // tip: ⌘ multiple files { path: ['.env.local', '.env'] }
2026-08-01 09:15:07: 3. About to listen on 5000
2026-08-01 09:15:11: ◇ injected env (0) from .env // tip: ⌘ suppress logs { quiet: true }
2026-08-01 09:15:11: 3. About to listen on 5000
2026-08-01 09:15:14: ◇ injected env (0) from .env // tip: ◈ encrypted .env [www.dotenvx.com]
2026-08-01 09:15:14: 3. About to listen on 5000
2026-08-01 09:15:17: ◇ injected env (0) from .env // tip: ◈ encrypted .env [www.dotenvx.com]
2026-08-01 09:15:17: 3. About to listen on 5000
2026-08-01 09:15:20: ◇ injected env (0) from .env // tip: ⌘ override existing { override: true }
2026-08-01 09:15:21: 3. About to listen on 5000
2026-08-01 09:15:24: ◇ injected env (0) from .env // tip: ⌘ enable debugging { debug: true }
2026-08-01 09:15:24: 3. About to listen on 5000
2026-08-01 09:15:27: ◇ injected env (0) from .env // tip: ⌘ override existing { override: true }
2026-08-01 09:15:27: 3. About to listen on 5000
2026-08-01 09:15:30: ◇ injected env (0) from .env // tip: ⌘ suppress logs { quiet: true }
2026-08-01 09:15:30: 3. About to listen on 5000
2026-08-01 09:15:34: ◇ injected env (0) from .env // tip: ⌁ auth for agents [www.vestauth.com]
2026-08-01 09:15:34: 3. About to listen on 5000
2026-08-01 09:15:37: ◇ injected env (0) from .env // tip: ⌘ custom filepath { path: '/custom/path/.env' }
2026-08-01 09:15:37: 3. About to listen on 5000
2026-08-01 09:15:40: ◇ injected env (0) from .env // tip: ◈ encrypted .env [www.dotenvx.com]
2026-08-01 09:15:40: 3. About to listen on 5000
2026-08-01 09:15:44: ◇ injected env (0) from .env // tip: ⌁ auth for agents [www.vestauth.com]
2026-08-01 09:15:44: 3. About to listen on 5000
2026-08-01 09:15:47: ◇ injected env (0) from .env // tip: ◈ encrypted .env [www.dotenvx.com]
2026-08-01 09:15:47: 3. About to listen on 5000
2026-08-01 09:15:50: ◇ injected env (0) from .env // tip: ⌘ custom filepath { path: '/custom/path/.env' }
2026-08-01 09:15:50: 3. About to listen on 5000
2026-08-01 09:15:54: ◇ injected env (0) from .env // tip: ⌘ override existing { override: true }
2026-08-01 09:15:54: 3. About to listen on 5000
2026-08-01 09:15:57: ◇ injected env (0) from .env // tip: ⌘ custom filepath { path: '/custom/path/.env' }
2026-08-01 09:15:57: 3. About to listen on 5000
2026-08-01 09:16:00: ◇ injected env (0) from .env // tip: ⌘ custom filepath { path: '/custom/path/.env' }
2026-08-01 09:16:00: 3. About to listen on 5000
2026-08-01 09:16:04: ◇ injected env (0) from .env // tip: ⌘ enable debugging { debug: true }
2026-08-01 09:16:04: 3. About to listen on 5000
2026-08-01 09:16:07: ◇ injected env (0) from .env // tip: ◈ encrypted .env [www.dotenvx.com]
2026-08-01 09:16:07: 3. About to listen on 5000
2026-08-01 09:16:10: ◇ injected env (0) from .env // tip: ⌘ suppress logs { quiet: true }
2026-08-01 09:16:10: 3. About to listen on 5000
2026-08-01 09:16:14: ◇ injected env (0) from .env // tip: ⌁ auth for agents [www.vestauth.com]
2026-08-01 09:16:14: 3. About to listen on 5000
2026-08-01 09:16:17: ◇ injected env (0) from .env // tip: ◈ encrypted .env [www.dotenvx.com]
2026-08-01 09:16:17: 3. About to listen on 5000
2026-08-01 09:16:20: ◇ injected env (0) from .env // tip: ⌁ auth for agents [www.vestauth.com]
2026-08-01 09:16:20: 3. About to listen on 5000
2026-08-01 09:16:23: ◇ injected env (0) from .env // tip: ⌘ suppress logs { quiet: true }
2026-08-01 09:16:23: 3. About to listen on 5000
2026-08-01 09:16:27: ◇ injected env (0) from .env // tip: ◈ encrypted .env [www.dotenvx.com]
2026-08-01 09:16:27: 3. About to listen on 5000
2026-08-01 09:16:30: ◇ injected env (0) from .env // tip: ⌘ custom filepath { path: '/custom/path/.env' }
2026-08-01 09:16:30: 3. About to listen on 5000
2026-08-01 09:16:33: ◇ injected env (0) from .env // tip: ⌘ enable debugging { debug: true }
2026-08-01 09:16:33: 3. About to listen on 5000
2026-08-01 09:16:37: ◇ injected env (0) from .env // tip: ⌘ custom filepath { path: '/custom/path/.env' }
2026-08-01 09:16:37: 3. About to listen on 5000
2026-08-01 09:16:40: ◇ injected env (0) from .env // tip: ◈ secrets for agents [www.dotenvx.com]
2026-08-01 09:16:40: 3. About to listen on 5000
2026-08-01 09:16:43: ◇ injected env (0) from .env // tip: ◈ encrypted .env [www.dotenvx.com]
2026-08-01 09:16:43: 3. About to listen on 5000
2026-08-01 09:16:47: ◇ injected env (0) from .env // tip: ⌁ auth for agents [www.vestauth.com]
2026-08-01 09:16:47: 3. About to listen on 5000
2026-08-01 09:16:50: ◇ injected env (0) from .env // tip: ⌘ enable debugging { debug: true }
2026-08-01 09:16:50: 3. About to listen on 5000
2026-08-01 09:16:53: ◇ injected env (0) from .env // tip: ⌘ enable debugging { debug: true }
2026-08-01 09:16:53: 3. About to listen on 5000
2026-08-01 09:16:56: ◇ injected env (0) from .env // tip: ⌘ multiple files { path: ['.env.local', '.env'] }
2026-08-01 09:16:56: 3. About to listen on 5000
2026-08-01 09:17:00: ◇ injected env (0) from .env // tip: ◈ encrypted .env [www.dotenvx.com]
2026-08-01 09:17:00: 3. About to listen on 5000
2026-08-01 09:17:03: ◇ injected env (0) from .env // tip: ◈ encrypted .env [www.dotenvx.com]
2026-08-01 09:17:03: 3. About to listen on 5000
2026-08-01 09:17:06: ◇ injected env (0) from .env // tip: ⌘ override existing { override: true }
2026-08-01 09:17:06: 3. About to listen on 5000
2026-08-01 09:17:10: ◇ injected env (0) from .env // tip: ◈ encrypted .env [www.dotenvx.com]
2026-08-01 09:17:10: 3. About to listen on 5000
2026-08-01 09:17:13: ◇ injected env (0) from .env // tip: ⌘ enable debugging { debug: true }
2026-08-01 09:17:13: 3. About to listen on 5000
2026-08-01 09:17:16: ◇ injected env (0) from .env // tip: ◈ encrypted .env [www.dotenvx.com]
2026-08-01 09:17:16: 3. About to listen on 5000
2026-08-01 09:17:20: ◇ injected env (0) from .env // tip: ◈ secrets for agents [www.dotenvx.com]
2026-08-01 09:17:20: 3. About to listen on 5000
2026-08-01 09:17:23: ◇ injected env (0) from .env // tip: ⌘ override existing { override: true }
2026-08-01 09:17:23: 3. About to listen on 5000
2026-08-01 09:17:26: ◇ injected env (0) from .env // tip: ⌘ override existing { override: true }
2026-08-01 09:17:26: 3. About to listen on 5000
2026-08-01 09:17:30: ◇ injected env (0) from .env // tip: ⌘ enable debugging { debug: true }
2026-08-01 09:17:30: 3. About to listen on 5000
2026-08-01 09:17:33: ◇ injected env (0) from .env // tip: ◈ secrets for agents [www.dotenvx.com]
2026-08-01 09:17:33: 3. About to listen on 5000
2026-08-01 09:17:36: ◇ injected env (0) from .env // tip: ⌘ enable debugging { debug: true }
2026-08-01 09:17:36: 3. About to listen on 5000
2026-08-01 09:17:39: ◇ injected env (0) from .env // tip: ⌘ multiple files { path: ['.env.local', '.env'] }
2026-08-01 09:17:39: 3. About to listen on 5000
2026-08-01 09:17:43: ◇ injected env (0) from .env // tip: ⌘ suppress logs { quiet: true }
2026-08-01 09:17:43: 3. About to listen on 5000
2026-08-01 09:17:46: ◇ injected env (0) from .env // tip: ⌘ override existing { override: true }
2026-08-01 09:17:46: 3. About to listen on 5000
2026-08-01 09:17:49: ◇ injected env (0) from .env // tip: ⌘ custom filepath { path: '/custom/path/.env' }
2026-08-01 09:17:49: 3. About to listen on 5000
2026-08-01 09:17:53: ◇ injected env (0) from .env // tip: ⌘ multiple files { path: ['.env.local', '.env'] }
2026-08-01 09:17:53: 3. About to listen on 5000
2026-08-01 09:17:56: ◇ injected env (0) from .env // tip: ⌘ custom filepath { path: '/custom/path/.env' }
2026-08-01 09:17:56: 3. About to listen on 5000
2026-08-01 09:17:59: ◇ injected env (0) from .env // tip: ⌘ override existing { override: true }
2026-08-01 09:17:59: 3. About to listen on 5000
2026-08-01 09:18:03: ◇ injected env (0) from .env // tip: ◈ secrets for agents [www.dotenvx.com]
2026-08-01 09:18:03: 3. About to listen on 5000
2026-08-01 09:18:06: ◇ injected env (0) from .env // tip: ⌘ multiple files { path: ['.env.local', '.env'] }
2026-08-01 09:18:06: 3. About to listen on 5000
2026-08-01 09:18:09: ◇ injected env (0) from .env // tip: ⌁ auth for agents [www.vestauth.com]
2026-08-01 09:18:09: 3. About to listen on 5000
2026-08-01 09:18:12: ◇ injected env (0) from .env // tip: ◈ secrets for agents [www.dotenvx.com]
2026-08-01 09:18:12: 3. About to listen on 5000
2026-08-01 09:18:16: ◇ injected env (0) from .env // tip: ⌘ enable debugging { debug: true }
2026-08-01 09:18:16: 3. About to listen on 5000
2026-08-01 09:18:19: ◇ injected env (0) from .env // tip: ⌁ auth for agents [www.vestauth.com]
2026-08-01 09:18:19: 3. About to listen on 5000
2026-08-01 09:18:22: ◇ injected env (0) from .env // tip: ⌘ multiple files { path: ['.env.local', '.env'] }
2026-08-01 09:18:22: 3. About to listen on 5000
2026-08-01 09:18:26: ◇ injected env (0) from .env // tip: ◈ encrypted .env [www.dotenvx.com]
2026-08-01 09:18:26: 3. About to listen on 5000
2026-08-01 09:18:29: ◇ injected env (0) from .env // tip: ⌘ override existing { override: true }
2026-08-01 09:18:29: 3. About to listen on 5000
2026-08-01 09:18:33: ◇ injected env (0) from .env // tip: ◈ secrets for agents [www.dotenvx.com]
2026-08-01 09:18:33: 3. About to listen on 5000
2026-08-01 09:18:36: ◇ injected env (0) from .env // tip: ◈ encrypted .env [www.dotenvx.com]
2026-08-01 09:18:36: 3. About to listen on 5000
2026-08-01 09:18:39: ◇ injected env (0) from .env // tip: ⌘ suppress logs { quiet: true }
2026-08-01 09:18:39: 3. About to listen on 5000
2026-08-01 09:18:43: ◇ injected env (0) from .env // tip: ⌁ auth for agents [www.vestauth.com]
2026-08-01 09:18:43: 3. About to listen on 5000
2026-08-01 09:18:46: ◇ injected env (0) from .env // tip: ◈ secrets for agents [www.dotenvx.com]
2026-08-01 09:18:46: 3. About to listen on 5000
2026-08-01 09:18:49: ◇ injected env (0) from .env // tip: ⌘ override existing { override: true }
2026-08-01 09:18:49: 3. About to listen on 5000
2026-08-01 09:18:53: ◇ injected env (0) from .env // tip: ◈ secrets for agents [www.dotenvx.com]
2026-08-01 09:18:53: 3. About to listen on 5000
2026-08-01 09:18:56: ◇ injected env (0) from .env // tip: ⌘ override existing { override: true }
2026-08-01 09:18:56: 3. About to listen on 5000
2026-08-01 09:18:59: ◇ injected env (0) from .env // tip: ⌘ override existing { override: true }
2026-08-01 09:18:59: 3. About to listen on 5000
2026-08-01 09:19:03: ◇ injected env (0) from .env // tip: ⌘ suppress logs { quiet: true }
2026-08-01 09:19:03: 3. About to listen on 5000
2026-08-01 09:19:06: ◇ injected env (0) from .env // tip: ⌁ auth for agents [www.vestauth.com]
2026-08-01 09:19:06: 3. About to listen on 5000
2026-08-01 09:19:09: ◇ injected env (0) from .env // tip: ⌘ enable debugging { debug: true }
2026-08-01 09:19:09: 3. About to listen on 5000
2026-08-01 09:19:13: ◇ injected env (0) from .env // tip: ⌘ enable debugging { debug: true }
2026-08-01 09:19:13: 3. About to listen on 5000
2026-08-01 09:19:16: ◇ injected env (0) from .env // tip: ◈ encrypted .env [www.dotenvx.com]
2026-08-01 09:19:16: 3. About to listen on 5000
2026-08-01 09:19:19: ◇ injected env (0) from .env // tip: ⌁ auth for agents [www.vestauth.com]
2026-08-01 09:19:19: 3. About to listen on 5000
2026-08-01 09:19:23: ◇ injected env (0) from .env // tip: ⌘ suppress logs { quiet: true }
2026-08-01 09:19:23: 3. About to listen on 5000
2026-08-01 09:19:26: ◇ injected env (0) from .env // tip: ◈ secrets for agents [www.dotenvx.com]
2026-08-01 09:19:26: 3. About to listen on 5000
2026-08-01 09:19:30: ◇ injected env (0) from .env // tip: ◈ secrets for agents [www.dotenvx.com]
2026-08-01 09:19:30: 3. About to listen on 5000
2026-08-01 09:19:33: ◇ injected env (0) from .env // tip: ⌘ multiple files { path: ['.env.local', '.env'] }
2026-08-01 09:19:33: 3. About to listen on 5000
2026-08-01 09:19:36: ◇ injected env (0) from .env // tip: ◈ secrets for agents [www.dotenvx.com]
2026-08-01 09:19:36: 3. About to listen on 5000
2026-08-01 09:19:40: ◇ injected env (0) from .env // tip: ⌁ auth for agents [www.vestauth.com]
2026-08-01 09:19:40: 3. About to listen on 5000
2026-08-01 09:19:43: ◇ injected env (0) from .env // tip: ⌘ suppress logs { quiet: true }
2026-08-01 09:19:43: 3. About to listen on 5000
2026-08-01 09:19:46: ◇ injected env (0) from .env // tip: ⌁ auth for agents [www.vestauth.com]
2026-08-01 09:19:46: 3. About to listen on 5000
2026-08-01 09:19:50: ◇ injected env (0) from .env // tip: ⌘ enable debugging { debug: true }
2026-08-01 09:19:50: 3. About to listen on 5000
2026-08-01 09:19:53: ◇ injected env (0) from .env // tip: ⌘ multiple files { path: ['.env.local', '.env'] }
2026-08-01 09:19:53: 3. About to listen on 5000
2026-08-01 09:19:56: ◇ injected env (0) from .env // tip: ⌘ override existing { override: true }
2026-08-01 09:19:56: 3. About to listen on 5000
2026-08-01 09:20:00: ◇ injected env (0) from .env // tip: ◈ secrets for agents [www.dotenvx.com]
2026-08-01 09:20:00: 3. About to listen on 5000
2026-08-01 09:20:03: ◇ injected env (0) from .env // tip: ⌘ enable debugging { debug: true }
2026-08-01 09:20:03: 3. About to listen on 5000
2026-08-01 09:20:06: ◇ injected env (0) from .env // tip: ⌘ suppress logs { quiet: true }
2026-08-01 09:20:06: 3. About to listen on 5000
2026-08-01 09:20:10: ◇ injected env (0) from .env // tip: ⌘ custom filepath { path: '/custom/path/.env' }
2026-08-01 09:20:10: 3. About to listen on 5000
2026-08-01 09:20:13: ◇ injected env (0) from .env // tip: ◈ secrets for agents [www.dotenvx.com]
2026-08-01 09:20:13: 3. About to listen on 5000
2026-08-01 09:20:16: ◇ injected env (0) from .env // tip: ⌘ override existing { override: true }
2026-08-01 09:20:16: 3. About to listen on 5000
2026-08-01 09:20:20: ◇ injected env (0) from .env // tip: ⌘ multiple files { path: ['.env.local', '.env'] }
2026-08-01 09:20:20: 3. About to listen on 5000
2026-08-01 09:20:23: ◇ injected env (0) from .env // tip: ◈ encrypted .env [www.dotenvx.com]
2026-08-01 09:20:23: 3. About to listen on 5000
2026-08-01 09:20:26: ◇ injected env (0) from .env // tip: ⌁ auth for agents [www.vestauth.com]
2026-08-01 09:20:26: 3. About to listen on 5000
2026-08-01 09:20:30: ◇ injected env (0) from .env // tip: ⌁ auth for agents [www.vestauth.com]
2026-08-01 09:20:30: 3. About to listen on 5000
2026-08-01 09:20:33: ◇ injected env (0) from .env // tip: ⌘ multiple files { path: ['.env.local', '.env'] }
2026-08-01 09:20:33: 3. About to listen on 5000
2026-08-01 09:20:36: ◇ injected env (0) from .env // tip: ⌘ enable debugging { debug: true }
2026-08-01 09:20:36: 3. About to listen on 5000
2026-08-01 09:20:40: ◇ injected env (0) from .env // tip: ⌘ multiple files { path: ['.env.local', '.env'] }
2026-08-01 09:20:40: 3. About to listen on 5000
2026-08-01 09:20:43: ◇ injected env (0) from .env // tip: ⌘ enable debugging { debug: true }
2026-08-01 09:20:43: 3. About to listen on 5000
2026-08-01 09:20:46: ◇ injected env (0) from .env // tip: ⌘ override existing { override: true }
2026-08-01 09:20:46: 3. About to listen on 5000
2026-08-01 09:20:50: ◇ injected env (0) from .env // tip: ◈ encrypted .env [www.dotenvx.com]
2026-08-01 09:20:50: 3. About to listen on 5000
2026-08-01 09:20:53: ◇ injected env (0) from .env // tip: ◈ secrets for agents [www.dotenvx.com]
2026-08-01 09:20:53: 3. About to listen on 5000
2026-08-01 09:20:56: ◇ injected env (0) from .env // tip: ⌘ multiple files { path: ['.env.local', '.env'] }
2026-08-01 09:20:56: 3. About to listen on 5000
2026-08-01 09:21:00: ◇ injected env (0) from .env // tip: ◈ secrets for agents [www.dotenvx.com]
2026-08-01 09:21:00: 3. About to listen on 5000
2026-08-01 09:21:03: ◇ injected env (0) from .env // tip: ⌁ auth for agents [www.vestauth.com]
2026-08-01 09:21:03: 3. About to listen on 5000
2026-08-01 09:21:06: ◇ injected env (0) from .env // tip: ⌘ override existing { override: true }
2026-08-01 09:21:06: 3. About to listen on 5000
2026-08-01 09:21:10: ◇ injected env (0) from .env // tip: ⌘ suppress logs { quiet: true }
2026-08-01 09:21:10: 3. About to listen on 5000
2026-08-01 09:21:13: ◇ injected env (0) from .env // tip: ⌘ override existing { override: true }
2026-08-01 09:21:13: 3. About to listen on 5000
2026-08-01 09:21:17: ◇ injected env (0) from .env // tip: ◈ encrypted .env [www.dotenvx.com]
2026-08-01 09:21:17: 3. About to listen on 5000
2026-08-01 09:21:20: ◇ injected env (0) from .env // tip: ⌁ auth for agents [www.vestauth.com]
2026-08-01 09:21:20: 3. About to listen on 5000
2026-08-01 09:21:23: ◇ injected env (0) from .env // tip: ⌘ enable debugging { debug: true }
2026-08-01 09:21:23: 3. About to listen on 5000
2026-08-01 09:21:26: ◇ injected env (0) from .env // tip: ⌘ custom filepath { path: '/custom/path/.env' }
2026-08-01 09:21:26: 3. About to listen on 5000
2026-08-01 09:21:30: ◇ injected env (0) from .env // tip: ⌘ override existing { override: true }
2026-08-01 09:21:30: 3. About to listen on 5000
2026-08-01 09:21:33: ◇ injected env (0) from .env // tip: ◈ encrypted .env [www.dotenvx.com]
2026-08-01 09:21:33: 3. About to listen on 5000
2026-08-01 09:21:36: ◇ injected env (0) from .env // tip: ⌘ custom filepath { path: '/custom/path/.env' }
2026-08-01 09:21:36: 3. About to listen on 5000
2026-08-01 09:21:40: ◇ injected env (0) from .env // tip: ⌘ suppress logs { quiet: true }
2026-08-01 09:21:40: 3. About to listen on 5000
2026-08-01 09:21:43: ◇ injected env (0) from .env // tip: ⌘ multiple files { path: ['.env.local', '.env'] }
2026-08-01 09:21:43: 3. About to listen on 5000
2026-08-01 09:21:47: ◇ injected env (0) from .env // tip: ◈ encrypted .env [www.dotenvx.com]
2026-08-01 09:21:47: 3. About to listen on 5000
2026-08-01 09:21:50: ◇ injected env (0) from .env // tip: ◈ encrypted .env [www.dotenvx.com]
2026-08-01 09:21:50: 3. About to listen on 5000
2026-08-01 09:21:53: ◇ injected env (0) from .env // tip: ⌁ auth for agents [www.vestauth.com]
2026-08-01 09:21:53: 3. About to listen on 5000
2026-08-01 09:21:57: ◇ injected env (0) from .env // tip: ⌘ custom filepath { path: '/custom/path/.env' }
2026-08-01 09:21:57: 3. About to listen on 5000
2026-08-01 09:22:00: ◇ injected env (0) from .env // tip: ⌘ suppress logs { quiet: true }
2026-08-01 09:22:00: 3. About to listen on 5000
2026-08-01 09:22:03: ◇ injected env (0) from .env // tip: ⌁ auth for agents [www.vestauth.com]
2026-08-01 09:22:03: 3. About to listen on 5000
2026-08-01 09:22:07: ◇ injected env (0) from .env // tip: ⌁ auth for agents [www.vestauth.com]
2026-08-01 09:22:07: 3. About to listen on 5000
2026-08-01 09:22:10: ◇ injected env (0) from .env // tip: ⌘ enable debugging { debug: true }
2026-08-01 09:22:10: 3. About to listen on 5000
2026-08-01 09:22:13: ◇ injected env (0) from .env // tip: ⌘ suppress logs { quiet: true }
2026-08-01 09:22:13: 3. About to listen on 5000
2026-08-01 09:22:17: ◇ injected env (0) from .env // tip: ⌘ enable debugging { debug: true }
2026-08-01 09:22:17: 3. About to listen on 5000
2026-08-01 09:22:20: ◇ injected env (0) from .env // tip: ⌘ multiple files { path: ['.env.local', '.env'] }
2026-08-01 09:22:20: 3. About to listen on 5000
2026-08-01 09:22:23: ◇ injected env (0) from .env // tip: ◈ encrypted .env [www.dotenvx.com]
2026-08-01 09:22:23: 3. About to listen on 5000
2026-08-01 09:22:27: ◇ injected env (0) from .env // tip: ◈ encrypted .env [www.dotenvx.com]
2026-08-01 09:22:27: 3. About to listen on 5000
2026-08-01 09:22:30: ◇ injected env (0) from .env // tip: ⌘ override existing { override: true }
2026-08-01 09:22:30: 3. About to listen on 5000
2026-08-01 09:22:33: ◇ injected env (0) from .env // tip: ⌘ override existing { override: true }
2026-08-01 09:22:33: 3. About to listen on 5000
2026-08-01 09:22:37: ◇ injected env (0) from .env // tip: ⌁ auth for agents [www.vestauth.com]
2026-08-01 09:22:37: 3. About to listen on 5000
2026-08-01 09:22:40: ◇ injected env (0) from .env // tip: ⌘ suppress logs { quiet: true }
2026-08-01 09:22:40: 3. About to listen on 5000
2026-08-01 09:22:43: ◇ injected env (0) from .env // tip: ⌘ override existing { override: true }
2026-08-01 09:22:43: 3. About to listen on 5000
2026-08-01 09:22:47: ◇ injected env (0) from .env // tip: ⌘ suppress logs { quiet: true }
2026-08-01 09:22:47: 3. About to listen on 5000
2026-08-01 09:22:50: ◇ injected env (0) from .env // tip: ⌁ auth for agents [www.vestauth.com]
2026-08-01 09:22:50: 3. About to listen on 5000
2026-08-01 09:22:53: ◇ injected env (0) from .env // tip: ⌘ custom filepath { path: '/custom/path/.env' }
2026-08-01 09:22:53: 3. About to listen on 5000
2026-08-01 09:22:57: ◇ injected env (0) from .env // tip: ⌘ override existing { override: true }
2026-08-01 09:22:57: 3. About to listen on 5000
2026-08-01 09:23:00: ◇ injected env (0) from .env // tip: ⌘ enable debugging { debug: true }
2026-08-01 09:23:00: 3. About to listen on 5000
2026-08-01 09:23:03: ◇ injected env (0) from .env // tip: ⌁ auth for agents [www.vestauth.com]
2026-08-01 09:23:03: 3. About to listen on 5000
2026-08-01 09:23:07: ◇ injected env (0) from .env // tip: ⌘ enable debugging { debug: true }
2026-08-01 09:23:07: 3. About to listen on 5000
2026-08-01 09:23:10: ◇ injected env (0) from .env // tip: ⌘ override existing { override: true }
2026-08-01 09:23:10: 3. About to listen on 5000
2026-08-01 09:23:13: ◇ injected env (0) from .env // tip: ⌘ multiple files { path: ['.env.local', '.env'] }
2026-08-01 09:23:13: 3. About to listen on 5000
2026-08-01 09:23:16: ◇ injected env (0) from .env // tip: ⌘ override existing { override: true }
2026-08-01 09:23:17: 3. About to listen on 5000
2026-08-01 09:23:20: ◇ injected env (0) from .env // tip: ⌘ override existing { override: true }
2026-08-01 09:23:20: 3. About to listen on 5000
2026-08-01 09:23:23: ◇ injected env (0) from .env // tip: ◈ encrypted .env [www.dotenvx.com]
2026-08-01 09:23:23: 3. About to listen on 5000
2026-08-01 09:23:27: ◇ injected env (0) from .env // tip: ⌘ suppress logs { quiet: true }
2026-08-01 09:23:27: 3. About to listen on 5000
2026-08-01 09:23:30: ◇ injected env (0) from .env // tip: ⌘ override existing { override: true }
2026-08-01 09:23:30: 3. About to listen on 5000
2026-08-01 09:23:33: ◇ injected env (0) from .env // tip: ⌘ override existing { override: true }
2026-08-01 09:23:33: 3. About to listen on 5000
2026-08-01 09:23:37: ◇ injected env (0) from .env // tip: ⌁ auth for agents [www.vestauth.com]
2026-08-01 09:23:37: 3. About to listen on 5000
2026-08-01 09:23:40: ◇ injected env (0) from .env // tip: ◈ encrypted .env [www.dotenvx.com]
2026-08-01 09:23:40: 3. About to listen on 5000
2026-08-01 09:23:43: ◇ injected env (0) from .env // tip: ⌁ auth for agents [www.vestauth.com]
2026-08-01 09:23:43: 3. About to listen on 5000
2026-08-01 09:23:47: ◇ injected env (0) from .env // tip: ⌘ multiple files { path: ['.env.local', '.env'] }
2026-08-01 09:23:47: 3. About to listen on 5000
2026-08-01 09:23:50: ◇ injected env (0) from .env // tip: ⌘ override existing { override: true }
2026-08-01 09:23:50: 3. About to listen on 5000
2026-08-01 09:23:54: ◇ injected env (0) from .env // tip: ⌘ multiple files { path: ['.env.local', '.env'] }
2026-08-01 09:23:54: 3. About to listen on 5000
2026-08-01 09:23:57: ◇ injected env (0) from .env // tip: ⌘ custom filepath { path: '/custom/path/.env' }
2026-08-01 09:23:57: 3. About to listen on 5000
2026-08-01 09:24:00: ◇ injected env (0) from .env // tip: ◈ secrets for agents [www.dotenvx.com]
2026-08-01 09:24:00: 3. About to listen on 5000
2026-08-01 09:24:04: ◇ injected env (0) from .env // tip: ⌘ suppress logs { quiet: true }
2026-08-01 09:24:04: 3. About to listen on 5000
2026-08-01 09:24:07: ◇ injected env (0) from .env // tip: ◈ secrets for agents [www.dotenvx.com]
2026-08-01 09:24:07: 3. About to listen on 5000
2026-08-01 09:24:10: ◇ injected env (0) from .env // tip: ⌘ suppress logs { quiet: true }
2026-08-01 09:24:10: 3. About to listen on 5000
2026-08-01 09:24:14: ◇ injected env (0) from .env // tip: ◈ encrypted .env [www.dotenvx.com]
2026-08-01 09:24:14: 3. About to listen on 5000
2026-08-01 09:24:17: ◇ injected env (0) from .env // tip: ⌘ custom filepath { path: '/custom/path/.env' }
2026-08-01 09:24:17: 3. About to listen on 5000
2026-08-01 09:24:20: ◇ injected env (0) from .env // tip: ⌘ custom filepath { path: '/custom/path/.env' }
2026-08-01 09:24:20: 3. About to listen on 5000
2026-08-01 09:24:23: ◇ injected env (0) from .env // tip: ◈ encrypted .env [www.dotenvx.com]
2026-08-01 09:24:23: 3. About to listen on 5000
2026-08-01 09:24:27: ◇ injected env (0) from .env // tip: ⌘ enable debugging { debug: true }
2026-08-01 09:24:27: 3. About to listen on 5000
2026-08-01 09:24:30: ◇ injected env (0) from .env // tip: ⌘ suppress logs { quiet: true }
2026-08-01 09:24:30: 3. About to listen on 5000
2026-08-01 09:24:33: ◇ injected env (0) from .env // tip: ⌘ enable debugging { debug: true }
2026-08-01 09:24:33: 3. About to listen on 5000
2026-08-01 09:24:37: ◇ injected env (0) from .env // tip: ⌁ auth for agents [www.vestauth.com]
2026-08-01 09:24:37: 3. About to listen on 5000
2026-08-01 09:24:40: ◇ injected env (0) from .env // tip: ⌘ override existing { override: true }
2026-08-01 09:24:40: 3. About to listen on 5000
2026-08-01 09:24:43: ◇ injected env (0) from .env // tip: ◈ secrets for agents [www.dotenvx.com]
2026-08-01 09:24:43: 3. About to listen on 5000
2026-08-01 09:24:47: ◇ injected env (0) from .env // tip: ⌘ suppress logs { quiet: true }
2026-08-01 09:24:47: 3. About to listen on 5000
2026-08-01 09:24:50: ◇ injected env (0) from .env // tip: ⌁ auth for agents [www.vestauth.com]
2026-08-01 09:24:50: 3. About to listen on 5000
2026-08-01 09:24:53: ◇ injected env (0) from .env // tip: ◈ secrets for agents [www.dotenvx.com]
2026-08-01 09:24:53: 3. About to listen on 5000
2026-08-01 09:24:56: ◇ injected env (0) from .env // tip: ◈ encrypted .env [www.dotenvx.com]
2026-08-01 09:24:56: 3. About to listen on 5000
2026-08-01 09:25:00: ◇ injected env (0) from .env // tip: ◈ encrypted .env [www.dotenvx.com]
2026-08-01 09:25:00: 3. About to listen on 5000
2026-08-01 09:25:03: ◇ injected env (0) from .env // tip: ⌘ override existing { override: true }
2026-08-01 09:25:03: 3. About to listen on 5000
2026-08-01 09:25:06: ◇ injected env (0) from .env // tip: ⌘ custom filepath { path: '/custom/path/.env' }
2026-08-01 09:25:06: 3. About to listen on 5000
2026-08-01 09:25:10: ◇ injected env (0) from .env // tip: ⌘ override existing { override: true }
2026-08-01 09:25:10: 3. About to listen on 5000
2026-08-01 09:25:13: ◇ injected env (0) from .env // tip: ◈ encrypted .env [www.dotenvx.com]
2026-08-01 09:25:13: 3. About to listen on 5000
2026-08-01 09:25:16: ◇ injected env (0) from .env // tip: ◈ secrets for agents [www.dotenvx.com]
2026-08-01 09:25:16: 3. About to listen on 5000
2026-08-01 09:25:20: ◇ injected env (0) from .env // tip: ⌘ multiple files { path: ['.env.local', '.env'] }
2026-08-01 09:25:20: 3. About to listen on 5000
2026-08-01 09:25:23: ◇ injected env (0) from .env // tip: ⌁ auth for agents [www.vestauth.com]
2026-08-01 09:25:23: 3. About to listen on 5000
2026-08-01 09:25:26: ◇ injected env (0) from .env // tip: ◈ encrypted .env [www.dotenvx.com]
2026-08-01 09:25:26: 3. About to listen on 5000
2026-08-01 09:25:30: ◇ injected env (0) from .env // tip: ⌘ override existing { override: true }
2026-08-01 09:25:30: 3. About to listen on 5000
2026-08-01 09:25:33: ◇ injected env (0) from .env // tip: ⌘ custom filepath { path: '/custom/path/.env' }
2026-08-01 09:25:33: 3. About to listen on 5000
2026-08-01 09:25:36: ◇ injected env (0) from .env // tip: ⌁ auth for agents [www.vestauth.com]
2026-08-01 09:25:36: 3. About to listen on 5000
2026-08-01 09:25:39: ◇ injected env (0) from .env // tip: ⌘ enable debugging { debug: true }
2026-08-01 09:25:39: 3. About to listen on 5000
2026-08-01 09:25:43: ◇ injected env (0) from .env // tip: ◈ encrypted .env [www.dotenvx.com]
2026-08-01 09:25:43: 3. About to listen on 5000
2026-08-01 09:25:46: ◇ injected env (0) from .env // tip: ⌘ custom filepath { path: '/custom/path/.env' }
2026-08-01 09:25:46: 3. About to listen on 5000
2026-08-01 09:25:49: ◇ injected env (0) from .env // tip: ◈ encrypted .env [www.dotenvx.com]
2026-08-01 09:25:50: 3. About to listen on 5000
2026-08-01 09:25:53: ◇ injected env (0) from .env // tip: ⌘ suppress logs { quiet: true }
2026-08-01 09:25:53: 3. About to listen on 5000
2026-08-01 09:25:56: ◇ injected env (0) from .env // tip: ⌘ custom filepath { path: '/custom/path/.env' }
2026-08-01 09:25:56: 3. About to listen on 5000
2026-08-01 09:26:00: ◇ injected env (0) from .env // tip: ⌘ suppress logs { quiet: true }
2026-08-01 09:26:00: 3. About to listen on 5000
2026-08-01 09:26:03: ◇ injected env (0) from .env // tip: ⌘ override existing { override: true }
2026-08-01 09:26:03: 3. About to listen on 5000
2026-08-01 09:26:06: ◇ injected env (0) from .env // tip: ⌘ suppress logs { quiet: true }
2026-08-01 09:26:06: 3. About to listen on 5000
2026-08-01 09:26:09: ◇ injected env (0) from .env // tip: ⌘ multiple files { path: ['.env.local', '.env'] }
2026-08-01 09:26:10: 3. About to listen on 5000
2026-08-01 09:26:13: ◇ injected env (0) from .env // tip: ◈ encrypted .env [www.dotenvx.com]
2026-08-01 09:26:13: 3. About to listen on 5000
2026-08-01 09:26:16: ◇ injected env (0) from .env // tip: ⌘ multiple files { path: ['.env.local', '.env'] }
2026-08-01 09:26:16: 3. About to listen on 5000
2026-08-01 09:26:19: ◇ injected env (0) from .env // tip: ⌁ auth for agents [www.vestauth.com]
2026-08-01 09:26:19: 3. About to listen on 5000
2026-08-01 09:26:23: ◇ injected env (0) from .env // tip: ⌁ auth for agents [www.vestauth.com]
2026-08-01 09:26:23: 3. About to listen on 5000
2026-08-01 09:26:26: ◇ injected env (0) from .env // tip: ⌘ enable debugging { debug: true }
2026-08-01 09:26:26: 3. About to listen on 5000
2026-08-01 09:26:29: ◇ injected env (0) from .env // tip: ◈ secrets for agents [www.dotenvx.com]
2026-08-01 09:26:29: 3. About to listen on 5000
2026-08-01 09:26:33: ◇ injected env (0) from .env // tip: ⌘ suppress logs { quiet: true }
2026-08-01 09:26:33: 3. About to listen on 5000
2026-08-01 09:26:36: ◇ injected env (0) from .env // tip: ◈ encrypted .env [www.dotenvx.com]
2026-08-01 09:26:36: 3. About to listen on 5000
2026-08-01 09:26:40: ◇ injected env (0) from .env // tip: ⌘ override existing { override: true }
2026-08-01 09:26:40: 3. About to listen on 5000
2026-08-01 09:26:43: ◇ injected env (0) from .env // tip: ⌘ multiple files { path: ['.env.local', '.env'] }
2026-08-01 09:26:43: 3. About to listen on 5000
2026-08-01 09:26:46: ◇ injected env (0) from .env // tip: ◈ encrypted .env [www.dotenvx.com]
2026-08-01 09:26:46: 3. About to listen on 5000
2026-08-01 09:26:50: ◇ injected env (0) from .env // tip: ⌘ suppress logs { quiet: true }
2026-08-01 09:26:50: 3. About to listen on 5000
2026-08-01 09:26:53: ◇ injected env (0) from .env // tip: ⌘ override existing { override: true }
2026-08-01 09:26:53: 3. About to listen on 5000
2026-08-01 09:26:56: ◇ injected env (0) from .env // tip: ⌘ custom filepath { path: '/custom/path/.env' }
2026-08-01 09:26:56: 3. About to listen on 5000
2026-08-01 09:26:59: ◇ injected env (0) from .env // tip: ⌘ suppress logs { quiet: true }
2026-08-01 09:27:00: 3. About to listen on 5000
2026-08-01 09:27:03: ◇ injected env (0) from .env // tip: ⌁ auth for agents [www.vestauth.com]
2026-08-01 09:27:03: 3. About to listen on 5000
2026-08-01 09:27:06: ◇ injected env (0) from .env // tip: ⌁ auth for agents [www.vestauth.com]
2026-08-01 09:27:06: 3. About to listen on 5000
2026-08-01 09:27:10: ◇ injected env (0) from .env // tip: ⌁ auth for agents [www.vestauth.com]
2026-08-01 09:27:10: 3. About to listen on 5000
2026-08-01 09:27:13: ◇ injected env (0) from .env // tip: ⌁ auth for agents [www.vestauth.com]
2026-08-01 09:27:13: 3. About to listen on 5000
2026-08-01 09:27:16: ◇ injected env (0) from .env // tip: ◈ encrypted .env [www.dotenvx.com]
2026-08-01 09:27:16: 3. About to listen on 5000
2026-08-01 09:27:19: ◇ injected env (0) from .env // tip: ⌘ multiple files { path: ['.env.local', '.env'] }
2026-08-01 09:27:19: 3. About to listen on 5000
2026-08-01 09:27:23: ◇ injected env (0) from .env // tip: ⌘ custom filepath { path: '/custom/path/.env' }
2026-08-01 09:27:23: 3. About to listen on 5000
2026-08-01 09:27:26: ◇ injected env (0) from .env // tip: ⌘ enable debugging { debug: true }
2026-08-01 09:27:26: 3. About to listen on 5000
2026-08-01 09:27:29: ◇ injected env (0) from .env // tip: ⌘ custom filepath { path: '/custom/path/.env' }
2026-08-01 09:27:29: 3. About to listen on 5000
2026-08-01 09:27:33: ◇ injected env (0) from .env // tip: ⌘ multiple files { path: ['.env.local', '.env'] }
2026-08-01 09:27:33: 3. About to listen on 5000
2026-08-01 09:27:36: ◇ injected env (0) from .env // tip: ◈ encrypted .env [www.dotenvx.com]
2026-08-01 09:27:36: 3. About to listen on 5000
2026-08-01 09:27:39: ◇ injected env (0) from .env // tip: ⌘ enable debugging { debug: true }
2026-08-01 09:27:39: 3. About to listen on 5000
2026-08-01 09:27:43: ◇ injected env (0) from .env // tip: ◈ encrypted .env [www.dotenvx.com]
2026-08-01 09:27:43: 3. About to listen on 5000
2026-08-01 09:27:46: ◇ injected env (0) from .env // tip: ⌘ custom filepath { path: '/custom/path/.env' }
2026-08-01 09:27:46: 3. About to listen on 5000
2026-08-01 09:27:49: ◇ injected env (0) from .env // tip: ⌘ enable debugging { debug: true }
2026-08-01 09:27:49: 3. About to listen on 5000
2026-08-01 09:27:53: ◇ injected env (0) from .env // tip: ⌘ multiple files { path: ['.env.local', '.env'] }
2026-08-01 09:27:53: 3. About to listen on 5000
2026-08-01 09:27:56: ◇ injected env (0) from .env // tip: ⌘ override existing { override: true }
2026-08-01 09:27:56: 3. About to listen on 5000
2026-08-01 09:27:59: ◇ injected env (0) from .env // tip: ⌘ suppress logs { quiet: true }
2026-08-01 09:27:59: 3. About to listen on 5000
2026-08-01 09:28:03: ◇ injected env (0) from .env // tip: ⌘ override existing { override: true }
2026-08-01 09:28:03: 3. About to listen on 5000
2026-08-01 09:28:06: ◇ injected env (0) from .env // tip: ⌘ multiple files { path: ['.env.local', '.env'] }
2026-08-01 09:28:06: 3. About to listen on 5000
2026-08-01 09:28:09: ◇ injected env (0) from .env // tip: ⌘ override existing { override: true }
2026-08-01 09:28:09: 3. About to listen on 5000
2026-08-01 09:28:13: ◇ injected env (0) from .env // tip: ⌘ suppress logs { quiet: true }
2026-08-01 09:28:13: 3. About to listen on 5000
2026-08-01 09:28:16: ◇ injected env (0) from .env // tip: ⌘ suppress logs { quiet: true }
2026-08-01 09:28:16: 3. About to listen on 5000
2026-08-01 09:28:19: ◇ injected env (0) from .env // tip: ⌘ multiple files { path: ['.env.local', '.env'] }
2026-08-01 09:28:19: 3. About to listen on 5000
2026-08-01 09:28:22: ◇ injected env (0) from .env // tip: ⌘ custom filepath { path: '/custom/path/.env' }
2026-08-01 09:28:22: 3. About to listen on 5000
2026-08-01 09:28:26: ◇ injected env (0) from .env // tip: ◈ encrypted .env [www.dotenvx.com]
2026-08-01 09:28:26: 3. About to listen on 5000
2026-08-01 09:28:29: ◇ injected env (0) from .env // tip: ⌘ multiple files { path: ['.env.local', '.env'] }
2026-08-01 09:28:29: 3. About to listen on 5000
2026-08-01 09:28:32: ◇ injected env (0) from .env // tip: ⌘ multiple files { path: ['.env.local', '.env'] }
2026-08-01 09:28:32: 3. About to listen on 5000
2026-08-01 09:28:36: ◇ injected env (0) from .env // tip: ⌘ suppress logs { quiet: true }
2026-08-01 09:28:36: 3. About to listen on 5000
2026-08-01 09:28:39: ◇ injected env (0) from .env // tip: ◈ encrypted .env [www.dotenvx.com]
2026-08-01 09:28:39: 3. About to listen on 5000
2026-08-01 09:28:42: ◇ injected env (0) from .env // tip: ⌘ custom filepath { path: '/custom/path/.env' }
2026-08-01 09:28:42: 3. About to listen on 5000
2026-08-01 09:28:46: ◇ injected env (0) from .env // tip: ⌘ multiple files { path: ['.env.local', '.env'] }
2026-08-01 09:28:46: 3. About to listen on 5000
2026-08-01 09:28:49: ◇ injected env (0) from .env // tip: ⌁ auth for agents [www.vestauth.com]
2026-08-01 09:28:49: 3. About to listen on 5000
2026-08-01 09:28:52: ◇ injected env (0) from .env // tip: ⌘ override existing { override: true }
2026-08-01 09:28:52: 3. About to listen on 5000
2026-08-01 09:28:55: ◇ injected env (0) from .env // tip: ◈ encrypted .env [www.dotenvx.com]
2026-08-01 09:28:55: 3. About to listen on 5000
2026-08-01 09:28:59: ◇ injected env (0) from .env // tip: ◈ encrypted .env [www.dotenvx.com]
2026-08-01 09:28:59: 3. About to listen on 5000
2026-08-01 09:29:02: ◇ injected env (0) from .env // tip: ◈ encrypted .env [www.dotenvx.com]
2026-08-01 09:29:02: 3. About to listen on 5000
2026-08-01 09:29:05: ◇ injected env (0) from .env // tip: ◈ encrypted .env [www.dotenvx.com]
2026-08-01 09:29:05: 3. About to listen on 5000
2026-08-01 09:29:09: ◇ injected env (0) from .env // tip: ⌘ override existing { override: true }
2026-08-01 09:29:09: 3. About to listen on 5000
2026-08-01 09:29:12: ◇ injected env (0) from .env // tip: ⌘ multiple files { path: ['.env.local', '.env'] }
2026-08-01 09:29:12: 3. About to listen on 5000
2026-08-01 09:29:15: ◇ injected env (0) from .env // tip: ⌘ suppress logs { quiet: true }
2026-08-01 09:29:15: 3. About to listen on 5000
2026-08-01 09:29:19: ◇ injected env (0) from .env // tip: ⌘ enable debugging { debug: true }
2026-08-01 09:29:19: 3. About to listen on 5000
2026-08-01 09:29:22: ◇ injected env (0) from .env // tip: ⌘ suppress logs { quiet: true }
2026-08-01 09:29:22: 3. About to listen on 5000
2026-08-01 09:29:25: ◇ injected env (0) from .env // tip: ⌘ multiple files { path: ['.env.local', '.env'] }
2026-08-01 09:29:25: 3. About to listen on 5000
2026-08-01 09:29:28: ◇ injected env (0) from .env // tip: ◈ secrets for agents [www.dotenvx.com]
2026-08-01 09:29:28: 3. About to listen on 5000
2026-08-01 09:29:32: ◇ injected env (0) from .env // tip: ⌘ custom filepath { path: '/custom/path/.env' }
2026-08-01 09:29:32: 3. About to listen on 5000
2026-08-01 09:29:35: ◇ injected env (0) from .env // tip: ◈ secrets for agents [www.dotenvx.com]
2026-08-01 09:29:35: 3. About to listen on 5000
2026-08-01 09:29:38: ◇ injected env (0) from .env // tip: ◈ secrets for agents [www.dotenvx.com]
2026-08-01 09:29:38: 3. About to listen on 5000
2026-08-01 09:29:42: ◇ injected env (0) from .env // tip: ◈ encrypted .env [www.dotenvx.com]
2026-08-01 09:29:42: 3. About to listen on 5000
2026-08-01 09:29:45: ◇ injected env (0) from .env // tip: ◈ secrets for agents [www.dotenvx.com]
2026-08-01 09:29:45: 3. About to listen on 5000
2026-08-01 09:29:48: ◇ injected env (0) from .env // tip: ⌘ custom filepath { path: '/custom/path/.env' }
2026-08-01 09:29:48: 3. About to listen on 5000
2026-08-01 09:29:52: ◇ injected env (0) from .env // tip: ◈ secrets for agents [www.dotenvx.com]
2026-08-01 09:29:52: 3. About to listen on 5000
2026-08-01 09:29:55: ◇ injected env (0) from .env // tip: ⌘ custom filepath { path: '/custom/path/.env' }
2026-08-01 09:29:55: 3. About to listen on 5000
2026-08-01 09:29:58: ◇ injected env (0) from .env // tip: ⌘ multiple files { path: ['.env.local', '.env'] }
2026-08-01 09:29:58: 3. About to listen on 5000
2026-08-01 09:30:01: ◇ injected env (0) from .env // tip: ⌘ override existing { override: true }
2026-08-01 09:30:01: 3. About to listen on 5000
2026-08-01 09:30:05: ◇ injected env (0) from .env // tip: ⌘ multiple files { path: ['.env.local', '.env'] }
2026-08-01 09:30:05: 3. About to listen on 5000
2026-08-01 09:30:08: ◇ injected env (0) from .env // tip: ◈ secrets for agents [www.dotenvx.com]
2026-08-01 09:30:08: 3. About to listen on 5000
2026-08-01 09:30:11: ◇ injected env (0) from .env // tip: ◈ secrets for agents [www.dotenvx.com]
2026-08-01 09:30:11: 3. About to listen on 5000
2026-08-01 09:30:15: ◇ injected env (0) from .env // tip: ◈ secrets for agents [www.dotenvx.com]
2026-08-01 09:30:15: 3. About to listen on 5000
2026-08-01 09:30:18: ◇ injected env (0) from .env // tip: ◈ encrypted .env [www.dotenvx.com]
2026-08-01 09:30:18: 3. About to listen on 5000
2026-08-01 09:30:21: ◇ injected env (0) from .env // tip: ◈ secrets for agents [www.dotenvx.com]
2026-08-01 09:30:21: 3. About to listen on 5000
2026-08-01 09:30:25: ◇ injected env (0) from .env // tip: ◈ secrets for agents [www.dotenvx.com]
2026-08-01 09:30:25: 3. About to listen on 5000
2026-08-01 09:30:28: ◇ injected env (0) from .env // tip: ⌁ auth for agents [www.vestauth.com]
2026-08-01 09:30:28: 3. About to listen on 5000
2026-08-01 09:30:31: ◇ injected env (0) from .env // tip: ⌘ suppress logs { quiet: true }
2026-08-01 09:30:31: 3. About to listen on 5000
2026-08-01 09:30:34: ◇ injected env (0) from .env // tip: ⌘ enable debugging { debug: true }
2026-08-01 09:30:34: 3. About to listen on 5000
2026-08-01 09:30:38: ◇ injected env (0) from .env // tip: ◈ secrets for agents [www.dotenvx.com]
2026-08-01 09:30:38: 3. About to listen on 5000
2026-08-01 09:30:41: ◇ injected env (0) from .env // tip: ◈ secrets for agents [www.dotenvx.com]
2026-08-01 09:30:41: 3. About to listen on 5000
2026-08-01 09:30:44: ◇ injected env (0) from .env // tip: ◈ encrypted .env [www.dotenvx.com]
2026-08-01 09:30:44: 3. About to listen on 5000
2026-08-01 09:30:48: ◇ injected env (0) from .env // tip: ⌘ custom filepath { path: '/custom/path/.env' }
2026-08-01 09:30:48: 3. About to listen on 5000
2026-08-01 09:30:51: ◇ injected env (0) from .env // tip: ◈ encrypted .env [www.dotenvx.com]
2026-08-01 09:30:51: 3. About to listen on 5000
2026-08-01 09:30:54: ◇ injected env (0) from .env // tip: ⌘ override existing { override: true }
2026-08-01 09:30:54: 3. About to listen on 5000
2026-08-01 09:30:58: ◇ injected env (0) from .env // tip: ⌘ custom filepath { path: '/custom/path/.env' }
2026-08-01 09:30:58: 3. About to listen on 5000
2026-08-01 09:31:01: ◇ injected env (0) from .env // tip: ⌘ suppress logs { quiet: true }
2026-08-01 09:31:01: 3. About to listen on 5000
2026-08-01 09:31:04: ◇ injected env (0) from .env // tip: ⌘ custom filepath { path: '/custom/path/.env' }
2026-08-01 09:31:04: 3. About to listen on 5000
2026-08-01 09:31:08: ◇ injected env (0) from .env // tip: ⌘ suppress logs { quiet: true }
2026-08-01 09:31:08: 3. About to listen on 5000
2026-08-01 09:31:11: ◇ injected env (0) from .env // tip: ⌘ enable debugging { debug: true }
2026-08-01 09:31:11: 3. About to listen on 5000
2026-08-01 09:31:14: ◇ injected env (0) from .env // tip: ⌘ override existing { override: true }
2026-08-01 09:31:14: 3. About to listen on 5000
2026-08-01 09:31:18: ◇ injected env (0) from .env // tip: ⌘ custom filepath { path: '/custom/path/.env' }
2026-08-01 09:31:18: 3. About to listen on 5000
2026-08-01 09:31:21: ◇ injected env (0) from .env // tip: ⌘ enable debugging { debug: true }
2026-08-01 09:31:21: 3. About to listen on 5000
2026-08-01 09:31:24: ◇ injected env (0) from .env // tip: ◈ secrets for agents [www.dotenvx.com]
2026-08-01 09:31:24: 3. About to listen on 5000
2026-08-01 09:31:28: ◇ injected env (0) from .env // tip: ◈ secrets for agents [www.dotenvx.com]
2026-08-01 09:31:28: 3. About to listen on 5000
2026-08-01 09:31:31: ◇ injected env (0) from .env // tip: ⌘ enable debugging { debug: true }
2026-08-01 09:31:31: 3. About to listen on 5000
2026-08-01 09:31:34: ◇ injected env (0) from .env // tip: ⌁ auth for agents [www.vestauth.com]
2026-08-01 09:31:34: 3. About to listen on 5000
2026-08-01 09:31:38: ◇ injected env (0) from .env // tip: ◈ secrets for agents [www.dotenvx.com]
2026-08-01 09:31:38: 3. About to listen on 5000
2026-08-01 09:31:41: ◇ injected env (0) from .env // tip: ⌘ enable debugging { debug: true }
2026-08-01 09:31:41: 3. About to listen on 5000
2026-08-01 09:31:44: ◇ injected env (0) from .env // tip: ⌁ auth for agents [www.vestauth.com]
2026-08-01 09:31:44: 3. About to listen on 5000
2026-08-01 09:31:47: ◇ injected env (0) from .env // tip: ⌘ multiple files { path: ['.env.local', '.env'] }
2026-08-01 09:31:47: 3. About to listen on 5000
2026-08-01 09:31:51: ◇ injected env (0) from .env // tip: ◈ encrypted .env [www.dotenvx.com]
2026-08-01 09:31:51: 3. About to listen on 5000
2026-08-01 09:31:54: ◇ injected env (0) from .env // tip: ◈ secrets for agents [www.dotenvx.com]
2026-08-01 09:31:54: 3. About to listen on 5000
2026-08-01 09:31:57: ◇ injected env (0) from .env // tip: ⌘ enable debugging { debug: true }
2026-08-01 09:31:57: 3. About to listen on 5000
2026-08-01 09:32:01: ◇ injected env (0) from .env // tip: ◈ secrets for agents [www.dotenvx.com]
2026-08-01 09:32:01: 3. About to listen on 5000
2026-08-01 09:32:04: ◇ injected env (0) from .env // tip: ⌁ auth for agents [www.vestauth.com]
2026-08-01 09:32:04: 3. About to listen on 5000
2026-08-01 09:32:07: ◇ injected env (0) from .env // tip: ⌁ auth for agents [www.vestauth.com]
2026-08-01 09:32:07: 3. About to listen on 5000
2026-08-01 09:32:11: ◇ injected env (0) from .env // tip: ⌁ auth for agents [www.vestauth.com]
2026-08-01 09:32:11: 3. About to listen on 5000
2026-08-01 09:32:14: ◇ injected env (0) from .env // tip: ⌘ enable debugging { debug: true }
2026-08-01 09:32:14: 3. About to listen on 5000
2026-08-01 09:32:17: ◇ injected env (0) from .env // tip: ⌘ enable debugging { debug: true }
2026-08-01 09:32:17: 3. About to listen on 5000
2026-08-01 09:32:21: ◇ injected env (0) from .env // tip: ⌘ enable debugging { debug: true }
2026-08-01 09:32:21: 3. About to listen on 5000
2026-08-01 09:32:24: ◇ injected env (0) from .env // tip: ⌘ multiple files { path: ['.env.local', '.env'] }
2026-08-01 09:32:24: 3. About to listen on 5000
2026-08-01 09:32:27: ◇ injected env (0) from .env // tip: ⌁ auth for agents [www.vestauth.com]
2026-08-01 09:32:27: 3. About to listen on 5000
2026-08-01 09:32:31: ◇ injected env (0) from .env // tip: ⌁ auth for agents [www.vestauth.com]
2026-08-01 09:32:31: 3. About to listen on 5000
2026-08-01 09:32:34: ◇ injected env (0) from .env // tip: ⌁ auth for agents [www.vestauth.com]
2026-08-01 09:32:34: 3. About to listen on 5000
2026-08-01 09:32:37: ◇ injected env (0) from .env // tip: ◈ secrets for agents [www.dotenvx.com]
2026-08-01 09:32:37: 3. About to listen on 5000
2026-08-01 09:32:40: ◇ injected env (0) from .env // tip: ⌘ multiple files { path: ['.env.local', '.env'] }
2026-08-01 09:32:40: 3. About to listen on 5000
2026-08-01 09:32:44: ◇ injected env (0) from .env // tip: ⌘ enable debugging { debug: true }
2026-08-01 09:32:44: 3. About to listen on 5000
2026-08-01 09:32:47: ◇ injected env (0) from .env // tip: ⌘ enable debugging { debug: true }
2026-08-01 09:32:47: 3. About to listen on 5000
2026-08-01 09:32:50: ◇ injected env (0) from .env // tip: ⌁ auth for agents [www.vestauth.com]
2026-08-01 09:32:50: 3. About to listen on 5000
2026-08-01 09:32:54: ◇ injected env (0) from .env // tip: ⌘ multiple files { path: ['.env.local', '.env'] }
2026-08-01 09:32:54: 3. About to listen on 5000
2026-08-01 09:32:57: ◇ injected env (0) from .env // tip: ⌘ override existing { override: true }
2026-08-01 09:32:57: 3. About to listen on 5000
2026-08-01 09:33:00: ◇ injected env (0) from .env // tip: ◈ secrets for agents [www.dotenvx.com]
2026-08-01 09:33:00: 3. About to listen on 5000
2026-08-01 09:33:04: ◇ injected env (0) from .env // tip: ⌁ auth for agents [www.vestauth.com]
2026-08-01 09:33:04: 3. About to listen on 5000
2026-08-01 09:33:07: ◇ injected env (0) from .env // tip: ◈ encrypted .env [www.dotenvx.com]
2026-08-01 09:33:07: 3. About to listen on 5000
2026-08-01 09:33:10: ◇ injected env (0) from .env // tip: ⌘ custom filepath { path: '/custom/path/.env' }
2026-08-01 09:33:10: 3. About to listen on 5000
2026-08-01 09:33:13: ◇ injected env (0) from .env // tip: ⌘ suppress logs { quiet: true }
2026-08-01 09:33:14: 3. About to listen on 5000
2026-08-01 09:33:17: ◇ injected env (0) from .env // tip: ◈ encrypted .env [www.dotenvx.com]
2026-08-01 09:33:17: 3. About to listen on 5000
2026-08-01 09:33:20: ◇ injected env (0) from .env // tip: ⌘ override existing { override: true }
2026-08-01 09:33:20: 3. About to listen on 5000
2026-08-01 09:33:24: ◇ injected env (0) from .env // tip: ⌘ suppress logs { quiet: true }
2026-08-01 09:33:24: 3. About to listen on 5000
2026-08-01 09:33:27: ◇ injected env (0) from .env // tip: ⌘ custom filepath { path: '/custom/path/.env' }
2026-08-01 09:33:27: 3. About to listen on 5000
2026-08-01 09:33:30: ◇ injected env (0) from .env // tip: ⌘ enable debugging { debug: true }
2026-08-01 09:33:30: 3. About to listen on 5000
2026-08-01 09:33:34: ◇ injected env (0) from .env // tip: ◈ encrypted .env [www.dotenvx.com]
2026-08-01 09:33:34: 3. About to listen on 5000
2026-08-01 09:33:37: ◇ injected env (0) from .env // tip: ⌘ multiple files { path: ['.env.local', '.env'] }
2026-08-01 09:33:37: 3. About to listen on 5000
2026-08-01 09:33:40: ◇ injected env (0) from .env // tip: ◈ encrypted .env [www.dotenvx.com]
2026-08-01 09:33:40: 3. About to listen on 5000
2026-08-01 09:33:44: ◇ injected env (0) from .env // tip: ⌘ suppress logs { quiet: true }
2026-08-01 09:33:44: 3. About to listen on 5000
2026-08-01 09:33:47: ◇ injected env (0) from .env // tip: ⌁ auth for agents [www.vestauth.com]
2026-08-01 09:33:47: 3. About to listen on 5000
2026-08-01 09:33:50: ◇ injected env (0) from .env // tip: ◈ secrets for agents [www.dotenvx.com]
2026-08-01 09:33:50: 3. About to listen on 5000
2026-08-01 09:33:54: ◇ injected env (0) from .env // tip: ⌘ suppress logs { quiet: true }
2026-08-01 09:33:54: 3. About to listen on 5000
2026-08-01 09:33:57: ◇ injected env (0) from .env // tip: ◈ secrets for agents [www.dotenvx.com]
2026-08-01 09:33:57: 3. About to listen on 5000
2026-08-01 09:34:00: ◇ injected env (0) from .env // tip: ⌘ custom filepath { path: '/custom/path/.env' }
2026-08-01 09:34:00: 3. About to listen on 5000
2026-08-01 09:34:04: ◇ injected env (0) from .env // tip: ◈ secrets for agents [www.dotenvx.com]
2026-08-01 09:34:04: 3. About to listen on 5000
2026-08-01 09:34:07: ◇ injected env (0) from .env // tip: ◈ encrypted .env [www.dotenvx.com]
2026-08-01 09:34:07: 3. About to listen on 5000
2026-08-01 09:34:10: ◇ injected env (0) from .env // tip: ⌘ multiple files { path: ['.env.local', '.env'] }
2026-08-01 09:34:10: 3. About to listen on 5000
2026-08-01 09:34:14: ◇ injected env (0) from .env // tip: ⌘ custom filepath { path: '/custom/path/.env' }
2026-08-01 09:34:14: 3. About to listen on 5000
2026-08-01 09:34:17: ◇ injected env (0) from .env // tip: ⌘ custom filepath { path: '/custom/path/.env' }
2026-08-01 09:34:17: 3. About to listen on 5000
2026-08-01 09:34:20: ◇ injected env (0) from .env // tip: ⌁ auth for agents [www.vestauth.com]
2026-08-01 09:34:20: 3. About to listen on 5000
2026-08-01 09:34:24: ◇ injected env (0) from .env // tip: ◈ encrypted .env [www.dotenvx.com]
2026-08-01 09:34:24: 3. About to listen on 5000
2026-08-01 09:34:27: ◇ injected env (0) from .env // tip: ⌘ suppress logs { quiet: true }
2026-08-01 09:34:27: 3. About to listen on 5000
2026-08-01 09:34:30: ◇ injected env (0) from .env // tip: ⌘ override existing { override: true }
2026-08-01 09:34:30: 3. About to listen on 5000
2026-08-01 09:34:33: ◇ injected env (0) from .env // tip: ⌘ enable debugging { debug: true }
2026-08-01 09:34:34: 3. About to listen on 5000
2026-08-01 09:34:37: ◇ injected env (0) from .env // tip: ⌘ enable debugging { debug: true }
2026-08-01 09:34:37: 3. About to listen on 5000
2026-08-01 09:34:40: ◇ injected env (0) from .env // tip: ⌁ auth for agents [www.vestauth.com]
2026-08-01 09:34:40: 3. About to listen on 5000
2026-08-01 09:34:43: ◇ injected env (0) from .env // tip: ◈ secrets for agents [www.dotenvx.com]
2026-08-01 09:34:43: 3. About to listen on 5000
2026-08-01 09:34:47: ◇ injected env (0) from .env // tip: ⌘ enable debugging { debug: true }
2026-08-01 09:34:47: 3. About to listen on 5000
2026-08-01 09:34:50: ◇ injected env (0) from .env // tip: ⌘ override existing { override: true }
2026-08-01 09:34:50: 3. About to listen on 5000
2026-08-01 09:34:53: ◇ injected env (0) from .env // tip: ⌘ multiple files { path: ['.env.local', '.env'] }
2026-08-01 09:34:53: 3. About to listen on 5000
2026-08-01 09:34:57: ◇ injected env (0) from .env // tip: ◈ secrets for agents [www.dotenvx.com]
2026-08-01 09:34:57: 3. About to listen on 5000
2026-08-01 09:35:00: ◇ injected env (0) from .env // tip: ◈ encrypted .env [www.dotenvx.com]
2026-08-01 09:35:00: 3. About to listen on 5000
2026-08-01 09:35:03: ◇ injected env (0) from .env // tip: ◈ encrypted .env [www.dotenvx.com]
2026-08-01 09:35:03: 3. About to listen on 5000
2026-08-01 09:35:07: ◇ injected env (0) from .env // tip: ⌘ override existing { override: true }
2026-08-01 09:35:07: 3. About to listen on 5000
2026-08-01 09:35:10: ◇ injected env (0) from .env // tip: ⌘ override existing { override: true }
2026-08-01 09:35:10: 3. About to listen on 5000
2026-08-01 09:35:13: ◇ injected env (0) from .env // tip: ⌘ multiple files { path: ['.env.local', '.env'] }
2026-08-01 09:35:13: 3. About to listen on 5000
2026-08-01 09:35:16: ◇ injected env (0) from .env // tip: ⌘ enable debugging { debug: true }
2026-08-01 09:35:16: 3. About to listen on 5000
2026-08-01 09:35:20: ◇ injected env (0) from .env // tip: ⌘ multiple files { path: ['.env.local', '.env'] }
2026-08-01 09:35:20: 3. About to listen on 5000
2026-08-01 09:35:23: ◇ injected env (0) from .env // tip: ⌘ multiple files { path: ['.env.local', '.env'] }
2026-08-01 09:35:23: 3. About to listen on 5000
2026-08-01 09:35:26: ◇ injected env (0) from .env // tip: ⌘ multiple files { path: ['.env.local', '.env'] }
2026-08-01 09:35:26: 3. About to listen on 5000
2026-08-01 09:35:30: ◇ injected env (0) from .env // tip: ⌁ auth for agents [www.vestauth.com]
2026-08-01 09:35:30: 3. About to listen on 5000
2026-08-01 09:35:33: ◇ injected env (0) from .env // tip: ◈ secrets for agents [www.dotenvx.com]
2026-08-01 09:35:33: 3. About to listen on 5000
2026-08-01 09:35:36: ◇ injected env (0) from .env // tip: ⌘ multiple files { path: ['.env.local', '.env'] }
2026-08-01 09:35:36: 3. About to listen on 5000
2026-08-01 09:35:40: ◇ injected env (0) from .env // tip: ◈ encrypted .env [www.dotenvx.com]
2026-08-01 09:35:40: 3. About to listen on 5000
2026-08-01 09:35:43: ◇ injected env (0) from .env // tip: ◈ secrets for agents [www.dotenvx.com]
2026-08-01 09:35:43: 3. About to listen on 5000
2026-08-01 09:35:46: ◇ injected env (0) from .env // tip: ◈ encrypted .env [www.dotenvx.com]
2026-08-01 09:35:46: 3. About to listen on 5000
2026-08-01 09:35:50: ◇ injected env (0) from .env // tip: ◈ secrets for agents [www.dotenvx.com]
2026-08-01 09:35:50: 3. About to listen on 5000
2026-08-01 09:35:53: ◇ injected env (0) from .env // tip: ◈ encrypted .env [www.dotenvx.com]
2026-08-01 09:35:53: 3. About to listen on 5000
2026-08-01 09:35:56: ◇ injected env (0) from .env // tip: ◈ encrypted .env [www.dotenvx.com]
2026-08-01 09:35:56: 3. About to listen on 5000
2026-08-01 09:35:59: ◇ injected env (0) from .env // tip: ◈ encrypted .env [www.dotenvx.com]
2026-08-01 09:35:59: 3. About to listen on 5000
2026-08-01 09:36:03: ◇ injected env (0) from .env // tip: ⌘ override existing { override: true }
2026-08-01 09:36:03: 3. About to listen on 5000
2026-08-01 09:36:06: ◇ injected env (0) from .env // tip: ◈ encrypted .env [www.dotenvx.com]
2026-08-01 09:36:06: 3. About to listen on 5000
2026-08-01 09:36:09: ◇ injected env (0) from .env // tip: ⌘ enable debugging { debug: true }
2026-08-01 09:36:09: 3. About to listen on 5000
2026-08-01 09:36:13: ◇ injected env (0) from .env // tip: ⌁ auth for agents [www.vestauth.com]
2026-08-01 09:36:13: 3. About to listen on 5000
2026-08-01 09:36:16: ◇ injected env (0) from .env // tip: ⌘ enable debugging { debug: true }
2026-08-01 09:36:16: 3. About to listen on 5000
2026-08-01 09:36:19: ◇ injected env (0) from .env // tip: ⌘ override existing { override: true }
2026-08-01 09:36:19: 3. About to listen on 5000
2026-08-01 09:36:23: ◇ injected env (0) from .env // tip: ⌘ multiple files { path: ['.env.local', '.env'] }
2026-08-01 09:36:23: 3. About to listen on 5000
2026-08-01 09:36:26: ◇ injected env (0) from .env // tip: ◈ secrets for agents [www.dotenvx.com]
2026-08-01 09:36:26: 3. About to listen on 5000
2026-08-01 09:36:29: ◇ injected env (0) from .env // tip: ⌁ auth for agents [www.vestauth.com]
2026-08-01 09:36:29: 3. About to listen on 5000
2026-08-01 09:36:33: ◇ injected env (0) from .env // tip: ⌘ multiple files { path: ['.env.local', '.env'] }
2026-08-01 09:36:33: 3. About to listen on 5000
2026-08-01 09:36:36: ◇ injected env (0) from .env // tip: ⌘ override existing { override: true }
2026-08-01 09:36:36: 3. About to listen on 5000
2026-08-01 09:36:39: ◇ injected env (0) from .env // tip: ⌘ multiple files { path: ['.env.local', '.env'] }
2026-08-01 09:36:39: 3. About to listen on 5000
2026-08-01 09:36:43: ◇ injected env (0) from .env // tip: ◈ encrypted .env [www.dotenvx.com]
2026-08-01 09:36:43: 3. About to listen on 5000
2026-08-01 09:36:46: ◇ injected env (0) from .env // tip: ◈ encrypted .env [www.dotenvx.com]
2026-08-01 09:36:46: 3. About to listen on 5000
2026-08-01 09:36:49: ◇ injected env (0) from .env // tip: ⌘ multiple files { path: ['.env.local', '.env'] }
2026-08-01 09:36:49: 3. About to listen on 5000
2026-08-01 09:36:53: ◇ injected env (0) from .env // tip: ◈ encrypted .env [www.dotenvx.com]
2026-08-01 09:36:53: 3. About to listen on 5000
2026-08-01 09:36:56: ◇ injected env (0) from .env // tip: ◈ encrypted .env [www.dotenvx.com]
2026-08-01 09:36:56: 3. About to listen on 5000
2026-08-01 09:36:59: ◇ injected env (0) from .env // tip: ⌘ custom filepath { path: '/custom/path/.env' }
2026-08-01 09:36:59: 3. About to listen on 5000
2026-08-01 09:37:03: ◇ injected env (0) from .env // tip: ◈ encrypted .env [www.dotenvx.com]
2026-08-01 09:37:03: 3. About to listen on 5000
2026-08-01 09:37:06: ◇ injected env (0) from .env // tip: ⌘ override existing { override: true }
2026-08-01 09:37:06: 3. About to listen on 5000
2026-08-01 09:37:09: ◇ injected env (0) from .env // tip: ⌘ suppress logs { quiet: true }
2026-08-01 09:37:09: 3. About to listen on 5000
2026-08-01 09:37:13: ◇ injected env (0) from .env // tip: ⌘ custom filepath { path: '/custom/path/.env' }
2026-08-01 09:37:13: 3. About to listen on 5000
2026-08-01 09:37:16: ◇ injected env (0) from .env // tip: ◈ encrypted .env [www.dotenvx.com]
2026-08-01 09:37:16: 3. About to listen on 5000
2026-08-01 09:37:20: ◇ injected env (0) from .env // tip: ⌘ multiple files { path: ['.env.local', '.env'] }
2026-08-01 09:37:20: 3. About to listen on 5000
2026-08-01 09:37:23: ◇ injected env (0) from .env // tip: ⌘ enable debugging { debug: true }
2026-08-01 09:37:23: 3. About to listen on 5000
2026-08-01 09:37:26: ◇ injected env (0) from .env // tip: ⌘ override existing { override: true }
2026-08-01 09:37:26: 3. About to listen on 5000
2026-08-01 09:37:30: ◇ injected env (0) from .env // tip: ⌘ override existing { override: true }
2026-08-01 09:37:30: 3. About to listen on 5000
2026-08-01 09:37:33: ◇ injected env (0) from .env // tip: ⌁ auth for agents [www.vestauth.com]
2026-08-01 09:37:33: 3. About to listen on 5000
2026-08-01 09:37:36: ◇ injected env (0) from .env // tip: ⌘ suppress logs { quiet: true }
2026-08-01 09:37:36: 3. About to listen on 5000
2026-08-01 09:37:40: ◇ injected env (0) from .env // tip: ⌘ multiple files { path: ['.env.local', '.env'] }
2026-08-01 09:37:40: 3. About to listen on 5000
2026-08-01 09:37:43: ◇ injected env (0) from .env // tip: ◈ encrypted .env [www.dotenvx.com]
2026-08-01 09:37:43: 3. About to listen on 5000
2026-08-01 09:37:46: ◇ injected env (0) from .env // tip: ⌁ auth for agents [www.vestauth.com]
2026-08-01 09:37:46: 3. About to listen on 5000
2026-08-01 09:37:50: ◇ injected env (0) from .env // tip: ◈ encrypted .env [www.dotenvx.com]
2026-08-01 09:37:50: 3. About to listen on 5000
2026-08-01 09:37:53: ◇ injected env (0) from .env // tip: ⌘ override existing { override: true }
2026-08-01 09:37:53: 3. About to listen on 5000
2026-08-01 09:37:56: ◇ injected env (0) from .env // tip: ◈ secrets for agents [www.dotenvx.com]
2026-08-01 09:37:56: 3. About to listen on 5000
2026-08-01 09:38:00: ◇ injected env (0) from .env // tip: ◈ encrypted .env [www.dotenvx.com]
2026-08-01 09:38:00: 3. About to listen on 5000
2026-08-01 09:38:03: ◇ injected env (0) from .env // tip: ⌁ auth for agents [www.vestauth.com]
2026-08-01 09:38:03: 3. About to listen on 5000
2026-08-01 09:38:06: ◇ injected env (0) from .env // tip: ⌘ override existing { override: true }
2026-08-01 09:38:06: 3. About to listen on 5000
2026-08-01 09:38:10: ◇ injected env (0) from .env // tip: ⌘ enable debugging { debug: true }
2026-08-01 09:38:10: 3. About to listen on 5000
2026-08-01 09:38:13: ◇ injected env (0) from .env // tip: ⌘ override existing { override: true }
2026-08-01 09:38:13: 3. About to listen on 5000
2026-08-01 09:38:16: ◇ injected env (0) from .env // tip: ⌘ override existing { override: true }
2026-08-01 09:38:16: 3. About to listen on 5000
2026-08-01 09:38:20: ◇ injected env (0) from .env // tip: ⌘ suppress logs { quiet: true }
2026-08-01 09:38:20: 3. About to listen on 5000
2026-08-01 09:38:23: ◇ injected env (0) from .env // tip: ◈ secrets for agents [www.dotenvx.com]
2026-08-01 09:38:23: 3. About to listen on 5000
2026-08-01 09:38:26: ◇ injected env (0) from .env // tip: ⌁ auth for agents [www.vestauth.com]
2026-08-01 09:38:26: 3. About to listen on 5000
2026-08-01 09:38:30: ◇ injected env (0) from .env // tip: ◈ encrypted .env [www.dotenvx.com]
2026-08-01 09:38:30: 3. About to listen on 5000
2026-08-01 09:38:33: ◇ injected env (0) from .env // tip: ⌘ override existing { override: true }
2026-08-01 09:38:33: 3. About to listen on 5000
2026-08-01 09:38:36: ◇ injected env (0) from .env // tip: ⌘ multiple files { path: ['.env.local', '.env'] }
2026-08-01 09:38:36: 3. About to listen on 5000
2026-08-01 09:38:40: ◇ injected env (0) from .env // tip: ⌘ enable debugging { debug: true }
2026-08-01 09:38:40: 3. About to listen on 5000
2026-08-01 09:38:43: ◇ injected env (0) from .env // tip: ⌘ enable debugging { debug: true }
2026-08-01 09:38:43: 3. About to listen on 5000
2026-08-01 09:38:46: ◇ injected env (0) from .env // tip: ⌘ custom filepath { path: '/custom/path/.env' }
2026-08-01 09:38:46: 3. About to listen on 5000
2026-08-01 09:38:50: ◇ injected env (0) from .env // tip: ◈ secrets for agents [www.dotenvx.com]
2026-08-01 09:38:50: 3. About to listen on 5000
2026-08-01 09:38:53: ◇ injected env (0) from .env // tip: ⌘ enable debugging { debug: true }
2026-08-01 09:38:53: 3. About to listen on 5000
2026-08-01 09:38:56: ◇ injected env (0) from .env // tip: ⌘ override existing { override: true }
2026-08-01 09:38:56: 3. About to listen on 5000
2026-08-01 09:39:00: ◇ injected env (0) from .env // tip: ⌘ multiple files { path: ['.env.local', '.env'] }
2026-08-01 09:39:00: 3. About to listen on 5000
2026-08-01 09:39:03: ◇ injected env (0) from .env // tip: ◈ encrypted .env [www.dotenvx.com]
2026-08-01 09:39:03: 3. About to listen on 5000
2026-08-01 09:39:06: ◇ injected env (0) from .env // tip: ⌘ multiple files { path: ['.env.local', '.env'] }
2026-08-01 09:39:06: 3. About to listen on 5000
2026-08-01 09:39:10: ◇ injected env (0) from .env // tip: ◈ encrypted .env [www.dotenvx.com]
2026-08-01 09:39:10: 3. About to listen on 5000
2026-08-01 09:39:13: ◇ injected env (0) from .env // tip: ◈ secrets for agents [www.dotenvx.com]
2026-08-01 09:39:13: 3. About to listen on 5000
2026-08-01 09:39:16: ◇ injected env (0) from .env // tip: ⌘ suppress logs { quiet: true }
2026-08-01 09:39:16: 3. About to listen on 5000
2026-08-01 09:39:20: ◇ injected env (0) from .env // tip: ⌘ suppress logs { quiet: true }
2026-08-01 09:39:20: 3. About to listen on 5000
2026-08-01 09:39:23: ◇ injected env (0) from .env // tip: ◈ encrypted .env [www.dotenvx.com]
2026-08-01 09:39:23: 3. About to listen on 5000
2026-08-01 09:39:26: ◇ injected env (0) from .env // tip: ⌘ override existing { override: true }
2026-08-01 09:39:26: 3. About to listen on 5000
2026-08-01 09:39:30: ◇ injected env (0) from .env // tip: ⌁ auth for agents [www.vestauth.com]
2026-08-01 09:39:30: 3. About to listen on 5000
2026-08-01 09:39:33: ◇ injected env (0) from .env // tip: ⌘ override existing { override: true }
2026-08-01 09:39:33: 3. About to listen on 5000
2026-08-01 09:39:36: ◇ injected env (0) from .env // tip: ◈ encrypted .env [www.dotenvx.com]
2026-08-01 09:39:36: 3. About to listen on 5000
2026-08-01 09:39:40: ◇ injected env (0) from .env // tip: ⌘ suppress logs { quiet: true }
2026-08-01 09:39:40: 3. About to listen on 5000
2026-08-01 09:39:43: ◇ injected env (0) from .env // tip: ⌁ auth for agents [www.vestauth.com]
2026-08-01 09:39:43: 3. About to listen on 5000
2026-08-01 09:39:46: ◇ injected env (0) from .env // tip: ⌘ multiple files { path: ['.env.local', '.env'] }
2026-08-01 09:39:46: 3. About to listen on 5000
2026-08-01 09:39:50: ◇ injected env (0) from .env // tip: ⌘ override existing { override: true }
2026-08-01 09:39:50: 3. About to listen on 5000
2026-08-01 09:39:53: ◇ injected env (0) from .env // tip: ◈ secrets for agents [www.dotenvx.com]
2026-08-01 09:39:53: 3. About to listen on 5000
2026-08-01 09:39:56: ◇ injected env (0) from .env // tip: ⌘ override existing { override: true }
2026-08-01 09:39:56: 3. About to listen on 5000
2026-08-01 09:40:00: ◇ injected env (0) from .env // tip: ⌘ custom filepath { path: '/custom/path/.env' }
2026-08-01 09:40:00: 3. About to listen on 5000
2026-08-01 09:40:03: ◇ injected env (0) from .env // tip: ⌁ auth for agents [www.vestauth.com]
2026-08-01 09:40:03: 3. About to listen on 5000
2026-08-01 09:40:06: ◇ injected env (0) from .env // tip: ⌘ custom filepath { path: '/custom/path/.env' }
2026-08-01 09:40:06: 3. About to listen on 5000
2026-08-01 09:40:10: ◇ injected env (0) from .env // tip: ⌁ auth for agents [www.vestauth.com]
2026-08-01 09:40:10: 3. About to listen on 5000
2026-08-01 09:40:13: ◇ injected env (0) from .env // tip: ⌘ multiple files { path: ['.env.local', '.env'] }
2026-08-01 09:40:13: 3. About to listen on 5000
2026-08-01 09:40:16: ◇ injected env (0) from .env // tip: ⌘ enable debugging { debug: true }
2026-08-01 09:40:16: 3. About to listen on 5000
2026-08-01 09:40:20: ◇ injected env (0) from .env // tip: ⌘ override existing { override: true }
2026-08-01 09:40:20: 3. About to listen on 5000
2026-08-01 09:40:23: ◇ injected env (0) from .env // tip: ⌘ custom filepath { path: '/custom/path/.env' }
2026-08-01 09:40:23: 3. About to listen on 5000
2026-08-01 09:40:27: ◇ injected env (0) from .env // tip: ⌘ suppress logs { quiet: true }
2026-08-01 09:40:27: 3. About to listen on 5000
2026-08-01 09:40:30: ◇ injected env (0) from .env // tip: ⌁ auth for agents [www.vestauth.com]
2026-08-01 09:40:30: 3. About to listen on 5000
2026-08-01 09:40:33: ◇ injected env (0) from .env // tip: ⌘ suppress logs { quiet: true }
2026-08-01 09:40:33: 3. About to listen on 5000
2026-08-01 09:40:37: ◇ injected env (0) from .env // tip: ⌘ enable debugging { debug: true }
2026-08-01 09:40:37: 3. About to listen on 5000
2026-08-01 09:40:40: ◇ injected env (0) from .env // tip: ⌘ override existing { override: true }
2026-08-01 09:40:40: 3. About to listen on 5000
2026-08-01 09:40:43: ◇ injected env (0) from .env // tip: ⌘ multiple files { path: ['.env.local', '.env'] }
2026-08-01 09:40:43: 3. About to listen on 5000
2026-08-01 09:40:46: ◇ injected env (0) from .env // tip: ⌘ enable debugging { debug: true }
2026-08-01 09:40:46: 3. About to listen on 5000
2026-08-01 09:40:50: ◇ injected env (0) from .env // tip: ◈ encrypted .env [www.dotenvx.com]
2026-08-01 09:40:50: 3. About to listen on 5000
2026-08-01 09:40:53: ◇ injected env (0) from .env // tip: ⌘ custom filepath { path: '/custom/path/.env' }
2026-08-01 09:40:53: 3. About to listen on 5000
2026-08-01 09:40:56: ◇ injected env (0) from .env // tip: ⌘ custom filepath { path: '/custom/path/.env' }
2026-08-01 09:40:56: 3. About to listen on 5000
2026-08-01 09:41:00: ◇ injected env (0) from .env // tip: ⌘ enable debugging { debug: true }
2026-08-01 09:41:00: 3. About to listen on 5000
2026-08-01 09:41:03: ◇ injected env (0) from .env // tip: ◈ encrypted .env [www.dotenvx.com]
2026-08-01 09:41:03: 3. About to listen on 5000
2026-08-01 09:41:06: ◇ injected env (0) from .env // tip: ⌘ suppress logs { quiet: true }
2026-08-01 09:41:06: 3. About to listen on 5000
2026-08-01 09:41:10: ◇ injected env (0) from .env // tip: ⌘ multiple files { path: ['.env.local', '.env'] }
2026-08-01 09:41:10: 3. About to listen on 5000
2026-08-01 09:41:13: ◇ injected env (0) from .env // tip: ⌘ override existing { override: true }
2026-08-01 09:41:13: 3. About to listen on 5000
2026-08-01 09:41:16: ◇ injected env (0) from .env // tip: ⌁ auth for agents [www.vestauth.com]
2026-08-01 09:41:16: 3. About to listen on 5000
2026-08-01 09:41:20: ◇ injected env (0) from .env // tip: ⌘ override existing { override: true }
2026-08-01 09:41:20: 3. About to listen on 5000
2026-08-01 09:41:23: ◇ injected env (0) from .env // tip: ⌁ auth for agents [www.vestauth.com]
2026-08-01 09:41:23: 3. About to listen on 5000
2026-08-01 09:41:26: ◇ injected env (0) from .env // tip: ⌁ auth for agents [www.vestauth.com]
2026-08-01 09:41:26: 3. About to listen on 5000
2026-08-01 09:41:30: ◇ injected env (0) from .env // tip: ⌁ auth for agents [www.vestauth.com]
2026-08-01 09:41:30: 3. About to listen on 5000
2026-08-01 09:41:33: ◇ injected env (0) from .env // tip: ◈ secrets for agents [www.dotenvx.com]
2026-08-01 09:41:33: 3. About to listen on 5000
2026-08-01 09:41:36: ◇ injected env (0) from .env // tip: ⌁ auth for agents [www.vestauth.com]
2026-08-01 09:41:36: 3. About to listen on 5000
2026-08-01 09:41:40: ◇ injected env (0) from .env // tip: ⌘ enable debugging { debug: true }
2026-08-01 09:41:40: 3. About to listen on 5000
2026-08-01 09:41:43: ◇ injected env (0) from .env // tip: ⌘ enable debugging { debug: true }
2026-08-01 09:41:43: 3. About to listen on 5000
2026-08-01 09:41:46: ◇ injected env (0) from .env // tip: ⌘ enable debugging { debug: true }
2026-08-01 09:41:46: 3. About to listen on 5000
2026-08-01 09:41:50: ◇ injected env (0) from .env // tip: ⌘ suppress logs { quiet: true }
2026-08-01 09:41:50: 3. About to listen on 5000
2026-08-01 09:41:53: ◇ injected env (0) from .env // tip: ◈ secrets for agents [www.dotenvx.com]
2026-08-01 09:41:53: 3. About to listen on 5000
2026-08-01 09:41:56: ◇ injected env (0) from .env // tip: ⌘ custom filepath { path: '/custom/path/.env' }
2026-08-01 09:41:56: 3. About to listen on 5000
2026-08-01 09:42:00: ◇ injected env (0) from .env // tip: ⌘ enable debugging { debug: true }
2026-08-01 09:42:00: 3. About to listen on 5000
2026-08-01 09:42:03: ◇ injected env (0) from .env // tip: ◈ secrets for agents [www.dotenvx.com]
2026-08-01 09:42:03: 3. About to listen on 5000
2026-08-01 09:42:06: ◇ injected env (0) from .env // tip: ⌘ multiple files { path: ['.env.local', '.env'] }
2026-08-01 09:42:06: 3. About to listen on 5000
2026-08-01 09:42:09: ◇ injected env (0) from .env // tip: ◈ encrypted .env [www.dotenvx.com]
2026-08-01 09:42:09: 3. About to listen on 5000
2026-08-01 09:42:13: ◇ injected env (0) from .env // tip: ⌁ auth for agents [www.vestauth.com]
2026-08-01 09:42:13: 3. About to listen on 5000
2026-08-01 09:42:16: ◇ injected env (0) from .env // tip: ◈ encrypted .env [www.dotenvx.com]
2026-08-01 09:42:16: 3. About to listen on 5000
2026-08-01 09:42:19: ◇ injected env (0) from .env // tip: ◈ encrypted .env [www.dotenvx.com]
2026-08-01 09:42:19: 3. About to listen on 5000
2026-08-01 09:42:23: ◇ injected env (0) from .env // tip: ⌁ auth for agents [www.vestauth.com]
2026-08-01 09:42:23: 3. About to listen on 5000
2026-08-01 09:42:26: ◇ injected env (0) from .env // tip: ⌘ override existing { override: true }
2026-08-01 09:42:26: 3. About to listen on 5000
2026-08-01 09:42:29: ◇ injected env (0) from .env // tip: ◈ secrets for agents [www.dotenvx.com]
2026-08-01 09:42:29: 3. About to listen on 5000
2026-08-01 09:42:33: ◇ injected env (0) from .env // tip: ⌘ override existing { override: true }
2026-08-01 09:42:33: 3. About to listen on 5000
2026-08-01 09:42:36: ◇ injected env (0) from .env // tip: ⌘ suppress logs { quiet: true }
2026-08-01 09:42:36: 3. About to listen on 5000
2026-08-01 09:42:39: ◇ injected env (0) from .env // tip: ◈ encrypted .env [www.dotenvx.com]
2026-08-01 09:42:39: 3. About to listen on 5000
2026-08-01 09:42:43: ◇ injected env (0) from .env // tip: ⌘ override existing { override: true }
2026-08-01 09:42:43: 3. About to listen on 5000
2026-08-01 09:42:46: ◇ injected env (0) from .env // tip: ⌘ multiple files { path: ['.env.local', '.env'] }
2026-08-01 09:42:46: 3. About to listen on 5000
2026-08-01 09:42:49: ◇ injected env (0) from .env // tip: ⌘ override existing { override: true }
2026-08-01 09:42:49: 3. About to listen on 5000
2026-08-01 09:42:52: ◇ injected env (0) from .env // tip: ◈ encrypted .env [www.dotenvx.com]
2026-08-01 09:42:52: 3. About to listen on 5000
2026-08-01 09:42:56: ◇ injected env (0) from .env // tip: ⌘ override existing { override: true }
2026-08-01 09:42:56: 3. About to listen on 5000
2026-08-01 09:42:59: ◇ injected env (0) from .env // tip: ⌁ auth for agents [www.vestauth.com]
2026-08-01 09:42:59: 3. About to listen on 5000
2026-08-01 09:43:02: ◇ injected env (0) from .env // tip: ⌘ override existing { override: true }
2026-08-01 09:43:02: 3. About to listen on 5000
2026-08-01 09:43:06: ◇ injected env (0) from .env // tip: ⌘ override existing { override: true }
2026-08-01 09:43:06: 3. About to listen on 5000
2026-08-01 09:43:09: ◇ injected env (0) from .env // tip: ⌘ custom filepath { path: '/custom/path/.env' }
2026-08-01 09:43:09: 3. About to listen on 5000
2026-08-01 09:43:12: ◇ injected env (0) from .env // tip: ⌘ enable debugging { debug: true }
2026-08-01 09:43:12: 3. About to listen on 5000
2026-08-01 09:43:15: ◇ injected env (0) from .env // tip: ⌘ multiple files { path: ['.env.local', '.env'] }
2026-08-01 09:43:15: 3. About to listen on 5000
2026-08-01 09:43:19: ◇ injected env (0) from .env // tip: ⌁ auth for agents [www.vestauth.com]
2026-08-01 09:43:19: 3. About to listen on 5000
2026-08-01 09:43:22: ◇ injected env (0) from .env // tip: ◈ secrets for agents [www.dotenvx.com]
2026-08-01 09:43:22: 3. About to listen on 5000
2026-08-01 09:43:25: ◇ injected env (0) from .env // tip: ⌘ enable debugging { debug: true }
2026-08-01 09:43:25: 3. About to listen on 5000
2026-08-01 09:43:29: ◇ injected env (0) from .env // tip: ⌘ enable debugging { debug: true }
2026-08-01 09:43:29: 3. About to listen on 5000
2026-08-01 09:43:32: ◇ injected env (0) from .env // tip: ⌘ suppress logs { quiet: true }
2026-08-01 09:43:32: 3. About to listen on 5000
2026-08-01 09:43:35: ◇ injected env (0) from .env // tip: ⌘ enable debugging { debug: true }
2026-08-01 09:43:35: 3. About to listen on 5000
2026-08-01 09:43:38: ◇ injected env (0) from .env // tip: ◈ secrets for agents [www.dotenvx.com]
2026-08-01 09:43:38: 3. About to listen on 5000
2026-08-01 09:43:42: ◇ injected env (0) from .env // tip: ⌘ suppress logs { quiet: true }
2026-08-01 09:43:42: 3. About to listen on 5000
2026-08-01 09:43:45: ◇ injected env (0) from .env // tip: ◈ secrets for agents [www.dotenvx.com]
2026-08-01 09:43:45: 3. About to listen on 5000
2026-08-01 09:43:48: ◇ injected env (0) from .env // tip: ⌘ suppress logs { quiet: true }
2026-08-01 09:43:48: 3. About to listen on 5000
2026-08-01 09:43:52: ◇ injected env (0) from .env // tip: ◈ encrypted .env [www.dotenvx.com]
2026-08-01 09:43:52: 3. About to listen on 5000
2026-08-01 09:43:55: ◇ injected env (0) from .env // tip: ◈ encrypted .env [www.dotenvx.com]
2026-08-01 09:43:55: 3. About to listen on 5000
2026-08-01 09:43:58: ◇ injected env (0) from .env // tip: ⌘ custom filepath { path: '/custom/path/.env' }
2026-08-01 09:43:58: 3. About to listen on 5000
2026-08-01 09:44:01: ◇ injected env (0) from .env // tip: ⌘ multiple files { path: ['.env.local', '.env'] }
2026-08-01 09:44:02: 3. About to listen on 5000
2026-08-01 09:44:05: ◇ injected env (0) from .env // tip: ⌘ custom filepath { path: '/custom/path/.env' }
2026-08-01 09:44:05: 3. About to listen on 5000
2026-08-01 09:44:08: ◇ injected env (0) from .env // tip: ◈ encrypted .env [www.dotenvx.com]
2026-08-01 09:44:08: 3. About to listen on 5000
2026-08-01 09:44:11: ◇ injected env (0) from .env // tip: ◈ encrypted .env [www.dotenvx.com]
2026-08-01 09:44:11: 3. About to listen on 5000
2026-08-01 09:44:15: ◇ injected env (0) from .env // tip: ◈ secrets for agents [www.dotenvx.com]
2026-08-01 09:44:15: 3. About to listen on 5000
2026-08-01 09:44:18: ◇ injected env (0) from .env // tip: ⌁ auth for agents [www.vestauth.com]
2026-08-01 09:44:18: 3. About to listen on 5000
2026-08-01 09:44:21: ◇ injected env (0) from .env // tip: ⌁ auth for agents [www.vestauth.com]
2026-08-01 09:44:21: 3. About to listen on 5000
2026-08-01 09:44:25: ◇ injected env (0) from .env // tip: ◈ secrets for agents [www.dotenvx.com]
2026-08-01 09:44:25: 3. About to listen on 5000
2026-08-01 09:44:28: ◇ injected env (0) from .env // tip: ⌁ auth for agents [www.vestauth.com]
2026-08-01 09:44:28: 3. About to listen on 5000
2026-08-01 09:44:31: ◇ injected env (0) from .env // tip: ◈ encrypted .env [www.dotenvx.com]
2026-08-01 09:44:31: 3. About to listen on 5000
2026-08-01 09:44:34: ◇ injected env (0) from .env // tip: ⌘ custom filepath { path: '/custom/path/.env' }
2026-08-01 09:44:34: 3. About to listen on 5000
2026-08-01 09:44:38: ◇ injected env (0) from .env // tip: ⌁ auth for agents [www.vestauth.com]
2026-08-01 09:44:38: 3. About to listen on 5000
2026-08-01 09:44:41: ◇ injected env (0) from .env // tip: ⌁ auth for agents [www.vestauth.com]
2026-08-01 09:44:41: 3. About to listen on 5000
2026-08-01 09:44:44: ◇ injected env (0) from .env // tip: ⌘ enable debugging { debug: true }
2026-08-01 09:44:44: 3. About to listen on 5000
2026-08-01 09:44:47: ◇ injected env (0) from .env // tip: ◈ secrets for agents [www.dotenvx.com]
2026-08-01 09:44:48: 3. About to listen on 5000
2026-08-01 09:44:51: ◇ injected env (0) from .env // tip: ⌘ override existing { override: true }
2026-08-01 09:44:51: 3. About to listen on 5000
2026-08-01 09:44:54: ◇ injected env (0) from .env // tip: ⌘ suppress logs { quiet: true }
2026-08-01 09:44:54: 3. About to listen on 5000
2026-08-01 09:44:57: ◇ injected env (0) from .env // tip: ⌘ override existing { override: true }
2026-08-01 09:44:57: 3. About to listen on 5000
2026-08-01 09:45:01: ◇ injected env (0) from .env // tip: ⌘ custom filepath { path: '/custom/path/.env' }
2026-08-01 09:45:01: 3. About to listen on 5000
2026-08-01 09:45:04: ◇ injected env (0) from .env // tip: ⌘ suppress logs { quiet: true }
2026-08-01 09:45:04: 3. About to listen on 5000
2026-08-01 09:45:07: ◇ injected env (0) from .env // tip: ⌘ custom filepath { path: '/custom/path/.env' }
2026-08-01 09:45:07: 3. About to listen on 5000
2026-08-01 09:45:10: ◇ injected env (0) from .env // tip: ⌁ auth for agents [www.vestauth.com]
2026-08-01 09:45:10: 3. About to listen on 5000
2026-08-01 09:45:14: ◇ injected env (0) from .env // tip: ⌘ custom filepath { path: '/custom/path/.env' }
2026-08-01 09:45:14: 3. About to listen on 5000
2026-08-01 09:45:17: ◇ injected env (0) from .env // tip: ◈ encrypted .env [www.dotenvx.com]
2026-08-01 09:45:17: 3. About to listen on 5000
2026-08-01 09:45:20: ◇ injected env (0) from .env // tip: ⌘ multiple files { path: ['.env.local', '.env'] }
2026-08-01 09:45:20: 3. About to listen on 5000
2026-08-01 09:45:24: ◇ injected env (0) from .env // tip: ◈ encrypted .env [www.dotenvx.com]
2026-08-01 09:45:24: 3. About to listen on 5000
2026-08-01 09:45:27: ◇ injected env (0) from .env // tip: ⌁ auth for agents [www.vestauth.com]
2026-08-01 09:45:27: 3. About to listen on 5000
2026-08-01 09:45:30: ◇ injected env (0) from .env // tip: ⌘ custom filepath { path: '/custom/path/.env' }
2026-08-01 09:45:30: 3. About to listen on 5000
2026-08-01 09:45:33: ◇ injected env (0) from .env // tip: ⌘ custom filepath { path: '/custom/path/.env' }
2026-08-01 09:45:33: 3. About to listen on 5000
2026-08-01 09:45:37: ◇ injected env (0) from .env // tip: ⌘ multiple files { path: ['.env.local', '.env'] }
2026-08-01 09:45:37: 3. About to listen on 5000
2026-08-01 09:45:40: ◇ injected env (0) from .env // tip: ◈ encrypted .env [www.dotenvx.com]
2026-08-01 09:45:40: 3. About to listen on 5000
2026-08-01 09:45:43: ◇ injected env (0) from .env // tip: ⌘ custom filepath { path: '/custom/path/.env' }
2026-08-01 09:45:43: 3. About to listen on 5000
2026-08-01 09:45:47: ◇ injected env (0) from .env // tip: ⌘ custom filepath { path: '/custom/path/.env' }
2026-08-01 09:45:47: 3. About to listen on 5000
2026-08-01 09:45:50: ◇ injected env (0) from .env // tip: ⌘ multiple files { path: ['.env.local', '.env'] }
2026-08-01 09:45:50: 3. About to listen on 5000
2026-08-01 09:45:53: ◇ injected env (0) from .env // tip: ◈ encrypted .env [www.dotenvx.com]
2026-08-01 09:45:53: 3. About to listen on 5000
2026-08-01 09:45:56: ◇ injected env (0) from .env // tip: ◈ secrets for agents [www.dotenvx.com]
2026-08-01 09:45:56: 3. About to listen on 5000
2026-08-01 09:46:00: ◇ injected env (0) from .env // tip: ◈ secrets for agents [www.dotenvx.com]
2026-08-01 09:46:00: 3. About to listen on 5000
2026-08-01 09:46:03: ◇ injected env (0) from .env // tip: ◈ secrets for agents [www.dotenvx.com]
2026-08-01 09:46:03: 3. About to listen on 5000
2026-08-01 09:46:06: ◇ injected env (0) from .env // tip: ◈ secrets for agents [www.dotenvx.com]
2026-08-01 09:46:06: 3. About to listen on 5000
2026-08-01 09:46:10: ◇ injected env (0) from .env // tip: ⌘ custom filepath { path: '/custom/path/.env' }
2026-08-01 09:46:10: 3. About to listen on 5000
2026-08-01 09:46:13: ◇ injected env (0) from .env // tip: ⌘ suppress logs { quiet: true }
2026-08-01 09:46:13: 3. About to listen on 5000
2026-08-01 09:46:16: ◇ injected env (0) from .env // tip: ⌘ enable debugging { debug: true }
2026-08-01 09:46:16: 3. About to listen on 5000
2026-08-01 09:46:20: ◇ injected env (0) from .env // tip: ◈ encrypted .env [www.dotenvx.com]
2026-08-01 09:46:20: 3. About to listen on 5000
2026-08-01 09:46:23: ◇ injected env (0) from .env // tip: ◈ encrypted .env [www.dotenvx.com]
2026-08-01 09:46:23: 3. About to listen on 5000
2026-08-01 09:46:26: ◇ injected env (0) from .env // tip: ⌘ multiple files { path: ['.env.local', '.env'] }
2026-08-01 09:46:26: 3. About to listen on 5000
2026-08-01 09:46:29: ◇ injected env (0) from .env // tip: ⌘ multiple files { path: ['.env.local', '.env'] }
2026-08-01 09:46:29: 3. About to listen on 5000
2026-08-01 09:46:33: ◇ injected env (0) from .env // tip: ⌘ override existing { override: true }
2026-08-01 09:46:33: 3. About to listen on 5000
2026-08-01 09:46:36: ◇ injected env (0) from .env // tip: ⌘ enable debugging { debug: true }
2026-08-01 09:46:36: 3. About to listen on 5000
2026-08-01 09:46:39: ◇ injected env (0) from .env // tip: ◈ encrypted .env [www.dotenvx.com]
2026-08-01 09:46:39: 3. About to listen on 5000
2026-08-01 09:46:43: ◇ injected env (0) from .env // tip: ◈ encrypted .env [www.dotenvx.com]
2026-08-01 09:46:43: 3. About to listen on 5000
2026-08-01 09:46:46: ◇ injected env (0) from .env // tip: ⌁ auth for agents [www.vestauth.com]
2026-08-01 09:46:46: 3. About to listen on 5000
2026-08-01 09:46:49: ◇ injected env (0) from .env // tip: ⌘ suppress logs { quiet: true }
2026-08-01 09:46:49: 3. About to listen on 5000
2026-08-01 09:46:52: ◇ injected env (0) from .env // tip: ⌘ multiple files { path: ['.env.local', '.env'] }
2026-08-01 09:46:52: 3. About to listen on 5000
2026-08-01 09:46:56: ◇ injected env (0) from .env // tip: ⌁ auth for agents [www.vestauth.com]
2026-08-01 09:46:56: 3. About to listen on 5000
2026-08-01 09:46:59: ◇ injected env (0) from .env // tip: ⌘ multiple files { path: ['.env.local', '.env'] }
2026-08-01 09:46:59: 3. About to listen on 5000
2026-08-01 09:47:02: ◇ injected env (0) from .env // tip: ⌘ custom filepath { path: '/custom/path/.env' }
2026-08-01 09:47:02: 3. About to listen on 5000
2026-08-01 09:47:06: ◇ injected env (0) from .env // tip: ⌘ suppress logs { quiet: true }
2026-08-01 09:47:06: 3. About to listen on 5000
2026-08-01 09:47:09: ◇ injected env (0) from .env // tip: ⌘ override existing { override: true }
2026-08-01 09:47:09: 3. About to listen on 5000
2026-08-01 09:47:12: ◇ injected env (0) from .env // tip: ◈ encrypted .env [www.dotenvx.com]
2026-08-01 09:47:12: 3. About to listen on 5000
2026-08-01 09:47:15: ◇ injected env (0) from .env // tip: ⌘ enable debugging { debug: true }
2026-08-01 09:47:15: 3. About to listen on 5000
2026-08-01 09:47:19: ◇ injected env (0) from .env // tip: ⌘ custom filepath { path: '/custom/path/.env' }
2026-08-01 09:47:19: 3. About to listen on 5000
2026-08-01 09:47:22: ◇ injected env (0) from .env // tip: ⌘ multiple files { path: ['.env.local', '.env'] }
2026-08-01 09:47:22: 3. About to listen on 5000
2026-08-01 09:47:25: ◇ injected env (0) from .env // tip: ⌘ custom filepath { path: '/custom/path/.env' }
2026-08-01 09:47:25: 3. About to listen on 5000
2026-08-01 09:47:29: ◇ injected env (0) from .env // tip: ⌘ custom filepath { path: '/custom/path/.env' }
2026-08-01 09:47:29: 3. About to listen on 5000
2026-08-01 09:47:32: ◇ injected env (0) from .env // tip: ⌘ multiple files { path: ['.env.local', '.env'] }
2026-08-01 09:47:32: 3. About to listen on 5000
2026-08-01 09:47:35: ◇ injected env (0) from .env // tip: ◈ secrets for agents [www.dotenvx.com]
2026-08-01 09:47:35: 3. About to listen on 5000
2026-08-01 09:47:38: ◇ injected env (0) from .env // tip: ⌘ multiple files { path: ['.env.local', '.env'] }
2026-08-01 09:47:38: 3. About to listen on 5000
2026-08-01 09:47:42: ◇ injected env (0) from .env // tip: ◈ secrets for agents [www.dotenvx.com]
2026-08-01 09:47:42: 3. About to listen on 5000
2026-08-01 09:47:45: ◇ injected env (0) from .env // tip: ◈ encrypted .env [www.dotenvx.com]
2026-08-01 09:47:45: 3. About to listen on 5000
2026-08-01 09:47:48: ◇ injected env (0) from .env // tip: ◈ secrets for agents [www.dotenvx.com]
2026-08-01 09:47:48: 3. About to listen on 5000
2026-08-01 09:47:52: ◇ injected env (0) from .env // tip: ⌁ auth for agents [www.vestauth.com]
2026-08-01 09:47:52: 3. About to listen on 5000
2026-08-01 09:47:55: ◇ injected env (0) from .env // tip: ⌘ enable debugging { debug: true }
2026-08-01 09:47:55: 3. About to listen on 5000
2026-08-01 09:47:58: ◇ injected env (0) from .env // tip: ⌘ custom filepath { path: '/custom/path/.env' }
2026-08-01 09:47:58: 3. About to listen on 5000
2026-08-01 09:48:01: ◇ injected env (0) from .env // tip: ⌘ multiple files { path: ['.env.local', '.env'] }
2026-08-01 09:48:01: 3. About to listen on 5000
2026-08-01 09:48:05: ◇ injected env (0) from .env // tip: ⌘ multiple files { path: ['.env.local', '.env'] }
2026-08-01 09:48:05: 3. About to listen on 5000
2026-08-01 09:48:08: ◇ injected env (0) from .env // tip: ⌘ suppress logs { quiet: true }
2026-08-01 09:48:08: 3. About to listen on 5000
2026-08-01 09:48:11: ◇ injected env (0) from .env // tip: ⌘ suppress logs { quiet: true }
2026-08-01 09:48:11: 3. About to listen on 5000
2026-08-01 09:48:14: ◇ injected env (0) from .env // tip: ⌁ auth for agents [www.vestauth.com]
2026-08-01 09:48:14: 3. About to listen on 5000
2026-08-01 09:48:18: ◇ injected env (0) from .env // tip: ⌘ suppress logs { quiet: true }
2026-08-01 09:48:18: 3. About to listen on 5000
2026-08-01 09:48:21: ◇ injected env (0) from .env // tip: ⌘ enable debugging { debug: true }
2026-08-01 09:48:21: 3. About to listen on 5000
2026-08-01 09:48:24: ◇ injected env (0) from .env // tip: ⌁ auth for agents [www.vestauth.com]
2026-08-01 09:48:24: 3. About to listen on 5000
2026-08-01 09:48:28: ◇ injected env (0) from .env // tip: ◈ secrets for agents [www.dotenvx.com]
2026-08-01 09:48:28: 3. About to listen on 5000
2026-08-01 09:48:31: ◇ injected env (0) from .env // tip: ⌁ auth for agents [www.vestauth.com]
2026-08-01 09:48:31: 3. About to listen on 5000
2026-08-01 09:48:34: ◇ injected env (0) from .env // tip: ◈ encrypted .env [www.dotenvx.com]
2026-08-01 09:48:34: 3. About to listen on 5000
2026-08-01 09:48:37: ◇ injected env (0) from .env // tip: ◈ encrypted .env [www.dotenvx.com]
2026-08-01 09:48:37: 3. About to listen on 5000
2026-08-01 09:48:41: ◇ injected env (0) from .env // tip: ⌘ override existing { override: true }
2026-08-01 09:48:41: 3. About to listen on 5000
2026-08-01 09:48:44: ◇ injected env (0) from .env // tip: ◈ encrypted .env [www.dotenvx.com]
2026-08-01 09:48:44: 3. About to listen on 5000
2026-08-01 09:48:47: ◇ injected env (0) from .env // tip: ⌘ override existing { override: true }
2026-08-01 09:48:47: 3. About to listen on 5000
2026-08-01 09:48:51: ◇ injected env (0) from .env // tip: ◈ secrets for agents [www.dotenvx.com]
2026-08-01 09:48:51: 3. About to listen on 5000
2026-08-01 09:48:54: ◇ injected env (0) from .env // tip: ⌘ custom filepath { path: '/custom/path/.env' }
2026-08-01 09:48:54: 3. About to listen on 5000
2026-08-01 09:48:57: ◇ injected env (0) from .env // tip: ⌘ override existing { override: true }
2026-08-01 09:48:57: 3. About to listen on 5000
2026-08-01 09:49:00: ◇ injected env (0) from .env // tip: ⌘ enable debugging { debug: true }
2026-08-01 09:49:00: 3. About to listen on 5000
2026-08-01 09:49:04: ◇ injected env (0) from .env // tip: ⌘ enable debugging { debug: true }
2026-08-01 09:49:04: 3. About to listen on 5000
2026-08-01 09:49:07: ◇ injected env (0) from .env // tip: ◈ secrets for agents [www.dotenvx.com]
2026-08-01 09:49:07: 3. About to listen on 5000
2026-08-01 09:49:10: ◇ injected env (0) from .env // tip: ⌘ enable debugging { debug: true }
2026-08-01 09:49:10: 3. About to listen on 5000
2026-08-01 09:49:14: ◇ injected env (0) from .env // tip: ⌘ custom filepath { path: '/custom/path/.env' }
2026-08-01 09:49:14: 3. About to listen on 5000
2026-08-01 09:49:17: ◇ injected env (0) from .env // tip: ⌘ custom filepath { path: '/custom/path/.env' }
2026-08-01 09:49:17: 3. About to listen on 5000
2026-08-01 09:49:20: ◇ injected env (0) from .env // tip: ⌁ auth for agents [www.vestauth.com]
2026-08-01 09:49:20: 3. About to listen on 5000
2026-08-01 09:49:23: ◇ injected env (0) from .env // tip: ⌘ custom filepath { path: '/custom/path/.env' }
2026-08-01 09:49:23: 3. About to listen on 5000
2026-08-01 09:49:27: ◇ injected env (0) from .env // tip: ⌘ custom filepath { path: '/custom/path/.env' }
2026-08-01 09:49:27: 3. About to listen on 5000
2026-08-01 09:49:30: ◇ injected env (0) from .env // tip: ◈ secrets for agents [www.dotenvx.com]
2026-08-01 09:49:30: 3. About to listen on 5000
2026-08-01 09:49:33: ◇ injected env (0) from .env // tip: ⌘ suppress logs { quiet: true }
2026-08-01 09:49:33: 3. About to listen on 5000
2026-08-01 09:49:37: ◇ injected env (0) from .env // tip: ⌘ override existing { override: true }
2026-08-01 09:49:37: 3. About to listen on 5000
2026-08-01 09:49:40: ◇ injected env (0) from .env // tip: ⌘ override existing { override: true }
2026-08-01 09:49:40: 3. About to listen on 5000
2026-08-01 09:49:43: ◇ injected env (0) from .env // tip: ◈ encrypted .env [www.dotenvx.com]
2026-08-01 09:49:43: 3. About to listen on 5000
2026-08-01 09:49:46: ◇ injected env (0) from .env // tip: ⌘ enable debugging { debug: true }
2026-08-01 09:49:46: 3. About to listen on 5000
2026-08-01 09:49:50: ◇ injected env (0) from .env // tip: ◈ encrypted .env [www.dotenvx.com]
2026-08-01 09:49:50: 3. About to listen on 5000
2026-08-01 09:49:53: ◇ injected env (0) from .env // tip: ⌘ multiple files { path: ['.env.local', '.env'] }
2026-08-01 09:49:53: 3. About to listen on 5000
2026-08-01 09:49:56: ◇ injected env (0) from .env // tip: ◈ encrypted .env [www.dotenvx.com]
2026-08-01 09:49:56: 3. About to listen on 5000
2026-08-01 09:49:59: ◇ injected env (0) from .env // tip: ⌘ enable debugging { debug: true }
2026-08-01 09:49:59: 3. About to listen on 5000
2026-08-01 09:50:03: ◇ injected env (0) from .env // tip: ⌘ enable debugging { debug: true }
2026-08-01 09:50:03: 3. About to listen on 5000
2026-08-01 09:50:06: ◇ injected env (0) from .env // tip: ⌘ custom filepath { path: '/custom/path/.env' }
2026-08-01 09:50:06: 3. About to listen on 5000
2026-08-01 09:50:09: ◇ injected env (0) from .env // tip: ⌘ custom filepath { path: '/custom/path/.env' }
2026-08-01 09:50:09: 3. About to listen on 5000
2026-08-01 09:50:13: ◇ injected env (0) from .env // tip: ⌘ custom filepath { path: '/custom/path/.env' }
2026-08-01 09:50:13: 3. About to listen on 5000
2026-08-01 09:50:16: ◇ injected env (0) from .env // tip: ◈ secrets for agents [www.dotenvx.com]
2026-08-01 09:50:16: 3. About to listen on 5000
2026-08-01 09:50:19: ◇ injected env (0) from .env // tip: ⌘ multiple files { path: ['.env.local', '.env'] }
2026-08-01 09:50:19: 3. About to listen on 5000
2026-08-01 09:50:22: ◇ injected env (0) from .env // tip: ⌘ multiple files { path: ['.env.local', '.env'] }
2026-08-01 09:50:22: 3. About to listen on 5000
2026-08-01 09:50:26: ◇ injected env (0) from .env // tip: ⌘ override existing { override: true }
2026-08-01 09:50:26: 3. About to listen on 5000
2026-08-01 09:50:29: ◇ injected env (0) from .env // tip: ⌘ multiple files { path: ['.env.local', '.env'] }
2026-08-01 09:50:29: 3. About to listen on 5000
2026-08-01 09:50:32: ◇ injected env (0) from .env // tip: ◈ encrypted .env [www.dotenvx.com]
2026-08-01 09:50:32: 3. About to listen on 5000
2026-08-01 09:50:36: ◇ injected env (0) from .env // tip: ⌘ multiple files { path: ['.env.local', '.env'] }
2026-08-01 09:50:36: 3. About to listen on 5000
2026-08-01 09:50:39: ◇ injected env (0) from .env // tip: ◈ encrypted .env [www.dotenvx.com]
2026-08-01 09:50:39: 3. About to listen on 5000
2026-08-01 09:50:42: ◇ injected env (0) from .env // tip: ◈ secrets for agents [www.dotenvx.com]
2026-08-01 09:50:42: 3. About to listen on 5000
2026-08-01 09:50:45: ◇ injected env (0) from .env // tip: ⌁ auth for agents [www.vestauth.com]
2026-08-01 09:50:45: 3. About to listen on 5000
2026-08-01 09:50:49: ◇ injected env (0) from .env // tip: ◈ secrets for agents [www.dotenvx.com]
2026-08-01 09:50:49: 3. About to listen on 5000
2026-08-01 09:50:52: ◇ injected env (0) from .env // tip: ⌘ enable debugging { debug: true }
2026-08-01 09:50:52: 3. About to listen on 5000
2026-08-01 09:50:55: ◇ injected env (0) from .env // tip: ⌘ multiple files { path: ['.env.local', '.env'] }
2026-08-01 09:50:55: 3. About to listen on 5000
2026-08-01 09:50:58: ◇ injected env (0) from .env // tip: ⌁ auth for agents [www.vestauth.com]
2026-08-01 09:50:58: 3. About to listen on 5000
2026-08-01 09:51:02: ◇ injected env (0) from .env // tip: ⌘ override existing { override: true }
2026-08-01 09:51:02: 3. About to listen on 5000
2026-08-01 09:51:05: ◇ injected env (0) from .env // tip: ◈ encrypted .env [www.dotenvx.com]
2026-08-01 09:51:05: 3. About to listen on 5000
2026-08-01 09:51:08: ◇ injected env (0) from .env // tip: ⌘ enable debugging { debug: true }
2026-08-01 09:51:08: 3. About to listen on 5000
2026-08-01 09:51:12: ◇ injected env (0) from .env // tip: ⌘ override existing { override: true }
2026-08-01 09:51:12: 3. About to listen on 5000
2026-08-01 09:51:15: ◇ injected env (0) from .env // tip: ⌘ multiple files { path: ['.env.local', '.env'] }
2026-08-01 09:51:15: 3. About to listen on 5000
2026-08-01 09:51:18: ◇ injected env (0) from .env // tip: ⌁ auth for agents [www.vestauth.com]
2026-08-01 09:51:18: 3. About to listen on 5000
2026-08-01 09:51:21: ◇ injected env (0) from .env // tip: ⌘ suppress logs { quiet: true }
2026-08-01 09:51:21: 3. About to listen on 5000
2026-08-01 09:51:25: ◇ injected env (0) from .env // tip: ⌁ auth for agents [www.vestauth.com]
2026-08-01 09:51:25: 3. About to listen on 5000
2026-08-01 09:51:28: ◇ injected env (0) from .env // tip: ⌘ override existing { override: true }
2026-08-01 09:51:28: 3. About to listen on 5000
2026-08-01 09:51:31: ◇ injected env (0) from .env // tip: ⌘ enable debugging { debug: true }
2026-08-01 09:51:31: 3. About to listen on 5000
2026-08-01 09:51:35: ◇ injected env (0) from .env // tip: ⌘ custom filepath { path: '/custom/path/.env' }
2026-08-01 09:51:35: 3. About to listen on 5000
2026-08-01 09:51:38: ◇ injected env (0) from .env // tip: ⌘ enable debugging { debug: true }
2026-08-01 09:51:38: 3. About to listen on 5000
2026-08-01 09:51:41: ◇ injected env (0) from .env // tip: ⌘ multiple files { path: ['.env.local', '.env'] }
2026-08-01 09:51:41: 3. About to listen on 5000
2026-08-01 09:51:44: ◇ injected env (0) from .env // tip: ⌘ suppress logs { quiet: true }
2026-08-01 09:51:44: 3. About to listen on 5000
2026-08-01 09:51:48: ◇ injected env (0) from .env // tip: ⌘ enable debugging { debug: true }
2026-08-01 09:51:48: 3. About to listen on 5000
2026-08-01 09:51:51: ◇ injected env (0) from .env // tip: ⌘ suppress logs { quiet: true }
2026-08-01 09:51:51: 3. About to listen on 5000
2026-08-01 09:51:54: ◇ injected env (0) from .env // tip: ⌘ multiple files { path: ['.env.local', '.env'] }
2026-08-01 09:51:54: 3. About to listen on 5000
2026-08-01 09:51:58: ◇ injected env (0) from .env // tip: ◈ secrets for agents [www.dotenvx.com]
2026-08-01 09:51:58: 3. About to listen on 5000
2026-08-01 09:52:01: ◇ injected env (0) from .env // tip: ⌘ override existing { override: true }
2026-08-01 09:52:01: 3. About to listen on 5000
2026-08-01 09:52:04: ◇ injected env (0) from .env // tip: ⌘ enable debugging { debug: true }
2026-08-01 09:52:04: 3. About to listen on 5000
2026-08-01 09:52:07: ◇ injected env (0) from .env // tip: ◈ secrets for agents [www.dotenvx.com]
2026-08-01 09:52:07: 3. About to listen on 5000
2026-08-01 09:52:11: ◇ injected env (0) from .env // tip: ◈ encrypted .env [www.dotenvx.com]
2026-08-01 09:52:11: 3. About to listen on 5000
2026-08-01 09:52:14: ◇ injected env (0) from .env // tip: ⌘ multiple files { path: ['.env.local', '.env'] }
2026-08-01 09:52:14: 3. About to listen on 5000
2026-08-01 09:52:17: ◇ injected env (0) from .env // tip: ⌘ override existing { override: true }
2026-08-01 09:52:17: 3. About to listen on 5000
2026-08-01 09:52:20: ◇ injected env (0) from .env // tip: ⌘ custom filepath { path: '/custom/path/.env' }
2026-08-01 09:52:21: 3. About to listen on 5000
2026-08-01 09:52:24: ◇ injected env (0) from .env // tip: ⌘ enable debugging { debug: true }
2026-08-01 09:52:24: 3. About to listen on 5000
2026-08-01 09:52:27: ◇ injected env (0) from .env // tip: ⌘ multiple files { path: ['.env.local', '.env'] }
2026-08-01 09:52:27: 3. About to listen on 5000
2026-08-01 09:52:30: ◇ injected env (0) from .env // tip: ⌘ suppress logs { quiet: true }
2026-08-01 09:52:30: 3. About to listen on 5000
2026-08-01 09:52:34: ◇ injected env (0) from .env // tip: ⌘ multiple files { path: ['.env.local', '.env'] }
2026-08-01 09:52:34: 3. About to listen on 5000
2026-08-01 09:52:37: ◇ injected env (0) from .env // tip: ⌘ multiple files { path: ['.env.local', '.env'] }
2026-08-01 09:52:37: 3. About to listen on 5000
2026-08-01 09:52:40: ◇ injected env (0) from .env // tip: ◈ secrets for agents [www.dotenvx.com]
2026-08-01 09:52:40: 3. About to listen on 5000
2026-08-01 09:52:44: ◇ injected env (0) from .env // tip: ⌘ override existing { override: true }
2026-08-01 09:52:44: 3. About to listen on 5000
2026-08-01 09:52:47: ◇ injected env (0) from .env // tip: ⌁ auth for agents [www.vestauth.com]
2026-08-01 09:52:47: 3. About to listen on 5000
2026-08-01 09:52:50: ◇ injected env (0) from .env // tip: ◈ secrets for agents [www.dotenvx.com]
2026-08-01 09:52:50: 3. About to listen on 5000
2026-08-01 09:52:53: ◇ injected env (0) from .env // tip: ⌘ enable debugging { debug: true }
2026-08-01 09:52:53: 3. About to listen on 5000
2026-08-01 09:52:57: ◇ injected env (0) from .env // tip: ⌘ custom filepath { path: '/custom/path/.env' }
2026-08-01 09:52:57: 3. About to listen on 5000
2026-08-01 09:53:00: ◇ injected env (0) from .env // tip: ⌘ suppress logs { quiet: true }
2026-08-01 09:53:00: 3. About to listen on 5000
2026-08-01 09:53:03: ◇ injected env (0) from .env // tip: ⌘ suppress logs { quiet: true }
2026-08-01 09:53:03: 3. About to listen on 5000
2026-08-01 09:53:06: ◇ injected env (0) from .env // tip: ⌘ multiple files { path: ['.env.local', '.env'] }
2026-08-01 09:53:06: 3. About to listen on 5000
2026-08-01 09:53:10: ◇ injected env (0) from .env // tip: ⌘ enable debugging { debug: true }
2026-08-01 09:53:10: 3. About to listen on 5000
2026-08-01 09:53:13: ◇ injected env (0) from .env // tip: ◈ encrypted .env [www.dotenvx.com]
2026-08-01 09:53:13: 3. About to listen on 5000
2026-08-01 09:53:16: ◇ injected env (0) from .env // tip: ◈ secrets for agents [www.dotenvx.com]
2026-08-01 09:53:16: 3. About to listen on 5000
2026-08-01 09:53:20: ◇ injected env (0) from .env // tip: ◈ secrets for agents [www.dotenvx.com]
2026-08-01 09:53:20: 3. About to listen on 5000
2026-08-01 09:53:23: ◇ injected env (0) from .env // tip: ⌘ custom filepath { path: '/custom/path/.env' }
2026-08-01 09:53:23: 3. About to listen on 5000
2026-08-01 09:53:26: ◇ injected env (0) from .env // tip: ⌁ auth for agents [www.vestauth.com]
2026-08-01 09:53:26: 3. About to listen on 5000
2026-08-01 09:53:29: ◇ injected env (0) from .env // tip: ⌘ suppress logs { quiet: true }
2026-08-01 09:53:30: 3. About to listen on 5000
2026-08-01 09:53:33: ◇ injected env (0) from .env // tip: ⌘ override existing { override: true }
2026-08-01 09:53:33: 3. About to listen on 5000
2026-08-01 09:53:36: ◇ injected env (0) from .env // tip: ⌘ override existing { override: true }
2026-08-01 09:53:36: 3. About to listen on 5000
2026-08-01 09:53:39: ◇ injected env (0) from .env // tip: ◈ encrypted .env [www.dotenvx.com]
2026-08-01 09:53:39: 3. About to listen on 5000
2026-08-01 09:53:43: ◇ injected env (0) from .env // tip: ⌘ multiple files { path: ['.env.local', '.env'] }
2026-08-01 09:53:43: 3. About to listen on 5000
2026-08-01 09:53:46: ◇ injected env (0) from .env // tip: ◈ secrets for agents [www.dotenvx.com]
2026-08-01 09:53:46: 3. About to listen on 5000
2026-08-01 09:53:49: ◇ injected env (0) from .env // tip: ⌘ override existing { override: true }
2026-08-01 09:53:49: 3. About to listen on 5000
2026-08-01 09:53:53: ◇ injected env (0) from .env // tip: ⌘ override existing { override: true }
2026-08-01 09:53:53: 3. About to listen on 5000
2026-08-01 09:53:56: ◇ injected env (0) from .env // tip: ⌘ override existing { override: true }
2026-08-01 09:53:56: 3. About to listen on 5000
2026-08-01 09:53:59: ◇ injected env (0) from .env // tip: ⌘ suppress logs { quiet: true }
2026-08-01 09:53:59: 3. About to listen on 5000
2026-08-01 09:54:03: ◇ injected env (0) from .env // tip: ⌁ auth for agents [www.vestauth.com]
2026-08-01 09:54:03: 3. About to listen on 5000
2026-08-01 09:54:06: ◇ injected env (0) from .env // tip: ◈ encrypted .env [www.dotenvx.com]
2026-08-01 09:54:06: 3. About to listen on 5000
2026-08-01 09:54:09: ◇ injected env (0) from .env // tip: ⌘ suppress logs { quiet: true }
2026-08-01 09:54:09: 3. About to listen on 5000
2026-08-01 09:54:12: ◇ injected env (0) from .env // tip: ⌁ auth for agents [www.vestauth.com]
2026-08-01 09:54:12: 3. About to listen on 5000
2026-08-01 09:54:16: ◇ injected env (0) from .env // tip: ⌁ auth for agents [www.vestauth.com]
2026-08-01 09:54:16: 3. About to listen on 5000
2026-08-01 09:54:19: ◇ injected env (0) from .env // tip: ⌘ override existing { override: true }
2026-08-01 09:54:19: 3. About to listen on 5000
2026-08-01 09:54:22: ◇ injected env (0) from .env // tip: ⌁ auth for agents [www.vestauth.com]
2026-08-01 09:54:22: 3. About to listen on 5000
2026-08-01 09:54:26: ◇ injected env (0) from .env // tip: ⌘ override existing { override: true }
2026-08-01 09:54:26: 3. About to listen on 5000
2026-08-01 09:54:29: ◇ injected env (0) from .env // tip: ⌘ enable debugging { debug: true }
2026-08-01 09:54:29: 3. About to listen on 5000
2026-08-01 09:54:32: ◇ injected env (0) from .env // tip: ◈ secrets for agents [www.dotenvx.com]
2026-08-01 09:54:32: 3. About to listen on 5000
2026-08-01 09:54:36: ◇ injected env (0) from .env // tip: ⌘ multiple files { path: ['.env.local', '.env'] }
2026-08-01 09:54:36: 3. About to listen on 5000
2026-08-01 09:54:39: ◇ injected env (0) from .env // tip: ⌘ multiple files { path: ['.env.local', '.env'] }
2026-08-01 09:54:39: 3. About to listen on 5000
2026-08-01 09:54:42: ◇ injected env (0) from .env // tip: ⌘ multiple files { path: ['.env.local', '.env'] }
2026-08-01 09:54:42: 3. About to listen on 5000
2026-08-01 09:54:45: ◇ injected env (0) from .env // tip: ⌘ override existing { override: true }
2026-08-01 09:54:45: 3. About to listen on 5000
2026-08-01 09:54:49: ◇ injected env (0) from .env // tip: ⌘ multiple files { path: ['.env.local', '.env'] }
2026-08-01 09:54:49: 3. About to listen on 5000
2026-08-01 09:54:52: ◇ injected env (0) from .env // tip: ⌘ multiple files { path: ['.env.local', '.env'] }
2026-08-01 09:54:52: 3. About to listen on 5000
2026-08-01 09:54:55: ◇ injected env (0) from .env // tip: ◈ secrets for agents [www.dotenvx.com]
2026-08-01 09:54:55: 3. About to listen on 5000
2026-08-01 09:54:59: ◇ injected env (0) from .env // tip: ◈ encrypted .env [www.dotenvx.com]
2026-08-01 09:54:59: 3. About to listen on 5000
2026-08-01 09:55:02: ◇ injected env (0) from .env // tip: ◈ secrets for agents [www.dotenvx.com]
2026-08-01 09:55:02: 3. About to listen on 5000
2026-08-01 09:55:05: ◇ injected env (0) from .env // tip: ◈ encrypted .env [www.dotenvx.com]
2026-08-01 09:55:05: 3. About to listen on 5000
2026-08-01 09:55:09: ◇ injected env (0) from .env // tip: ⌘ multiple files { path: ['.env.local', '.env'] }
2026-08-01 09:55:09: 3. About to listen on 5000
2026-08-01 09:55:12: ◇ injected env (0) from .env // tip: ⌘ multiple files { path: ['.env.local', '.env'] }
2026-08-01 09:55:12: 3. About to listen on 5000
2026-08-01 09:55:15: ◇ injected env (0) from .env // tip: ⌘ enable debugging { debug: true }
2026-08-01 09:55:15: 3. About to listen on 5000
2026-08-01 09:55:18: ◇ injected env (0) from .env // tip: ⌘ multiple files { path: ['.env.local', '.env'] }
2026-08-01 09:55:18: 3. About to listen on 5000
2026-08-01 09:55:22: ◇ injected env (0) from .env // tip: ⌁ auth for agents [www.vestauth.com]
2026-08-01 09:55:22: 3. About to listen on 5000
2026-08-01 09:55:25: ◇ injected env (0) from .env // tip: ◈ secrets for agents [www.dotenvx.com]
2026-08-01 09:55:25: 3. About to listen on 5000
2026-08-01 09:55:28: ◇ injected env (0) from .env // tip: ⌘ override existing { override: true }
2026-08-01 09:55:28: 3. About to listen on 5000
2026-08-01 09:55:32: ◇ injected env (0) from .env // tip: ⌘ override existing { override: true }
2026-08-01 09:55:32: 3. About to listen on 5000
2026-08-01 09:55:35: ◇ injected env (0) from .env // tip: ⌘ suppress logs { quiet: true }
2026-08-01 09:55:35: 3. About to listen on 5000
2026-08-01 09:55:38: ◇ injected env (0) from .env // tip: ◈ secrets for agents [www.dotenvx.com]
2026-08-01 09:55:38: 3. About to listen on 5000
2026-08-01 09:55:42: ◇ injected env (0) from .env // tip: ⌁ auth for agents [www.vestauth.com]
2026-08-01 09:55:42: 3. About to listen on 5000
2026-08-01 09:55:45: ◇ injected env (0) from .env // tip: ⌘ override existing { override: true }
2026-08-01 09:55:45: 3. About to listen on 5000
2026-08-01 09:55:48: ◇ injected env (0) from .env // tip: ⌘ override existing { override: true }
2026-08-01 09:55:48: 3. About to listen on 5000
2026-08-01 09:55:51: ◇ injected env (0) from .env // tip: ◈ encrypted .env [www.dotenvx.com]
2026-08-01 09:55:51: 3. About to listen on 5000
2026-08-01 09:55:55: ◇ injected env (0) from .env // tip: ⌘ custom filepath { path: '/custom/path/.env' }
2026-08-01 09:55:55: 3. About to listen on 5000
2026-08-01 09:55:58: ◇ injected env (0) from .env // tip: ◈ secrets for agents [www.dotenvx.com]
2026-08-01 09:55:58: 3. About to listen on 5000
2026-08-01 09:56:01: ◇ injected env (0) from .env // tip: ⌘ multiple files { path: ['.env.local', '.env'] }
2026-08-01 09:56:01: 3. About to listen on 5000
2026-08-01 09:56:05: ◇ injected env (0) from .env // tip: ◈ secrets for agents [www.dotenvx.com]
2026-08-01 09:56:05: 3. About to listen on 5000
2026-08-01 09:56:08: ◇ injected env (0) from .env // tip: ⌘ suppress logs { quiet: true }
2026-08-01 09:56:08: 3. About to listen on 5000
2026-08-01 09:56:11: ◇ injected env (0) from .env // tip: ⌘ override existing { override: true }
2026-08-01 09:56:11: 3. About to listen on 5000
2026-08-01 09:56:14: ◇ injected env (0) from .env // tip: ⌘ suppress logs { quiet: true }
2026-08-01 09:56:14: 3. About to listen on 5000
2026-08-01 09:56:18: ◇ injected env (0) from .env // tip: ⌘ custom filepath { path: '/custom/path/.env' }
2026-08-01 09:56:18: 3. About to listen on 5000
2026-08-01 09:56:21: ◇ injected env (0) from .env // tip: ⌁ auth for agents [www.vestauth.com]
2026-08-01 09:56:21: 3. About to listen on 5000
2026-08-01 09:56:24: ◇ injected env (0) from .env // tip: ⌘ override existing { override: true }
2026-08-01 09:56:24: 3. About to listen on 5000
2026-08-01 09:56:28: ◇ injected env (0) from .env // tip: ⌁ auth for agents [www.vestauth.com]
2026-08-01 09:56:28: 3. About to listen on 5000
2026-08-01 09:56:31: ◇ injected env (0) from .env // tip: ◈ secrets for agents [www.dotenvx.com]
2026-08-01 09:56:31: 3. About to listen on 5000
2026-08-01 09:56:34: ◇ injected env (0) from .env // tip: ⌘ custom filepath { path: '/custom/path/.env' }
2026-08-01 09:56:34: 3. About to listen on 5000
2026-08-01 09:56:37: ◇ injected env (0) from .env // tip: ⌘ custom filepath { path: '/custom/path/.env' }
2026-08-01 09:56:38: 3. About to listen on 5000
2026-08-01 09:56:41: ◇ injected env (0) from .env // tip: ⌁ auth for agents [www.vestauth.com]
2026-08-01 09:56:41: 3. About to listen on 5000
2026-08-01 09:56:44: ◇ injected env (0) from .env // tip: ⌘ suppress logs { quiet: true }
2026-08-01 09:56:44: 3. About to listen on 5000
2026-08-01 09:56:47: ◇ injected env (0) from .env // tip: ⌁ auth for agents [www.vestauth.com]
2026-08-01 09:56:47: 3. About to listen on 5000
2026-08-01 09:56:51: ◇ injected env (0) from .env // tip: ⌘ suppress logs { quiet: true }
2026-08-01 09:56:51: 3. About to listen on 5000
2026-08-01 09:56:54: ◇ injected env (0) from .env // tip: ◈ secrets for agents [www.dotenvx.com]
2026-08-01 09:56:54: 3. About to listen on 5000
2026-08-01 09:56:57: ◇ injected env (0) from .env // tip: ◈ encrypted .env [www.dotenvx.com]
2026-08-01 09:56:57: 3. About to listen on 5000
2026-08-01 09:57:01: ◇ injected env (0) from .env // tip: ◈ secrets for agents [www.dotenvx.com]
2026-08-01 09:57:01: 3. About to listen on 5000
2026-08-01 09:57:04: ◇ injected env (0) from .env // tip: ⌘ custom filepath { path: '/custom/path/.env' }
2026-08-01 09:57:04: 3. About to listen on 5000
2026-08-01 09:57:07: ◇ injected env (0) from .env // tip: ⌘ custom filepath { path: '/custom/path/.env' }
2026-08-01 09:57:07: 3. About to listen on 5000
2026-08-01 09:57:10: ◇ injected env (0) from .env // tip: ⌘ custom filepath { path: '/custom/path/.env' }
2026-08-01 09:57:10: 3. About to listen on 5000
2026-08-01 09:57:14: ◇ injected env (0) from .env // tip: ⌘ suppress logs { quiet: true }
2026-08-01 09:57:14: 3. About to listen on 5000
2026-08-01 09:57:17: ◇ injected env (0) from .env // tip: ◈ encrypted .env [www.dotenvx.com]
2026-08-01 09:57:17: 3. About to listen on 5000
2026-08-01 09:57:20: ◇ injected env (0) from .env // tip: ⌘ enable debugging { debug: true }
2026-08-01 09:57:20: 3. About to listen on 5000
2026-08-01 09:57:24: ◇ injected env (0) from .env // tip: ⌘ suppress logs { quiet: true }
2026-08-01 09:57:24: 3. About to listen on 5000
2026-08-01 09:57:27: ◇ injected env (0) from .env // tip: ⌘ multiple files { path: ['.env.local', '.env'] }
2026-08-01 09:57:27: 3. About to listen on 5000
2026-08-01 09:57:30: ◇ injected env (0) from .env // tip: ⌘ multiple files { path: ['.env.local', '.env'] }
2026-08-01 09:57:30: 3. About to listen on 5000
2026-08-01 09:57:33: ◇ injected env (0) from .env // tip: ⌘ custom filepath { path: '/custom/path/.env' }
2026-08-01 09:57:33: 3. About to listen on 5000
2026-08-01 09:57:37: ◇ injected env (0) from .env // tip: ⌘ override existing { override: true }
2026-08-01 09:57:37: 3. About to listen on 5000
2026-08-01 09:57:40: ◇ injected env (0) from .env // tip: ⌁ auth for agents [www.vestauth.com]
2026-08-01 09:57:40: 3. About to listen on 5000
2026-08-01 09:57:43: ◇ injected env (0) from .env // tip: ⌁ auth for agents [www.vestauth.com]
2026-08-01 09:57:43: 3. About to listen on 5000
2026-08-01 09:57:46: ◇ injected env (0) from .env // tip: ◈ encrypted .env [www.dotenvx.com]
2026-08-01 09:57:46: 3. About to listen on 5000
2026-08-01 09:57:50: ◇ injected env (0) from .env // tip: ⌘ enable debugging { debug: true }
2026-08-01 09:57:50: 3. About to listen on 5000
2026-08-01 09:57:53: ◇ injected env (0) from .env // tip: ⌘ custom filepath { path: '/custom/path/.env' }
2026-08-01 09:57:53: 3. About to listen on 5000
2026-08-01 09:57:56: ◇ injected env (0) from .env // tip: ⌘ enable debugging { debug: true }
2026-08-01 09:57:56: 3. About to listen on 5000
2026-08-01 09:57:59: ◇ injected env (0) from .env // tip: ⌘ override existing { override: true }
2026-08-01 09:58:00: 3. About to listen on 5000
2026-08-01 09:58:03: ◇ injected env (0) from .env // tip: ⌁ auth for agents [www.vestauth.com]
2026-08-01 09:58:03: 3. About to listen on 5000
2026-08-01 09:58:06: ◇ injected env (0) from .env // tip: ◈ encrypted .env [www.dotenvx.com]
2026-08-01 09:58:06: 3. About to listen on 5000
2026-08-01 09:58:09: ◇ injected env (0) from .env // tip: ⌘ enable debugging { debug: true }
2026-08-01 09:58:09: 3. About to listen on 5000
2026-08-01 09:58:13: ◇ injected env (0) from .env // tip: ◈ secrets for agents [www.dotenvx.com]
2026-08-01 09:58:13: 3. About to listen on 5000
2026-08-01 09:58:16: ◇ injected env (0) from .env // tip: ◈ secrets for agents [www.dotenvx.com]
2026-08-01 09:58:16: 3. About to listen on 5000
2026-08-01 09:58:19: ◇ injected env (0) from .env // tip: ⌁ auth for agents [www.vestauth.com]
2026-08-01 09:58:19: 3. About to listen on 5000
2026-08-01 09:58:22: ◇ injected env (0) from .env // tip: ◈ secrets for agents [www.dotenvx.com]
2026-08-01 09:58:22: 3. About to listen on 5000
2026-08-01 09:58:26: ◇ injected env (0) from .env // tip: ⌁ auth for agents [www.vestauth.com]
2026-08-01 09:58:26: 3. About to listen on 5000
2026-08-01 09:58:29: ◇ injected env (0) from .env // tip: ◈ encrypted .env [www.dotenvx.com]
2026-08-01 09:58:29: 3. About to listen on 5000
2026-08-01 09:58:32: ◇ injected env (0) from .env // tip: ⌘ override existing { override: true }
2026-08-01 09:58:32: 3. About to listen on 5000
2026-08-01 09:58:35: ◇ injected env (0) from .env // tip: ◈ encrypted .env [www.dotenvx.com]
2026-08-01 09:58:36: 3. About to listen on 5000
2026-08-01 09:58:39: ◇ injected env (0) from .env // tip: ⌘ enable debugging { debug: true }
2026-08-01 09:58:39: 3. About to listen on 5000
2026-08-01 09:58:42: ◇ injected env (0) from .env // tip: ⌘ override existing { override: true }
2026-08-01 09:58:42: 3. About to listen on 5000
2026-08-01 09:58:45: ◇ injected env (0) from .env // tip: ◈ secrets for agents [www.dotenvx.com]
2026-08-01 09:58:45: 3. About to listen on 5000
2026-08-01 09:58:49: ◇ injected env (0) from .env // tip: ⌘ custom filepath { path: '/custom/path/.env' }
2026-08-01 09:58:49: 3. About to listen on 5000
2026-08-01 09:58:52: ◇ injected env (0) from .env // tip: ⌘ suppress logs { quiet: true }
2026-08-01 09:58:52: 3. About to listen on 5000
2026-08-01 09:58:55: ◇ injected env (0) from .env // tip: ◈ secrets for agents [www.dotenvx.com]
2026-08-01 09:58:55: 3. About to listen on 5000
2026-08-01 09:58:58: ◇ injected env (0) from .env // tip: ⌘ suppress logs { quiet: true }
2026-08-01 09:58:58: 3. About to listen on 5000
2026-08-01 09:59:02: ◇ injected env (0) from .env // tip: ⌘ custom filepath { path: '/custom/path/.env' }
2026-08-01 09:59:02: 3. About to listen on 5000
2026-08-01 09:59:05: ◇ injected env (0) from .env // tip: ⌘ suppress logs { quiet: true }
2026-08-01 09:59:05: 3. About to listen on 5000
2026-08-01 09:59:08: ◇ injected env (0) from .env // tip: ◈ secrets for agents [www.dotenvx.com]
2026-08-01 09:59:08: 3. About to listen on 5000
2026-08-01 09:59:11: ◇ injected env (0) from .env // tip: ◈ secrets for agents [www.dotenvx.com]
2026-08-01 09:59:12: 3. About to listen on 5000
2026-08-01 09:59:15: ◇ injected env (0) from .env // tip: ◈ encrypted .env [www.dotenvx.com]
2026-08-01 09:59:15: 3. About to listen on 5000
2026-08-01 09:59:18: ◇ injected env (0) from .env // tip: ⌘ custom filepath { path: '/custom/path/.env' }
2026-08-01 09:59:18: 3. About to listen on 5000
2026-08-01 09:59:21: ◇ injected env (0) from .env // tip: ⌘ multiple files { path: ['.env.local', '.env'] }
2026-08-01 09:59:21: 3. About to listen on 5000
2026-08-01 09:59:25: ◇ injected env (0) from .env // tip: ◈ encrypted .env [www.dotenvx.com]
2026-08-01 09:59:25: 3. About to listen on 5000
2026-08-01 09:59:28: ◇ injected env (0) from .env // tip: ⌘ suppress logs { quiet: true }
2026-08-01 09:59:28: 3. About to listen on 5000
2026-08-01 09:59:31: ◇ injected env (0) from .env // tip: ⌘ override existing { override: true }
2026-08-01 09:59:31: 3. About to listen on 5000
2026-08-01 09:59:34: ◇ injected env (0) from .env // tip: ⌘ suppress logs { quiet: true }
2026-08-01 09:59:34: 3. About to listen on 5000
2026-08-01 09:59:38: ◇ injected env (0) from .env // tip: ◈ secrets for agents [www.dotenvx.com]
2026-08-01 09:59:38: 3. About to listen on 5000
2026-08-01 09:59:41: ◇ injected env (0) from .env // tip: ⌘ suppress logs { quiet: true }
2026-08-01 09:59:41: 3. About to listen on 5000
2026-08-01 09:59:44: ◇ injected env (0) from .env // tip: ⌘ multiple files { path: ['.env.local', '.env'] }
2026-08-01 09:59:44: 3. About to listen on 5000
2026-08-01 09:59:47: ◇ injected env (0) from .env // tip: ⌘ multiple files { path: ['.env.local', '.env'] }
2026-08-01 09:59:48: 3. About to listen on 5000
2026-08-01 09:59:51: ◇ injected env (0) from .env // tip: ⌘ override existing { override: true }
2026-08-01 09:59:51: 3. About to listen on 5000
2026-08-01 09:59:54: ◇ injected env (0) from .env // tip: ⌘ suppress logs { quiet: true }
2026-08-01 09:59:54: 3. About to listen on 5000
2026-08-01 09:59:57: ◇ injected env (0) from .env // tip: ⌘ multiple files { path: ['.env.local', '.env'] }
2026-08-01 09:59:57: 3. About to listen on 5000
2026-08-01 10:00:01: ◇ injected env (0) from .env // tip: ⌁ auth for agents [www.vestauth.com]
2026-08-01 10:00:01: 3. About to listen on 5000
2026-08-01 10:00:04: ◇ injected env (0) from .env // tip: ⌘ suppress logs { quiet: true }
2026-08-01 10:00:04: 3. About to listen on 5000
2026-08-01 10:00:07: ◇ injected env (0) from .env // tip: ⌘ override existing { override: true }
2026-08-01 10:00:07: 3. About to listen on 5000
2026-08-01 10:00:10: ◇ injected env (0) from .env // tip: ⌘ suppress logs { quiet: true }
2026-08-01 10:00:10: 3. About to listen on 5000
2026-08-01 10:00:14: ◇ injected env (0) from .env // tip: ⌘ override existing { override: true }
2026-08-01 10:00:14: 3. About to listen on 5000
2026-08-01 10:00:17: ◇ injected env (0) from .env // tip: ◈ encrypted .env [www.dotenvx.com]
2026-08-01 10:00:17: 3. About to listen on 5000
2026-08-01 10:00:20: ◇ injected env (0) from .env // tip: ⌁ auth for agents [www.vestauth.com]
2026-08-01 10:00:20: 3. About to listen on 5000
2026-08-01 10:00:23: ◇ injected env (0) from .env // tip: ⌁ auth for agents [www.vestauth.com]
2026-08-01 10:00:23: 3. About to listen on 5000
2026-08-01 10:00:27: ◇ injected env (0) from .env // tip: ⌘ override existing { override: true }
2026-08-01 10:00:27: 3. About to listen on 5000
2026-08-01 10:00:30: ◇ injected env (0) from .env // tip: ⌁ auth for agents [www.vestauth.com]
2026-08-01 10:00:30: 3. About to listen on 5000
2026-08-01 10:00:33: ◇ injected env (0) from .env // tip: ⌘ multiple files { path: ['.env.local', '.env'] }
2026-08-01 10:00:33: 3. About to listen on 5000
2026-08-01 10:00:37: ◇ injected env (0) from .env // tip: ⌘ multiple files { path: ['.env.local', '.env'] }
2026-08-01 10:00:37: 3. About to listen on 5000
2026-08-01 10:00:40: ◇ injected env (0) from .env // tip: ◈ encrypted .env [www.dotenvx.com]
2026-08-01 10:00:40: 3. About to listen on 5000
2026-08-01 10:00:43: ◇ injected env (0) from .env // tip: ⌘ multiple files { path: ['.env.local', '.env'] }
2026-08-01 10:00:43: 3. About to listen on 5000
2026-08-01 10:00:46: ◇ injected env (0) from .env // tip: ⌘ enable debugging { debug: true }
2026-08-01 10:00:46: 3. About to listen on 5000
2026-08-01 10:00:50: ◇ injected env (0) from .env // tip: ⌘ enable debugging { debug: true }
2026-08-01 10:00:50: 3. About to listen on 5000
2026-08-01 10:00:53: ◇ injected env (0) from .env // tip: ◈ encrypted .env [www.dotenvx.com]
2026-08-01 10:00:53: 3. About to listen on 5000
2026-08-01 10:00:56: ◇ injected env (0) from .env // tip: ⌁ auth for agents [www.vestauth.com]
2026-08-01 10:00:56: 3. About to listen on 5000
2026-08-01 10:00:59: ◇ injected env (0) from .env // tip: ⌘ override existing { override: true }
2026-08-01 10:00:59: 3. About to listen on 5000
2026-08-01 10:01:03: ◇ injected env (0) from .env // tip: ⌘ enable debugging { debug: true }
2026-08-01 10:01:03: 3. About to listen on 5000
2026-08-01 10:01:06: ◇ injected env (0) from .env // tip: ⌁ auth for agents [www.vestauth.com]
2026-08-01 10:01:06: 3. About to listen on 5000
2026-08-01 10:01:09: ◇ injected env (0) from .env // tip: ◈ secrets for agents [www.dotenvx.com]
2026-08-01 10:01:09: 3. About to listen on 5000
2026-08-01 10:01:13: ◇ injected env (0) from .env // tip: ◈ secrets for agents [www.dotenvx.com]
2026-08-01 10:01:13: 3. About to listen on 5000
2026-08-01 10:01:16: ◇ injected env (0) from .env // tip: ⌘ suppress logs { quiet: true }
2026-08-01 10:01:16: 3. About to listen on 5000
2026-08-01 10:01:19: ◇ injected env (0) from .env // tip: ⌁ auth for agents [www.vestauth.com]
2026-08-01 10:01:19: 3. About to listen on 5000
2026-08-01 10:01:22: ◇ injected env (0) from .env // tip: ⌘ override existing { override: true }
2026-08-01 10:01:22: 3. About to listen on 5000
2026-08-01 10:01:26: ◇ injected env (0) from .env // tip: ◈ encrypted .env [www.dotenvx.com]
2026-08-01 10:01:26: 3. About to listen on 5000
2026-08-01 10:01:29: ◇ injected env (0) from .env // tip: ◈ encrypted .env [www.dotenvx.com]
2026-08-01 10:01:29: 3. About to listen on 5000
2026-08-01 10:01:32: ◇ injected env (0) from .env // tip: ⌘ enable debugging { debug: true }
2026-08-01 10:01:32: 3. About to listen on 5000
2026-08-01 10:01:35: ◇ injected env (0) from .env // tip: ⌁ auth for agents [www.vestauth.com]
2026-08-01 10:01:35: 3. About to listen on 5000
2026-08-01 10:01:39: ◇ injected env (0) from .env // tip: ⌘ enable debugging { debug: true }
2026-08-01 10:01:39: 3. About to listen on 5000
2026-08-01 10:01:42: ◇ injected env (0) from .env // tip: ⌘ enable debugging { debug: true }
2026-08-01 10:01:42: 3. About to listen on 5000
2026-08-01 10:01:45: ◇ injected env (0) from .env // tip: ◈ secrets for agents [www.dotenvx.com]
2026-08-01 10:01:45: 3. About to listen on 5000
2026-08-01 10:01:49: ◇ injected env (0) from .env // tip: ⌘ override existing { override: true }
2026-08-01 10:01:49: 3. About to listen on 5000
2026-08-01 10:01:52: ◇ injected env (0) from .env // tip: ⌘ enable debugging { debug: true }
2026-08-01 10:01:52: 3. About to listen on 5000
2026-08-01 10:01:55: ◇ injected env (0) from .env // tip: ⌘ override existing { override: true }
2026-08-01 10:01:55: 3. About to listen on 5000
2026-08-01 10:01:58: ◇ injected env (0) from .env // tip: ⌘ suppress logs { quiet: true }
2026-08-01 10:01:58: 3. About to listen on 5000
2026-08-01 10:02:02: ◇ injected env (0) from .env // tip: ⌘ enable debugging { debug: true }
2026-08-01 10:02:02: 3. About to listen on 5000
2026-08-01 10:02:05: ◇ injected env (0) from .env // tip: ⌘ multiple files { path: ['.env.local', '.env'] }
2026-08-01 10:02:05: 3. About to listen on 5000
2026-08-01 10:02:08: ◇ injected env (0) from .env // tip: ⌘ multiple files { path: ['.env.local', '.env'] }
2026-08-01 10:02:08: 3. About to listen on 5000
2026-08-01 10:02:11: ◇ injected env (0) from .env // tip: ⌘ enable debugging { debug: true }
2026-08-01 10:02:11: 3. About to listen on 5000
2026-08-01 10:02:15: ◇ injected env (0) from .env // tip: ⌁ auth for agents [www.vestauth.com]
2026-08-01 10:02:15: 3. About to listen on 5000
2026-08-01 10:02:18: ◇ injected env (0) from .env // tip: ⌘ custom filepath { path: '/custom/path/.env' }
2026-08-01 10:02:18: 3. About to listen on 5000
2026-08-01 10:02:21: ◇ injected env (0) from .env // tip: ⌘ suppress logs { quiet: true }
2026-08-01 10:02:21: 3. About to listen on 5000
2026-08-01 10:02:24: ◇ injected env (0) from .env // tip: ⌘ suppress logs { quiet: true }
2026-08-01 10:02:24: 3. About to listen on 5000
2026-08-01 10:02:28: ◇ injected env (0) from .env // tip: ⌁ auth for agents [www.vestauth.com]
2026-08-01 10:02:28: 3. About to listen on 5000
2026-08-01 10:02:31: ◇ injected env (0) from .env // tip: ⌘ custom filepath { path: '/custom/path/.env' }
2026-08-01 10:02:31: 3. About to listen on 5000
2026-08-01 10:02:34: ◇ injected env (0) from .env // tip: ⌘ override existing { override: true }
2026-08-01 10:02:34: 3. About to listen on 5000
2026-08-01 10:02:38: ◇ injected env (0) from .env // tip: ⌘ override existing { override: true }
2026-08-01 10:02:38: 3. About to listen on 5000
2026-08-01 10:02:41: ◇ injected env (0) from .env // tip: ⌘ custom filepath { path: '/custom/path/.env' }
2026-08-01 10:02:41: 3. About to listen on 5000
2026-08-01 10:02:44: ◇ injected env (0) from .env // tip: ⌘ enable debugging { debug: true }
2026-08-01 10:02:44: 3. About to listen on 5000
2026-08-01 10:02:47: ◇ injected env (0) from .env // tip: ⌘ suppress logs { quiet: true }
2026-08-01 10:02:47: 3. About to listen on 5000
2026-08-01 10:02:51: ◇ injected env (0) from .env // tip: ⌘ enable debugging { debug: true }
2026-08-01 10:02:51: 3. About to listen on 5000
2026-08-01 10:02:54: ◇ injected env (0) from .env // tip: ⌘ enable debugging { debug: true }
2026-08-01 10:02:54: 3. About to listen on 5000
2026-08-01 10:02:57: ◇ injected env (0) from .env // tip: ⌁ auth for agents [www.vestauth.com]
2026-08-01 10:02:57: 3. About to listen on 5000
2026-08-01 10:03:00: ◇ injected env (0) from .env // tip: ⌘ custom filepath { path: '/custom/path/.env' }
2026-08-01 10:03:00: 3. About to listen on 5000
2026-08-01 10:03:04: ◇ injected env (0) from .env // tip: ⌘ multiple files { path: ['.env.local', '.env'] }
2026-08-01 10:03:04: 3. About to listen on 5000
2026-08-01 10:03:07: ◇ injected env (0) from .env // tip: ⌘ override existing { override: true }
2026-08-01 10:03:07: 3. About to listen on 5000
2026-08-01 10:03:10: ◇ injected env (0) from .env // tip: ⌘ suppress logs { quiet: true }
2026-08-01 10:03:10: 3. About to listen on 5000
2026-08-01 10:03:13: ◇ injected env (0) from .env // tip: ⌁ auth for agents [www.vestauth.com]
2026-08-01 10:03:14: 3. About to listen on 5000
2026-08-01 10:03:17: ◇ injected env (0) from .env // tip: ⌁ auth for agents [www.vestauth.com]
2026-08-01 10:03:17: 3. About to listen on 5000
2026-08-01 10:03:20: ◇ injected env (0) from .env // tip: ⌘ suppress logs { quiet: true }
2026-08-01 10:03:20: 3. About to listen on 5000
2026-08-01 10:03:23: ◇ injected env (0) from .env // tip: ⌘ suppress logs { quiet: true }
2026-08-01 10:03:23: 3. About to listen on 5000
2026-08-01 10:03:27: ◇ injected env (0) from .env // tip: ⌘ multiple files { path: ['.env.local', '.env'] }
2026-08-01 10:03:27: 3. About to listen on 5000
2026-08-01 10:03:30: ◇ injected env (0) from .env // tip: ⌁ auth for agents [www.vestauth.com]
2026-08-01 10:03:30: 3. About to listen on 5000
2026-08-01 10:03:33: ◇ injected env (0) from .env // tip: ⌁ auth for agents [www.vestauth.com]
2026-08-01 10:03:33: 3. About to listen on 5000
2026-08-01 10:03:36: ◇ injected env (0) from .env // tip: ◈ encrypted .env [www.dotenvx.com]
2026-08-01 10:03:36: 3. About to listen on 5000
2026-08-01 10:03:40: ◇ injected env (0) from .env // tip: ◈ secrets for agents [www.dotenvx.com]
2026-08-01 10:03:40: 3. About to listen on 5000
2026-08-01 10:03:43: ◇ injected env (0) from .env // tip: ⌘ suppress logs { quiet: true }
2026-08-01 10:03:43: 3. About to listen on 5000
2026-08-01 10:03:46: ◇ injected env (0) from .env // tip: ◈ encrypted .env [www.dotenvx.com]
2026-08-01 10:03:46: 3. About to listen on 5000
2026-08-01 10:03:50: ◇ injected env (0) from .env // tip: ⌘ suppress logs { quiet: true }
2026-08-01 10:03:50: 3. About to listen on 5000
2026-08-01 10:03:53: ◇ injected env (0) from .env // tip: ⌘ enable debugging { debug: true }
2026-08-01 10:03:53: 3. About to listen on 5000
2026-08-01 10:03:56: ◇ injected env (0) from .env // tip: ⌘ custom filepath { path: '/custom/path/.env' }
2026-08-01 10:03:56: 3. About to listen on 5000
2026-08-01 10:03:59: ◇ injected env (0) from .env // tip: ◈ secrets for agents [www.dotenvx.com]
2026-08-01 10:03:59: 3. About to listen on 5000
2026-08-01 10:04:03: ◇ injected env (0) from .env // tip: ⌘ custom filepath { path: '/custom/path/.env' }
2026-08-01 10:04:03: 3. About to listen on 5000
2026-08-01 10:04:06: ◇ injected env (0) from .env // tip: ⌘ custom filepath { path: '/custom/path/.env' }
2026-08-01 10:04:06: 3. About to listen on 5000
2026-08-01 10:04:09: ◇ injected env (0) from .env // tip: ⌘ multiple files { path: ['.env.local', '.env'] }
2026-08-01 10:04:09: 3. About to listen on 5000
2026-08-01 10:04:12: ◇ injected env (0) from .env // tip: ◈ secrets for agents [www.dotenvx.com]
2026-08-01 10:04:13: 3. About to listen on 5000
2026-08-01 10:04:16: ◇ injected env (0) from .env // tip: ⌘ suppress logs { quiet: true }
2026-08-01 10:04:16: 3. About to listen on 5000
2026-08-01 10:04:19: ◇ injected env (0) from .env // tip: ⌘ override existing { override: true }
2026-08-01 10:04:19: 3. About to listen on 5000
2026-08-01 10:04:22: ◇ injected env (0) from .env // tip: ⌘ override existing { override: true }
2026-08-01 10:04:22: 3. About to listen on 5000
2026-08-01 10:04:26: ◇ injected env (0) from .env // tip: ⌘ custom filepath { path: '/custom/path/.env' }
2026-08-01 10:04:26: 3. About to listen on 5000
2026-08-01 10:04:29: ◇ injected env (0) from .env // tip: ⌘ suppress logs { quiet: true }
2026-08-01 10:04:29: 3. About to listen on 5000
2026-08-01 10:04:32: ◇ injected env (0) from .env // tip: ◈ encrypted .env [www.dotenvx.com]
2026-08-01 10:04:32: 3. About to listen on 5000
2026-08-01 10:04:35: ◇ injected env (0) from .env // tip: ⌘ suppress logs { quiet: true }
2026-08-01 10:04:35: 3. About to listen on 5000
2026-08-01 10:04:39: ◇ injected env (0) from .env // tip: ◈ secrets for agents [www.dotenvx.com]
2026-08-01 10:04:39: 3. About to listen on 5000
2026-08-01 10:04:42: ◇ injected env (0) from .env // tip: ⌘ suppress logs { quiet: true }
2026-08-01 10:04:42: 3. About to listen on 5000
2026-08-01 10:04:45: ◇ injected env (0) from .env // tip: ⌘ custom filepath { path: '/custom/path/.env' }
2026-08-01 10:04:45: 3. About to listen on 5000
2026-08-01 10:04:49: ◇ injected env (0) from .env // tip: ⌘ enable debugging { debug: true }
2026-08-01 10:04:49: 3. About to listen on 5000
2026-08-01 10:04:52: ◇ injected env (0) from .env // tip: ⌘ custom filepath { path: '/custom/path/.env' }
2026-08-01 10:04:52: 3. About to listen on 5000
2026-08-01 10:04:55: ◇ injected env (0) from .env // tip: ⌘ enable debugging { debug: true }
2026-08-01 10:04:55: 3. About to listen on 5000
2026-08-01 10:04:58: ◇ injected env (0) from .env // tip: ⌘ custom filepath { path: '/custom/path/.env' }
2026-08-01 10:04:58: 3. About to listen on 5000
2026-08-01 10:05:02: ◇ injected env (0) from .env // tip: ⌁ auth for agents [www.vestauth.com]
2026-08-01 10:05:02: 3. About to listen on 5000
2026-08-01 10:05:05: ◇ injected env (0) from .env // tip: ⌘ multiple files { path: ['.env.local', '.env'] }
2026-08-01 10:05:05: 3. About to listen on 5000
2026-08-01 10:05:08: ◇ injected env (0) from .env // tip: ⌘ custom filepath { path: '/custom/path/.env' }
2026-08-01 10:05:08: 3. About to listen on 5000
2026-08-01 10:05:11: ◇ injected env (0) from .env // tip: ⌘ enable debugging { debug: true }
2026-08-01 10:05:11: 3. About to listen on 5000
2026-08-01 10:05:15: ◇ injected env (0) from .env // tip: ⌘ multiple files { path: ['.env.local', '.env'] }
2026-08-01 10:05:15: 3. About to listen on 5000
2026-08-01 10:05:18: ◇ injected env (0) from .env // tip: ◈ encrypted .env [www.dotenvx.com]
2026-08-01 10:05:18: 3. About to listen on 5000
2026-08-01 10:05:21: ◇ injected env (0) from .env // tip: ◈ encrypted .env [www.dotenvx.com]
2026-08-01 10:05:21: 3. About to listen on 5000
2026-08-01 10:05:24: ◇ injected env (0) from .env // tip: ⌘ enable debugging { debug: true }
2026-08-01 10:05:24: 3. About to listen on 5000
2026-08-01 10:05:28: ◇ injected env (0) from .env // tip: ⌘ suppress logs { quiet: true }
2026-08-01 10:05:28: 3. About to listen on 5000
2026-08-01 10:05:31: ◇ injected env (0) from .env // tip: ⌘ enable debugging { debug: true }
2026-08-01 10:05:31: 3. About to listen on 5000
2026-08-01 10:05:34: ◇ injected env (0) from .env // tip: ⌁ auth for agents [www.vestauth.com]
2026-08-01 10:05:34: 3. About to listen on 5000
2026-08-01 10:05:38: ◇ injected env (0) from .env // tip: ⌘ override existing { override: true }
2026-08-01 10:05:38: 3. About to listen on 5000
2026-08-01 10:05:41: ◇ injected env (0) from .env // tip: ◈ encrypted .env [www.dotenvx.com]
2026-08-01 10:05:41: 3. About to listen on 5000
2026-08-01 10:05:44: ◇ injected env (0) from .env // tip: ◈ secrets for agents [www.dotenvx.com]
2026-08-01 10:05:44: 3. About to listen on 5000
2026-08-01 10:05:47: ◇ injected env (0) from .env // tip: ⌁ auth for agents [www.vestauth.com]
2026-08-01 10:05:47: 3. About to listen on 5000
2026-08-01 10:05:51: ◇ injected env (0) from .env // tip: ⌘ override existing { override: true }
2026-08-01 10:05:51: 3. About to listen on 5000
2026-08-01 10:05:54: ◇ injected env (0) from .env // tip: ⌘ override existing { override: true }
2026-08-01 10:05:54: 3. About to listen on 5000
2026-08-01 10:05:57: ◇ injected env (0) from .env // tip: ⌘ custom filepath { path: '/custom/path/.env' }
2026-08-01 10:05:57: 3. About to listen on 5000
2026-08-01 10:06:00: ◇ injected env (0) from .env // tip: ⌘ override existing { override: true }
2026-08-01 10:06:00: 3. About to listen on 5000
2026-08-01 10:06:04: ◇ injected env (0) from .env // tip: ⌘ enable debugging { debug: true }
2026-08-01 10:06:04: 3. About to listen on 5000
2026-08-01 10:06:07: ◇ injected env (0) from .env // tip: ⌁ auth for agents [www.vestauth.com]
2026-08-01 10:06:07: 3. About to listen on 5000
2026-08-01 10:06:10: ◇ injected env (0) from .env // tip: ⌘ enable debugging { debug: true }
2026-08-01 10:06:10: 3. About to listen on 5000
2026-08-01 10:06:14: ◇ injected env (0) from .env // tip: ⌘ override existing { override: true }
2026-08-01 10:06:14: 3. About to listen on 5000
2026-08-01 10:06:17: ◇ injected env (0) from .env // tip: ⌘ custom filepath { path: '/custom/path/.env' }
2026-08-01 10:06:17: 3. About to listen on 5000
2026-08-01 10:06:20: ◇ injected env (0) from .env // tip: ⌘ suppress logs { quiet: true }
2026-08-01 10:06:20: 3. About to listen on 5000
2026-08-01 10:06:23: ◇ injected env (0) from .env // tip: ⌁ auth for agents [www.vestauth.com]
2026-08-01 10:06:23: 3. About to listen on 5000
2026-08-01 10:06:27: ◇ injected env (0) from .env // tip: ⌁ auth for agents [www.vestauth.com]
2026-08-01 10:06:27: 3. About to listen on 5000
2026-08-01 10:06:30: ◇ injected env (0) from .env // tip: ⌘ multiple files { path: ['.env.local', '.env'] }
2026-08-01 10:06:30: 3. About to listen on 5000
2026-08-01 10:06:33: ◇ injected env (0) from .env // tip: ◈ encrypted .env [www.dotenvx.com]
2026-08-01 10:06:33: 3. About to listen on 5000
2026-08-01 10:06:36: ◇ injected env (0) from .env // tip: ⌘ multiple files { path: ['.env.local', '.env'] }
2026-08-01 10:06:36: 3. About to listen on 5000
2026-08-01 10:06:40: ◇ injected env (0) from .env // tip: ⌘ multiple files { path: ['.env.local', '.env'] }
2026-08-01 10:06:40: 3. About to listen on 5000
2026-08-01 10:06:43: ◇ injected env (0) from .env // tip: ⌘ multiple files { path: ['.env.local', '.env'] }
2026-08-01 10:06:43: 3. About to listen on 5000
2026-08-01 10:06:46: ◇ injected env (0) from .env // tip: ◈ secrets for agents [www.dotenvx.com]
2026-08-01 10:06:46: 3. About to listen on 5000
2026-08-01 10:06:50: ◇ injected env (0) from .env // tip: ⌘ override existing { override: true }
2026-08-01 10:06:50: 3. About to listen on 5000
2026-08-01 10:06:53: ◇ injected env (0) from .env // tip: ⌘ multiple files { path: ['.env.local', '.env'] }
2026-08-01 10:06:53: 3. About to listen on 5000
2026-08-01 10:06:56: ◇ injected env (0) from .env // tip: ⌘ enable debugging { debug: true }
2026-08-01 10:06:56: 3. About to listen on 5000
2026-08-01 10:06:59: ◇ injected env (0) from .env // tip: ⌘ override existing { override: true }
2026-08-01 10:06:59: 3. About to listen on 5000
2026-08-01 10:07:03: ◇ injected env (0) from .env // tip: ⌘ enable debugging { debug: true }
2026-08-01 10:07:03: 3. About to listen on 5000
2026-08-01 10:07:06: ◇ injected env (0) from .env // tip: ⌁ auth for agents [www.vestauth.com]
2026-08-01 10:07:06: 3. About to listen on 5000
2026-08-01 10:07:09: ◇ injected env (0) from .env // tip: ◈ encrypted .env [www.dotenvx.com]
2026-08-01 10:07:09: 3. About to listen on 5000
2026-08-01 10:07:12: ◇ injected env (0) from .env // tip: ◈ encrypted .env [www.dotenvx.com]
2026-08-01 10:07:12: 3. About to listen on 5000
2026-08-01 10:07:16: ◇ injected env (0) from .env // tip: ◈ encrypted .env [www.dotenvx.com]
2026-08-01 10:07:16: 3. About to listen on 5000
2026-08-01 10:07:19: ◇ injected env (0) from .env // tip: ⌘ custom filepath { path: '/custom/path/.env' }
2026-08-01 10:07:19: 3. About to listen on 5000
2026-08-01 10:07:22: ◇ injected env (0) from .env // tip: ⌘ multiple files { path: ['.env.local', '.env'] }
2026-08-01 10:07:22: 3. About to listen on 5000
2026-08-01 10:07:25: ◇ injected env (0) from .env // tip: ⌘ custom filepath { path: '/custom/path/.env' }
2026-08-01 10:07:26: 3. About to listen on 5000
2026-08-01 10:07:29: ◇ injected env (0) from .env // tip: ⌘ suppress logs { quiet: true }
2026-08-01 10:07:29: 3. About to listen on 5000
2026-08-01 10:07:32: ◇ injected env (0) from .env // tip: ⌁ auth for agents [www.vestauth.com]
2026-08-01 10:07:32: 3. About to listen on 5000
2026-08-01 10:07:35: ◇ injected env (0) from .env // tip: ⌁ auth for agents [www.vestauth.com]
2026-08-01 10:07:35: 3. About to listen on 5000
2026-08-01 10:07:39: ◇ injected env (0) from .env // tip: ⌘ suppress logs { quiet: true }
2026-08-01 10:07:39: 3. About to listen on 5000
2026-08-01 10:07:42: ◇ injected env (0) from .env // tip: ⌁ auth for agents [www.vestauth.com]
2026-08-01 10:07:42: 3. About to listen on 5000
2026-08-01 10:07:45: ◇ injected env (0) from .env // tip: ⌘ custom filepath { path: '/custom/path/.env' }
2026-08-01 10:07:45: 3. About to listen on 5000
2026-08-01 10:07:48: ◇ injected env (0) from .env // tip: ⌘ override existing { override: true }
2026-08-01 10:07:48: 3. About to listen on 5000
2026-08-01 10:07:52: ◇ injected env (0) from .env // tip: ⌘ custom filepath { path: '/custom/path/.env' }
2026-08-01 10:07:52: 3. About to listen on 5000
2026-08-01 10:07:55: ◇ injected env (0) from .env // tip: ⌘ enable debugging { debug: true }
2026-08-01 10:07:55: 3. About to listen on 5000
2026-08-01 10:07:58: ◇ injected env (0) from .env // tip: ◈ secrets for agents [www.dotenvx.com]
2026-08-01 10:07:58: 3. About to listen on 5000
2026-08-01 10:08:01: ◇ injected env (0) from .env // tip: ◈ secrets for agents [www.dotenvx.com]
2026-08-01 10:08:01: 3. About to listen on 5000
2026-08-01 10:08:05: ◇ injected env (0) from .env // tip: ⌘ suppress logs { quiet: true }
2026-08-01 10:08:05: 3. About to listen on 5000
2026-08-01 10:08:08: ◇ injected env (0) from .env // tip: ⌘ suppress logs { quiet: true }
2026-08-01 10:08:08: 3. About to listen on 5000
2026-08-01 10:08:11: ◇ injected env (0) from .env // tip: ⌘ custom filepath { path: '/custom/path/.env' }
2026-08-01 10:08:11: 3. About to listen on 5000
2026-08-01 10:08:15: ◇ injected env (0) from .env // tip: ⌘ multiple files { path: ['.env.local', '.env'] }
2026-08-01 10:08:15: 3. About to listen on 5000
2026-08-01 10:08:18: ◇ injected env (0) from .env // tip: ⌁ auth for agents [www.vestauth.com]
2026-08-01 10:08:18: 3. About to listen on 5000
2026-08-01 10:08:21: ◇ injected env (0) from .env // tip: ⌘ enable debugging { debug: true }
2026-08-01 10:08:21: 3. About to listen on 5000
2026-08-01 10:08:24: ◇ injected env (0) from .env // tip: ◈ secrets for agents [www.dotenvx.com]
2026-08-01 10:08:24: 3. About to listen on 5000
2026-08-01 10:08:28: ◇ injected env (0) from .env // tip: ⌁ auth for agents [www.vestauth.com]
2026-08-01 10:08:28: 3. About to listen on 5000
2026-08-01 10:08:31: ◇ injected env (0) from .env // tip: ⌁ auth for agents [www.vestauth.com]
2026-08-01 10:08:31: 3. About to listen on 5000
2026-08-01 10:08:34: ◇ injected env (0) from .env // tip: ⌘ custom filepath { path: '/custom/path/.env' }
2026-08-01 10:08:34: 3. About to listen on 5000
2026-08-01 10:08:37: ◇ injected env (0) from .env // tip: ⌘ override existing { override: true }
2026-08-01 10:08:37: 3. About to listen on 5000
2026-08-01 10:08:41: ◇ injected env (0) from .env // tip: ⌘ custom filepath { path: '/custom/path/.env' }
2026-08-01 10:08:41: 3. About to listen on 5000
2026-08-01 10:08:44: ◇ injected env (0) from .env // tip: ⌘ multiple files { path: ['.env.local', '.env'] }
2026-08-01 10:08:44: 3. About to listen on 5000
2026-08-01 10:08:47: ◇ injected env (0) from .env // tip: ⌘ enable debugging { debug: true }
2026-08-01 10:08:47: 3. About to listen on 5000
2026-08-01 10:08:51: ◇ injected env (0) from .env // tip: ⌁ auth for agents [www.vestauth.com]
2026-08-01 10:08:51: 3. About to listen on 5000
2026-08-01 10:08:54: ◇ injected env (0) from .env // tip: ◈ secrets for agents [www.dotenvx.com]
2026-08-01 10:08:54: 3. About to listen on 5000
2026-08-01 10:08:57: ◇ injected env (0) from .env // tip: ⌘ custom filepath { path: '/custom/path/.env' }
2026-08-01 10:08:57: 3. About to listen on 5000
2026-08-01 10:09:00: ◇ injected env (0) from .env // tip: ⌘ suppress logs { quiet: true }
2026-08-01 10:09:00: 3. About to listen on 5000
2026-08-01 10:09:04: ◇ injected env (0) from .env // tip: ⌁ auth for agents [www.vestauth.com]
2026-08-01 10:09:04: 3. About to listen on 5000
2026-08-01 10:09:07: ◇ injected env (0) from .env // tip: ⌁ auth for agents [www.vestauth.com]
2026-08-01 10:09:07: 3. About to listen on 5000
2026-08-01 10:09:10: ◇ injected env (0) from .env // tip: ⌘ custom filepath { path: '/custom/path/.env' }
2026-08-01 10:09:10: 3. About to listen on 5000
2026-08-01 10:09:13: ◇ injected env (0) from .env // tip: ⌘ suppress logs { quiet: true }
2026-08-01 10:09:13: 3. About to listen on 5000
2026-08-01 10:09:17: ◇ injected env (0) from .env // tip: ⌁ auth for agents [www.vestauth.com]
2026-08-01 10:09:17: 3. About to listen on 5000
2026-08-01 10:09:20: ◇ injected env (0) from .env // tip: ◈ encrypted .env [www.dotenvx.com]
2026-08-01 10:09:20: 3. About to listen on 5000
2026-08-01 10:09:23: ◇ injected env (0) from .env // tip: ⌘ multiple files { path: ['.env.local', '.env'] }
2026-08-01 10:09:23: 3. About to listen on 5000
2026-08-01 10:09:27: ◇ injected env (0) from .env // tip: ⌘ multiple files { path: ['.env.local', '.env'] }
2026-08-01 10:09:27: 3. About to listen on 5000
2026-08-01 10:09:30: ◇ injected env (0) from .env // tip: ⌘ suppress logs { quiet: true }
2026-08-01 10:09:30: 3. About to listen on 5000
2026-08-01 10:09:33: ◇ injected env (0) from .env // tip: ⌘ override existing { override: true }
2026-08-01 10:09:33: 3. About to listen on 5000
2026-08-01 10:09:36: ◇ injected env (0) from .env // tip: ◈ secrets for agents [www.dotenvx.com]
2026-08-01 10:09:36: 3. About to listen on 5000
2026-08-01 10:09:40: ◇ injected env (0) from .env // tip: ⌘ enable debugging { debug: true }
2026-08-01 10:09:40: 3. About to listen on 5000
2026-08-01 10:09:43: ◇ injected env (0) from .env // tip: ◈ encrypted .env [www.dotenvx.com]
2026-08-01 10:09:43: 3. About to listen on 5000
2026-08-01 10:09:46: ◇ injected env (0) from .env // tip: ⌘ multiple files { path: ['.env.local', '.env'] }
2026-08-01 10:09:46: 3. About to listen on 5000
2026-08-01 10:09:49: ◇ injected env (0) from .env // tip: ◈ encrypted .env [www.dotenvx.com]
2026-08-01 10:09:49: 3. About to listen on 5000
2026-08-01 10:09:53: ◇ injected env (0) from .env // tip: ◈ encrypted .env [www.dotenvx.com]
2026-08-01 10:09:53: 3. About to listen on 5000
2026-08-01 10:09:56: ◇ injected env (0) from .env // tip: ◈ encrypted .env [www.dotenvx.com]
2026-08-01 10:09:56: 3. About to listen on 5000
2026-08-01 10:09:59: ◇ injected env (0) from .env // tip: ◈ encrypted .env [www.dotenvx.com]
2026-08-01 10:09:59: 3. About to listen on 5000
2026-08-01 10:10:03: ◇ injected env (0) from .env // tip: ◈ secrets for agents [www.dotenvx.com]
2026-08-01 10:10:03: 3. About to listen on 5000
2026-08-01 10:10:06: ◇ injected env (0) from .env // tip: ⌁ auth for agents [www.vestauth.com]
2026-08-01 10:10:06: 3. About to listen on 5000
2026-08-01 10:10:09: ◇ injected env (0) from .env // tip: ◈ secrets for agents [www.dotenvx.com]
2026-08-01 10:10:09: 3. About to listen on 5000
2026-08-01 10:10:12: ◇ injected env (0) from .env // tip: ⌁ auth for agents [www.vestauth.com]
2026-08-01 10:10:12: 3. About to listen on 5000
2026-08-01 10:10:16: ◇ injected env (0) from .env // tip: ◈ secrets for agents [www.dotenvx.com]
2026-08-01 10:10:16: 3. About to listen on 5000
2026-08-01 10:10:19: ◇ injected env (0) from .env // tip: ⌘ enable debugging { debug: true }
2026-08-01 10:10:19: 3. About to listen on 5000
2026-08-01 10:10:22: ◇ injected env (0) from .env // tip: ⌁ auth for agents [www.vestauth.com]
2026-08-01 10:10:22: 3. About to listen on 5000
2026-08-01 10:10:25: ◇ injected env (0) from .env // tip: ◈ encrypted .env [www.dotenvx.com]
2026-08-01 10:10:25: 3. About to listen on 5000
2026-08-01 10:10:29: ◇ injected env (0) from .env // tip: ⌘ suppress logs { quiet: true }
2026-08-01 10:10:29: 3. About to listen on 5000
2026-08-01 10:10:32: ◇ injected env (0) from .env // tip: ◈ secrets for agents [www.dotenvx.com]
2026-08-01 10:10:32: 3. About to listen on 5000
2026-08-01 10:10:35: ◇ injected env (0) from .env // tip: ⌘ enable debugging { debug: true }
2026-08-01 10:10:35: 3. About to listen on 5000
2026-08-01 10:10:39: ◇ injected env (0) from .env // tip: ⌘ suppress logs { quiet: true }
2026-08-01 10:10:39: 3. About to listen on 5000
2026-08-01 10:10:42: ◇ injected env (0) from .env // tip: ⌘ custom filepath { path: '/custom/path/.env' }
2026-08-01 10:10:42: 3. About to listen on 5000
2026-08-01 10:10:45: ◇ injected env (0) from .env // tip: ⌘ multiple files { path: ['.env.local', '.env'] }
2026-08-01 10:10:45: 3. About to listen on 5000
2026-08-01 10:10:48: ◇ injected env (0) from .env // tip: ⌘ override existing { override: true }
2026-08-01 10:10:48: 3. About to listen on 5000
2026-08-01 10:10:52: ◇ injected env (0) from .env // tip: ⌁ auth for agents [www.vestauth.com]
2026-08-01 10:10:52: 3. About to listen on 5000
2026-08-01 10:10:55: ◇ injected env (0) from .env // tip: ⌘ suppress logs { quiet: true }
2026-08-01 10:10:55: 3. About to listen on 5000
2026-08-01 10:10:58: ◇ injected env (0) from .env // tip: ⌘ enable debugging { debug: true }
2026-08-01 10:10:58: 3. About to listen on 5000
2026-08-01 10:11:01: ◇ injected env (0) from .env // tip: ⌘ custom filepath { path: '/custom/path/.env' }
2026-08-01 10:11:01: 3. About to listen on 5000
2026-08-01 10:11:05: ◇ injected env (0) from .env // tip: ⌘ enable debugging { debug: true }
2026-08-01 10:11:05: 3. About to listen on 5000
2026-08-01 10:11:08: ◇ injected env (0) from .env // tip: ⌘ suppress logs { quiet: true }
2026-08-01 10:11:08: 3. About to listen on 5000
2026-08-01 10:11:11: ◇ injected env (0) from .env // tip: ⌘ suppress logs { quiet: true }
2026-08-01 10:11:11: 3. About to listen on 5000
2026-08-01 10:11:15: ◇ injected env (0) from .env // tip: ⌘ custom filepath { path: '/custom/path/.env' }
2026-08-01 10:11:15: 3. About to listen on 5000
2026-08-01 10:11:18: ◇ injected env (0) from .env // tip: ◈ encrypted .env [www.dotenvx.com]
2026-08-01 10:11:18: 3. About to listen on 5000
2026-08-01 10:11:21: ◇ injected env (0) from .env // tip: ⌘ enable debugging { debug: true }
2026-08-01 10:11:21: 3. About to listen on 5000
2026-08-01 10:11:24: ◇ injected env (0) from .env // tip: ⌘ override existing { override: true }
2026-08-01 10:11:24: 3. About to listen on 5000
2026-08-01 10:11:28: ◇ injected env (0) from .env // tip: ⌘ custom filepath { path: '/custom/path/.env' }
2026-08-01 10:11:28: 3. About to listen on 5000
2026-08-01 10:11:31: ◇ injected env (0) from .env // tip: ◈ encrypted .env [www.dotenvx.com]
2026-08-01 10:11:31: 3. About to listen on 5000
2026-08-01 10:11:34: ◇ injected env (0) from .env // tip: ⌁ auth for agents [www.vestauth.com]
2026-08-01 10:11:34: 3. About to listen on 5000
2026-08-01 10:11:37: ◇ injected env (0) from .env // tip: ⌘ multiple files { path: ['.env.local', '.env'] }
2026-08-01 10:11:37: 3. About to listen on 5000
2026-08-01 10:11:41: ◇ injected env (0) from .env // tip: ◈ secrets for agents [www.dotenvx.com]
2026-08-01 10:11:41: 3. About to listen on 5000
2026-08-01 10:11:44: ◇ injected env (0) from .env // tip: ⌁ auth for agents [www.vestauth.com]
2026-08-01 10:11:44: 3. About to listen on 5000
2026-08-01 10:11:47: ◇ injected env (0) from .env // tip: ◈ encrypted .env [www.dotenvx.com]
2026-08-01 10:11:47: 3. About to listen on 5000
2026-08-01 10:11:51: ◇ injected env (0) from .env // tip: ⌘ multiple files { path: ['.env.local', '.env'] }
2026-08-01 10:11:51: 3. About to listen on 5000
2026-08-01 10:11:54: ◇ injected env (0) from .env // tip: ⌘ override existing { override: true }
2026-08-01 10:11:54: 3. About to listen on 5000
2026-08-01 10:11:57: ◇ injected env (0) from .env // tip: ⌘ custom filepath { path: '/custom/path/.env' }
2026-08-01 10:11:57: 3. About to listen on 5000
2026-08-01 10:12:00: ◇ injected env (0) from .env // tip: ◈ encrypted .env [www.dotenvx.com]
2026-08-01 10:12:00: 3. About to listen on 5000
2026-08-01 10:12:04: ◇ injected env (0) from .env // tip: ◈ secrets for agents [www.dotenvx.com]
2026-08-01 10:12:04: 3. About to listen on 5000
2026-08-01 10:12:07: ◇ injected env (0) from .env // tip: ⌘ multiple files { path: ['.env.local', '.env'] }
2026-08-01 10:12:07: 3. About to listen on 5000
2026-08-01 10:12:10: ◇ injected env (0) from .env // tip: ⌘ multiple files { path: ['.env.local', '.env'] }
2026-08-01 10:12:10: 3. About to listen on 5000
2026-08-01 10:12:13: ◇ injected env (0) from .env // tip: ⌘ override existing { override: true }
2026-08-01 10:12:13: 3. About to listen on 5000
2026-08-01 10:12:17: ◇ injected env (0) from .env // tip: ⌘ multiple files { path: ['.env.local', '.env'] }
2026-08-01 10:12:17: 3. About to listen on 5000
2026-08-01 10:12:20: ◇ injected env (0) from .env // tip: ◈ secrets for agents [www.dotenvx.com]
2026-08-01 10:12:20: 3. About to listen on 5000
2026-08-01 10:12:23: ◇ injected env (0) from .env // tip: ⌘ override existing { override: true }
2026-08-01 10:12:23: 3. About to listen on 5000
2026-08-01 10:12:26: ◇ injected env (0) from .env // tip: ◈ encrypted .env [www.dotenvx.com]
2026-08-01 10:12:27: 3. About to listen on 5000
2026-08-01 10:12:30: ◇ injected env (0) from .env // tip: ◈ encrypted .env [www.dotenvx.com]
2026-08-01 10:12:30: 3. About to listen on 5000
2026-08-01 10:12:33: ◇ injected env (0) from .env // tip: ◈ secrets for agents [www.dotenvx.com]
2026-08-01 10:12:33: 3. About to listen on 5000
2026-08-01 10:12:36: ◇ injected env (0) from .env // tip: ⌘ enable debugging { debug: true }
2026-08-01 10:12:36: 3. About to listen on 5000
2026-08-01 10:12:40: ◇ injected env (0) from .env // tip: ◈ encrypted .env [www.dotenvx.com]
2026-08-01 10:12:40: 3. About to listen on 5000
2026-08-01 10:12:43: ◇ injected env (0) from .env // tip: ⌘ override existing { override: true }
2026-08-01 10:12:43: 3. About to listen on 5000
2026-08-01 10:12:46: ◇ injected env (0) from .env // tip: ⌁ auth for agents [www.vestauth.com]
2026-08-01 10:12:46: 3. About to listen on 5000
2026-08-01 10:12:49: ◇ injected env (0) from .env // tip: ⌘ override existing { override: true }
2026-08-01 10:12:49: 3. About to listen on 5000
2026-08-01 10:12:53: ◇ injected env (0) from .env // tip: ⌘ suppress logs { quiet: true }
2026-08-01 10:12:53: 3. About to listen on 5000
2026-08-01 10:12:56: ◇ injected env (0) from .env // tip: ◈ encrypted .env [www.dotenvx.com]
2026-08-01 10:12:56: 3. About to listen on 5000
2026-08-01 10:12:59: ◇ injected env (0) from .env // tip: ⌁ auth for agents [www.vestauth.com]
2026-08-01 10:12:59: 3. About to listen on 5000
2026-08-01 10:13:02: ◇ injected env (0) from .env // tip: ◈ encrypted .env [www.dotenvx.com]
2026-08-01 10:13:02: 3. About to listen on 5000
2026-08-01 10:13:06: ◇ injected env (0) from .env // tip: ⌘ suppress logs { quiet: true }
2026-08-01 10:13:06: 3. About to listen on 5000
2026-08-01 10:13:09: ◇ injected env (0) from .env // tip: ⌁ auth for agents [www.vestauth.com]
2026-08-01 10:13:09: 3. About to listen on 5000
2026-08-01 10:13:12: ◇ injected env (0) from .env // tip: ⌘ override existing { override: true }
2026-08-01 10:13:12: 3. About to listen on 5000
2026-08-01 10:13:16: ◇ injected env (0) from .env // tip: ⌘ override existing { override: true }
2026-08-01 10:13:16: 3. About to listen on 5000
2026-08-01 10:13:19: ◇ injected env (0) from .env // tip: ◈ secrets for agents [www.dotenvx.com]
2026-08-01 10:13:19: 3. About to listen on 5000
2026-08-01 10:13:22: ◇ injected env (0) from .env // tip: ⌘ custom filepath { path: '/custom/path/.env' }
2026-08-01 10:13:22: 3. About to listen on 5000
2026-08-01 10:13:25: ◇ injected env (0) from .env // tip: ⌘ suppress logs { quiet: true }
2026-08-01 10:13:25: 3. About to listen on 5000
2026-08-01 10:13:29: ◇ injected env (0) from .env // tip: ◈ encrypted .env [www.dotenvx.com]
2026-08-01 10:13:29: 3. About to listen on 5000
2026-08-01 10:13:32: ◇ injected env (0) from .env // tip: ⌘ multiple files { path: ['.env.local', '.env'] }
2026-08-01 10:13:32: 3. About to listen on 5000
2026-08-01 10:13:35: ◇ injected env (0) from .env // tip: ⌘ override existing { override: true }
2026-08-01 10:13:35: 3. About to listen on 5000
2026-08-01 10:13:38: ◇ injected env (0) from .env // tip: ⌘ custom filepath { path: '/custom/path/.env' }
2026-08-01 10:13:38: 3. About to listen on 5000
2026-08-01 10:13:42: ◇ injected env (0) from .env // tip: ⌘ multiple files { path: ['.env.local', '.env'] }
2026-08-01 10:13:42: 3. About to listen on 5000
2026-08-01 10:13:45: ◇ injected env (0) from .env // tip: ⌘ suppress logs { quiet: true }
2026-08-01 10:13:45: 3. About to listen on 5000
2026-08-01 10:13:48: ◇ injected env (0) from .env // tip: ⌘ suppress logs { quiet: true }
2026-08-01 10:13:48: 3. About to listen on 5000
2026-08-01 10:13:51: ◇ injected env (0) from .env // tip: ⌘ custom filepath { path: '/custom/path/.env' }
2026-08-01 10:13:52: 3. About to listen on 5000
2026-08-01 10:13:55: ◇ injected env (0) from .env // tip: ◈ secrets for agents [www.dotenvx.com]
2026-08-01 10:13:55: 3. About to listen on 5000
2026-08-01 10:13:58: ◇ injected env (0) from .env // tip: ⌘ enable debugging { debug: true }
2026-08-01 10:13:58: 3. About to listen on 5000
2026-08-01 10:14:01: ◇ injected env (0) from .env // tip: ⌁ auth for agents [www.vestauth.com]
2026-08-01 10:14:01: 3. About to listen on 5000
2026-08-01 10:14:05: ◇ injected env (0) from .env // tip: ⌘ suppress logs { quiet: true }
2026-08-01 10:14:05: 3. About to listen on 5000
2026-08-01 10:14:08: ◇ injected env (0) from .env // tip: ⌘ suppress logs { quiet: true }
2026-08-01 10:14:08: 3. About to listen on 5000
2026-08-01 10:14:11: ◇ injected env (0) from .env // tip: ⌁ auth for agents [www.vestauth.com]
2026-08-01 10:14:11: 3. About to listen on 5000
2026-08-01 10:14:14: ◇ injected env (0) from .env // tip: ⌘ enable debugging { debug: true }
2026-08-01 10:14:14: 3. About to listen on 5000
2026-08-01 10:14:18: ◇ injected env (0) from .env // tip: ⌘ custom filepath { path: '/custom/path/.env' }
2026-08-01 10:14:18: 3. About to listen on 5000
2026-08-01 10:14:21: ◇ injected env (0) from .env // tip: ⌘ suppress logs { quiet: true }
2026-08-01 10:14:21: 3. About to listen on 5000
2026-08-01 10:14:24: ◇ injected env (0) from .env // tip: ⌘ override existing { override: true }
2026-08-01 10:14:24: 3. About to listen on 5000
2026-08-01 10:14:27: ◇ injected env (0) from .env // tip: ◈ encrypted .env [www.dotenvx.com]
2026-08-01 10:14:27: 3. About to listen on 5000
2026-08-01 10:14:31: ◇ injected env (0) from .env // tip: ⌘ override existing { override: true }
2026-08-01 10:14:31: 3. About to listen on 5000
2026-08-01 10:14:34: ◇ injected env (0) from .env // tip: ⌘ override existing { override: true }
2026-08-01 10:14:34: 3. About to listen on 5000
2026-08-01 10:14:37: ◇ injected env (0) from .env // tip: ◈ secrets for agents [www.dotenvx.com]
2026-08-01 10:14:37: 3. About to listen on 5000
2026-08-01 10:14:41: ◇ injected env (0) from .env // tip: ⌘ custom filepath { path: '/custom/path/.env' }
2026-08-01 10:14:41: 3. About to listen on 5000
2026-08-01 10:14:44: ◇ injected env (0) from .env // tip: ⌘ enable debugging { debug: true }
2026-08-01 10:14:44: 3. About to listen on 5000
2026-08-01 10:14:47: ◇ injected env (0) from .env // tip: ⌘ multiple files { path: ['.env.local', '.env'] }
2026-08-01 10:14:47: 3. About to listen on 5000
2026-08-01 10:14:50: ◇ injected env (0) from .env // tip: ⌘ multiple files { path: ['.env.local', '.env'] }
2026-08-01 10:14:50: 3. About to listen on 5000
2026-08-01 10:14:54: ◇ injected env (0) from .env // tip: ◈ secrets for agents [www.dotenvx.com]
2026-08-01 10:14:54: 3. About to listen on 5000
2026-08-01 10:14:57: ◇ injected env (0) from .env // tip: ◈ secrets for agents [www.dotenvx.com]
2026-08-01 10:14:57: 3. About to listen on 5000
2026-08-01 10:15:00: ◇ injected env (0) from .env // tip: ⌘ multiple files { path: ['.env.local', '.env'] }
2026-08-01 10:15:00: 3. About to listen on 5000
2026-08-01 10:15:03: ◇ injected env (0) from .env // tip: ⌘ override existing { override: true }
2026-08-01 10:15:03: 3. About to listen on 5000
2026-08-01 10:15:07: ◇ injected env (0) from .env // tip: ◈ encrypted .env [www.dotenvx.com]
2026-08-01 10:15:07: 3. About to listen on 5000
2026-08-01 10:15:10: ◇ injected env (0) from .env // tip: ⌘ multiple files { path: ['.env.local', '.env'] }
2026-08-01 10:15:10: 3. About to listen on 5000
2026-08-01 10:15:13: ◇ injected env (0) from .env // tip: ⌘ suppress logs { quiet: true }
2026-08-01 10:15:13: 3. About to listen on 5000
2026-08-01 10:15:16: ◇ injected env (0) from .env // tip: ⌁ auth for agents [www.vestauth.com]
2026-08-01 10:15:16: 3. About to listen on 5000
2026-08-01 10:15:20: ◇ injected env (0) from .env // tip: ⌘ override existing { override: true }
2026-08-01 10:15:20: 3. About to listen on 5000
2026-08-01 10:15:23: ◇ injected env (0) from .env // tip: ◈ encrypted .env [www.dotenvx.com]
2026-08-01 10:15:23: 3. About to listen on 5000
2026-08-01 10:15:26: ◇ injected env (0) from .env // tip: ⌘ suppress logs { quiet: true }
2026-08-01 10:15:26: 3. About to listen on 5000
2026-08-01 10:15:30: ◇ injected env (0) from .env // tip: ◈ secrets for agents [www.dotenvx.com]
2026-08-01 10:15:30: 3. About to listen on 5000
2026-08-01 10:15:33: ◇ injected env (0) from .env // tip: ◈ secrets for agents [www.dotenvx.com]
2026-08-01 10:15:33: 3. About to listen on 5000
2026-08-01 10:15:36: ◇ injected env (0) from .env // tip: ◈ encrypted .env [www.dotenvx.com]
2026-08-01 10:15:36: 3. About to listen on 5000
2026-08-01 10:15:39: ◇ injected env (0) from .env // tip: ⌘ override existing { override: true }
2026-08-01 10:15:39: 3. About to listen on 5000
2026-08-01 10:15:43: ◇ injected env (0) from .env // tip: ⌘ suppress logs { quiet: true }
2026-08-01 10:15:43: 3. About to listen on 5000
2026-08-01 10:15:46: ◇ injected env (0) from .env // tip: ◈ secrets for agents [www.dotenvx.com]
2026-08-01 10:15:46: 3. About to listen on 5000
2026-08-01 10:15:49: ◇ injected env (0) from .env // tip: ⌘ suppress logs { quiet: true }
2026-08-01 10:15:49: 3. About to listen on 5000
2026-08-01 10:15:52: ◇ injected env (0) from .env // tip: ⌘ override existing { override: true }
2026-08-01 10:15:52: 3. About to listen on 5000
2026-08-01 10:15:56: ◇ injected env (0) from .env // tip: ⌘ enable debugging { debug: true }
2026-08-01 10:15:56: 3. About to listen on 5000
2026-08-01 10:15:59: ◇ injected env (0) from .env // tip: ⌘ custom filepath { path: '/custom/path/.env' }
2026-08-01 10:15:59: 3. About to listen on 5000
2026-08-01 10:16:02: ◇ injected env (0) from .env // tip: ⌘ override existing { override: true }
2026-08-01 10:16:02: 3. About to listen on 5000
2026-08-01 10:16:06: ◇ injected env (0) from .env // tip: ⌘ enable debugging { debug: true }
2026-08-01 10:16:06: 3. About to listen on 5000
2026-08-01 10:16:09: ◇ injected env (0) from .env // tip: ⌁ auth for agents [www.vestauth.com]
2026-08-01 10:16:09: 3. About to listen on 5000
2026-08-01 10:16:12: ◇ injected env (0) from .env // tip: ⌘ override existing { override: true }
2026-08-01 10:16:12: 3. About to listen on 5000
2026-08-01 10:16:15: ◇ injected env (0) from .env // tip: ⌘ custom filepath { path: '/custom/path/.env' }
2026-08-01 10:16:15: 3. About to listen on 5000
2026-08-01 10:16:19: ◇ injected env (0) from .env // tip: ◈ secrets for agents [www.dotenvx.com]
2026-08-01 10:16:19: 3. About to listen on 5000
2026-08-01 10:16:22: ◇ injected env (0) from .env // tip: ◈ secrets for agents [www.dotenvx.com]
2026-08-01 10:16:22: 3. About to listen on 5000
2026-08-01 10:16:25: ◇ injected env (0) from .env // tip: ⌘ override existing { override: true }
2026-08-01 10:16:25: 3. About to listen on 5000
2026-08-01 10:16:28: ◇ injected env (0) from .env // tip: ⌘ suppress logs { quiet: true }
2026-08-01 10:16:28: 3. About to listen on 5000
2026-08-01 10:16:32: ◇ injected env (0) from .env // tip: ⌘ suppress logs { quiet: true }
2026-08-01 10:16:32: 3. About to listen on 5000
2026-08-01 10:16:35: ◇ injected env (0) from .env // tip: ⌘ enable debugging { debug: true }
2026-08-01 10:16:35: 3. About to listen on 5000
2026-08-01 10:16:38: ◇ injected env (0) from .env // tip: ⌘ multiple files { path: ['.env.local', '.env'] }
2026-08-01 10:16:38: 3. About to listen on 5000
2026-08-01 10:16:42: ◇ injected env (0) from .env // tip: ⌘ enable debugging { debug: true }
2026-08-01 10:16:42: 3. About to listen on 5000
2026-08-01 10:16:45: ◇ injected env (0) from .env // tip: ⌁ auth for agents [www.vestauth.com]
2026-08-01 10:16:45: 3. About to listen on 5000
2026-08-01 10:16:48: ◇ injected env (0) from .env // tip: ◈ encrypted .env [www.dotenvx.com]
2026-08-01 10:16:48: 3. About to listen on 5000
2026-08-01 10:16:51: ◇ injected env (0) from .env // tip: ⌘ override existing { override: true }
2026-08-01 10:16:51: 3. About to listen on 5000
2026-08-01 10:16:55: ◇ injected env (0) from .env // tip: ⌘ multiple files { path: ['.env.local', '.env'] }
2026-08-01 10:16:55: 3. About to listen on 5000
2026-08-01 10:16:58: ◇ injected env (0) from .env // tip: ⌘ override existing { override: true }
2026-08-01 10:16:58: 3. About to listen on 5000
2026-08-01 10:17:01: ◇ injected env (0) from .env // tip: ⌘ suppress logs { quiet: true }
2026-08-01 10:17:01: 3. About to listen on 5000
2026-08-01 10:17:04: ◇ injected env (0) from .env // tip: ⌘ multiple files { path: ['.env.local', '.env'] }
2026-08-01 10:17:04: 3. About to listen on 5000
2026-08-01 10:17:08: ◇ injected env (0) from .env // tip: ⌘ enable debugging { debug: true }
2026-08-01 10:17:08: 3. About to listen on 5000
2026-08-01 10:17:11: ◇ injected env (0) from .env // tip: ◈ secrets for agents [www.dotenvx.com]
2026-08-01 10:17:11: 3. About to listen on 5000
2026-08-01 10:17:14: ◇ injected env (0) from .env // tip: ⌁ auth for agents [www.vestauth.com]
2026-08-01 10:17:14: 3. About to listen on 5000
2026-08-01 10:17:18: ◇ injected env (0) from .env // tip: ⌁ auth for agents [www.vestauth.com]
2026-08-01 10:17:18: 3. About to listen on 5000
2026-08-01 10:17:21: ◇ injected env (0) from .env // tip: ⌘ custom filepath { path: '/custom/path/.env' }
2026-08-01 10:17:21: 3. About to listen on 5000
2026-08-01 10:17:24: ◇ injected env (0) from .env // tip: ⌘ enable debugging { debug: true }
2026-08-01 10:17:24: 3. About to listen on 5000
2026-08-01 10:17:27: ◇ injected env (0) from .env // tip: ⌘ override existing { override: true }
2026-08-01 10:17:27: 3. About to listen on 5000
2026-08-01 10:17:31: ◇ injected env (0) from .env // tip: ⌘ multiple files { path: ['.env.local', '.env'] }
2026-08-01 10:17:31: 3. About to listen on 5000
2026-08-01 10:17:34: ◇ injected env (0) from .env // tip: ⌘ suppress logs { quiet: true }
2026-08-01 10:17:34: 3. About to listen on 5000
2026-08-01 10:17:37: ◇ injected env (0) from .env // tip: ⌘ override existing { override: true }
2026-08-01 10:17:37: 3. About to listen on 5000
2026-08-01 10:17:40: ◇ injected env (0) from .env // tip: ◈ encrypted .env [www.dotenvx.com]
2026-08-01 10:17:40: 3. About to listen on 5000
2026-08-01 10:17:44: ◇ injected env (0) from .env // tip: ⌘ custom filepath { path: '/custom/path/.env' }
2026-08-01 10:17:44: 3. About to listen on 5000
2026-08-01 10:17:47: ◇ injected env (0) from .env // tip: ◈ encrypted .env [www.dotenvx.com]
2026-08-01 10:17:47: 3. About to listen on 5000
2026-08-01 10:17:50: ◇ injected env (0) from .env // tip: ⌘ enable debugging { debug: true }
2026-08-01 10:17:50: 3. About to listen on 5000
2026-08-01 10:17:54: ◇ injected env (0) from .env // tip: ⌘ suppress logs { quiet: true }
2026-08-01 10:17:54: 3. About to listen on 5000
2026-08-01 10:17:57: ◇ injected env (0) from .env // tip: ⌘ custom filepath { path: '/custom/path/.env' }
2026-08-01 10:17:57: 3. About to listen on 5000
2026-08-01 10:18:00: ◇ injected env (0) from .env // tip: ◈ encrypted .env [www.dotenvx.com]
2026-08-01 10:18:00: 3. About to listen on 5000
2026-08-01 10:18:03: ◇ injected env (0) from .env // tip: ⌘ multiple files { path: ['.env.local', '.env'] }
2026-08-01 10:18:03: 3. About to listen on 5000
2026-08-01 10:18:07: ◇ injected env (0) from .env // tip: ◈ secrets for agents [www.dotenvx.com]
2026-08-01 10:18:07: 3. About to listen on 5000
2026-08-01 10:18:10: ◇ injected env (0) from .env // tip: ⌘ custom filepath { path: '/custom/path/.env' }
2026-08-01 10:18:10: 3. About to listen on 5000
2026-08-01 10:18:13: ◇ injected env (0) from .env // tip: ⌘ suppress logs { quiet: true }
2026-08-01 10:18:13: 3. About to listen on 5000
2026-08-01 10:18:16: ◇ injected env (0) from .env // tip: ⌘ enable debugging { debug: true }
2026-08-01 10:18:16: 3. About to listen on 5000
2026-08-01 10:18:20: ◇ injected env (0) from .env // tip: ◈ encrypted .env [www.dotenvx.com]
2026-08-01 10:18:20: 3. About to listen on 5000
2026-08-01 10:18:23: ◇ injected env (0) from .env // tip: ◈ secrets for agents [www.dotenvx.com]
2026-08-01 10:18:23: 3. About to listen on 5000
2026-08-01 10:18:26: ◇ injected env (0) from .env // tip: ⌘ override existing { override: true }
2026-08-01 10:18:26: 3. About to listen on 5000
2026-08-01 10:18:30: ◇ injected env (0) from .env // tip: ⌁ auth for agents [www.vestauth.com]
2026-08-01 10:18:30: 3. About to listen on 5000
2026-08-01 10:18:33: ◇ injected env (0) from .env // tip: ⌘ suppress logs { quiet: true }
2026-08-01 10:18:33: 3. About to listen on 5000
2026-08-01 10:18:36: ◇ injected env (0) from .env // tip: ◈ encrypted .env [www.dotenvx.com]
2026-08-01 10:18:36: 3. About to listen on 5000
2026-08-01 10:18:39: ◇ injected env (0) from .env // tip: ◈ encrypted .env [www.dotenvx.com]
2026-08-01 10:18:39: 3. About to listen on 5000
2026-08-01 10:18:43: ◇ injected env (0) from .env // tip: ⌁ auth for agents [www.vestauth.com]
2026-08-01 10:18:43: 3. About to listen on 5000
2026-08-01 10:18:46: ◇ injected env (0) from .env // tip: ⌘ multiple files { path: ['.env.local', '.env'] }
2026-08-01 10:18:46: 3. About to listen on 5000
2026-08-01 10:18:49: ◇ injected env (0) from .env // tip: ⌘ suppress logs { quiet: true }
2026-08-01 10:18:49: 3. About to listen on 5000
2026-08-01 10:18:52: ◇ injected env (0) from .env // tip: ⌘ override existing { override: true }
2026-08-01 10:18:52: 3. About to listen on 5000
2026-08-01 10:18:56: ◇ injected env (0) from .env // tip: ⌘ suppress logs { quiet: true }
2026-08-01 10:18:56: 3. About to listen on 5000
2026-08-01 10:18:59: ◇ injected env (0) from .env // tip: ◈ secrets for agents [www.dotenvx.com]
2026-08-01 10:18:59: 3. About to listen on 5000
2026-08-01 10:19:02: ◇ injected env (0) from .env // tip: ⌘ suppress logs { quiet: true }
2026-08-01 10:19:02: 3. About to listen on 5000
2026-08-01 10:19:05: ◇ injected env (0) from .env // tip: ◈ encrypted .env [www.dotenvx.com]
2026-08-01 10:19:05: 3. About to listen on 5000
2026-08-01 10:19:09: ◇ injected env (0) from .env // tip: ⌘ multiple files { path: ['.env.local', '.env'] }
2026-08-01 10:19:09: 3. About to listen on 5000
2026-08-01 10:19:12: ◇ injected env (0) from .env // tip: ⌘ override existing { override: true }
2026-08-01 10:19:12: 3. About to listen on 5000
2026-08-01 10:19:15: ◇ injected env (0) from .env // tip: ⌘ custom filepath { path: '/custom/path/.env' }
2026-08-01 10:19:15: 3. About to listen on 5000
2026-08-01 10:19:19: ◇ injected env (0) from .env // tip: ⌘ enable debugging { debug: true }
2026-08-01 10:19:19: 3. About to listen on 5000
2026-08-01 10:19:22: ◇ injected env (0) from .env // tip: ⌘ multiple files { path: ['.env.local', '.env'] }
2026-08-01 10:19:22: 3. About to listen on 5000
2026-08-01 10:19:25: ◇ injected env (0) from .env // tip: ⌁ auth for agents [www.vestauth.com]
2026-08-01 10:19:25: 3. About to listen on 5000
2026-08-01 10:19:28: ◇ injected env (0) from .env // tip: ⌘ suppress logs { quiet: true }
2026-08-01 10:19:28: 3. About to listen on 5000
2026-08-01 10:19:32: ◇ injected env (0) from .env // tip: ⌘ multiple files { path: ['.env.local', '.env'] }
2026-08-01 10:19:32: 3. About to listen on 5000
2026-08-01 10:19:35: ◇ injected env (0) from .env // tip: ⌘ suppress logs { quiet: true }
2026-08-01 10:19:35: 3. About to listen on 5000
2026-08-01 10:19:38: ◇ injected env (0) from .env // tip: ⌘ override existing { override: true }
2026-08-01 10:19:38: 3. About to listen on 5000
2026-08-01 10:19:41: ◇ injected env (0) from .env // tip: ⌘ multiple files { path: ['.env.local', '.env'] }
2026-08-01 10:19:42: 3. About to listen on 5000
2026-08-01 10:19:45: ◇ injected env (0) from .env // tip: ⌘ custom filepath { path: '/custom/path/.env' }
2026-08-01 10:19:45: 3. About to listen on 5000
2026-08-01 10:19:48: ◇ injected env (0) from .env // tip: ⌘ suppress logs { quiet: true }
2026-08-01 10:19:48: 3. About to listen on 5000
2026-08-01 10:19:51: ◇ injected env (0) from .env // tip: ◈ encrypted .env [www.dotenvx.com]
2026-08-01 10:19:51: 3. About to listen on 5000
2026-08-01 10:19:55: ◇ injected env (0) from .env // tip: ◈ encrypted .env [www.dotenvx.com]
2026-08-01 10:19:55: 3. About to listen on 5000
2026-08-01 10:19:58: ◇ injected env (0) from .env // tip: ⌁ auth for agents [www.vestauth.com]
2026-08-01 10:19:58: 3. About to listen on 5000
2026-08-01 10:20:01: ◇ injected env (0) from .env // tip: ⌘ multiple files { path: ['.env.local', '.env'] }
2026-08-01 10:20:01: 3. About to listen on 5000
2026-08-01 10:20:04: ◇ injected env (0) from .env // tip: ⌘ custom filepath { path: '/custom/path/.env' }
2026-08-01 10:20:04: 3. About to listen on 5000
2026-08-01 10:20:08: ◇ injected env (0) from .env // tip: ◈ encrypted .env [www.dotenvx.com]
2026-08-01 10:20:08: 3. About to listen on 5000
2026-08-01 10:20:11: ◇ injected env (0) from .env // tip: ⌘ multiple files { path: ['.env.local', '.env'] }
2026-08-01 10:20:11: 3. About to listen on 5000
2026-08-01 10:20:14: ◇ injected env (0) from .env // tip: ⌘ override existing { override: true }
2026-08-01 10:20:14: 3. About to listen on 5000
2026-08-01 10:20:17: ◇ injected env (0) from .env // tip: ⌘ enable debugging { debug: true }
2026-08-01 10:20:17: 3. About to listen on 5000
2026-08-01 10:20:21: ◇ injected env (0) from .env // tip: ⌘ multiple files { path: ['.env.local', '.env'] }
2026-08-01 10:20:21: 3. About to listen on 5000
2026-08-01 10:20:24: ◇ injected env (0) from .env // tip: ⌁ auth for agents [www.vestauth.com]
2026-08-01 10:20:24: 3. About to listen on 5000
2026-08-01 10:20:27: ◇ injected env (0) from .env // tip: ◈ encrypted .env [www.dotenvx.com]
2026-08-01 10:20:27: 3. About to listen on 5000
2026-08-01 10:20:31: ◇ injected env (0) from .env // tip: ⌁ auth for agents [www.vestauth.com]
2026-08-01 10:20:31: 3. About to listen on 5000
2026-08-01 10:20:34: ◇ injected env (0) from .env // tip: ⌁ auth for agents [www.vestauth.com]
2026-08-01 10:20:34: 3. About to listen on 5000
2026-08-01 10:20:37: ◇ injected env (0) from .env // tip: ⌘ suppress logs { quiet: true }
2026-08-01 10:20:37: 3. About to listen on 5000
2026-08-01 10:20:40: ◇ injected env (0) from .env // tip: ⌘ enable debugging { debug: true }
2026-08-01 10:20:40: 3. About to listen on 5000
2026-08-01 10:20:44: ◇ injected env (0) from .env // tip: ⌘ override existing { override: true }
2026-08-01 10:20:44: 3. About to listen on 5000
2026-08-01 10:20:47: ◇ injected env (0) from .env // tip: ⌘ override existing { override: true }
2026-08-01 10:20:47: 3. About to listen on 5000
2026-08-01 10:20:50: ◇ injected env (0) from .env // tip: ⌘ override existing { override: true }
2026-08-01 10:20:50: 3. About to listen on 5000
2026-08-01 10:20:53: ◇ injected env (0) from .env // tip: ⌘ multiple files { path: ['.env.local', '.env'] }
2026-08-01 10:20:53: 3. About to listen on 5000
2026-08-01 10:20:57: ◇ injected env (0) from .env // tip: ⌘ suppress logs { quiet: true }
2026-08-01 10:20:57: 3. About to listen on 5000
2026-08-01 10:21:00: ◇ injected env (0) from .env // tip: ⌘ custom filepath { path: '/custom/path/.env' }
2026-08-01 10:21:00: 3. About to listen on 5000
2026-08-01 10:21:03: ◇ injected env (0) from .env // tip: ⌘ multiple files { path: ['.env.local', '.env'] }
2026-08-01 10:21:03: 3. About to listen on 5000
2026-08-01 10:21:07: ◇ injected env (0) from .env // tip: ⌘ suppress logs { quiet: true }
2026-08-01 10:21:07: 3. About to listen on 5000
2026-08-01 10:21:10: ◇ injected env (0) from .env // tip: ◈ encrypted .env [www.dotenvx.com]
2026-08-01 10:21:10: 3. About to listen on 5000
2026-08-01 10:21:13: ◇ injected env (0) from .env // tip: ⌁ auth for agents [www.vestauth.com]
2026-08-01 10:21:13: 3. About to listen on 5000
2026-08-01 10:21:16: ◇ injected env (0) from .env // tip: ⌘ suppress logs { quiet: true }
2026-08-01 10:21:16: 3. About to listen on 5000
2026-08-01 10:21:20: ◇ injected env (0) from .env // tip: ⌁ auth for agents [www.vestauth.com]
2026-08-01 10:21:20: 3. About to listen on 5000
2026-08-01 10:21:23: ◇ injected env (0) from .env // tip: ⌘ suppress logs { quiet: true }
2026-08-01 10:21:23: 3. About to listen on 5000
2026-08-01 10:21:26: ◇ injected env (0) from .env // tip: ⌘ suppress logs { quiet: true }
2026-08-01 10:21:26: 3. About to listen on 5000
2026-08-01 10:21:29: ◇ injected env (0) from .env // tip: ◈ secrets for agents [www.dotenvx.com]
2026-08-01 10:21:29: 3. About to listen on 5000
2026-08-01 10:21:33: ◇ injected env (0) from .env // tip: ◈ secrets for agents [www.dotenvx.com]
2026-08-01 10:21:33: 3. About to listen on 5000
2026-08-01 10:21:36: ◇ injected env (0) from .env // tip: ⌘ enable debugging { debug: true }
2026-08-01 10:21:36: 3. About to listen on 5000
2026-08-01 10:21:39: ◇ injected env (0) from .env // tip: ⌘ multiple files { path: ['.env.local', '.env'] }
2026-08-01 10:21:39: 3. About to listen on 5000
2026-08-01 10:21:42: ◇ injected env (0) from .env // tip: ◈ encrypted .env [www.dotenvx.com]
2026-08-01 10:21:43: 3. About to listen on 5000
2026-08-01 10:21:46: ◇ injected env (0) from .env // tip: ⌘ custom filepath { path: '/custom/path/.env' }
2026-08-01 10:21:46: 3. About to listen on 5000
2026-08-01 10:21:49: ◇ injected env (0) from .env // tip: ⌘ enable debugging { debug: true }
2026-08-01 10:21:49: 3. About to listen on 5000
2026-08-01 10:21:52: ◇ injected env (0) from .env // tip: ⌘ suppress logs { quiet: true }
2026-08-01 10:21:52: 3. About to listen on 5000
2026-08-01 10:21:56: ◇ injected env (0) from .env // tip: ⌘ multiple files { path: ['.env.local', '.env'] }
2026-08-01 10:21:56: 3. About to listen on 5000
2026-08-01 10:21:59: ◇ injected env (0) from .env // tip: ⌘ custom filepath { path: '/custom/path/.env' }
2026-08-01 10:21:59: 3. About to listen on 5000
2026-08-01 10:22:02: ◇ injected env (0) from .env // tip: ⌘ multiple files { path: ['.env.local', '.env'] }
2026-08-01 10:22:02: 3. About to listen on 5000
2026-08-01 10:22:05: ◇ injected env (0) from .env // tip: ⌘ multiple files { path: ['.env.local', '.env'] }
2026-08-01 10:22:05: 3. About to listen on 5000
2026-08-01 10:22:09: ◇ injected env (0) from .env // tip: ⌁ auth for agents [www.vestauth.com]
2026-08-01 10:22:09: 3. About to listen on 5000
2026-08-01 10:22:12: ◇ injected env (0) from .env // tip: ⌁ auth for agents [www.vestauth.com]
2026-08-01 10:22:12: 3. About to listen on 5000
2026-08-01 10:22:15: ◇ injected env (0) from .env // tip: ⌘ suppress logs { quiet: true }
2026-08-01 10:22:15: 3. About to listen on 5000
2026-08-01 10:22:18: ◇ injected env (0) from .env // tip: ⌘ custom filepath { path: '/custom/path/.env' }
2026-08-01 10:22:19: 3. About to listen on 5000
2026-08-01 10:22:22: ◇ injected env (0) from .env // tip: ⌁ auth for agents [www.vestauth.com]
2026-08-01 10:22:22: 3. About to listen on 5000
2026-08-01 10:22:25: ◇ injected env (0) from .env // tip: ◈ encrypted .env [www.dotenvx.com]
2026-08-01 10:22:25: 3. About to listen on 5000
2026-08-01 10:22:28: ◇ injected env (0) from .env // tip: ⌘ override existing { override: true }
2026-08-01 10:22:28: 3. About to listen on 5000
2026-08-01 10:22:32: ◇ injected env (0) from .env // tip: ◈ secrets for agents [www.dotenvx.com]
2026-08-01 10:22:32: 3. About to listen on 5000
2026-08-01 10:22:35: ◇ injected env (0) from .env // tip: ⌘ enable debugging { debug: true }
2026-08-01 10:22:35: 3. About to listen on 5000
2026-08-01 10:22:38: ◇ injected env (0) from .env // tip: ⌘ multiple files { path: ['.env.local', '.env'] }
2026-08-01 10:22:38: 3. About to listen on 5000
2026-08-01 10:22:41: ◇ injected env (0) from .env // tip: ⌘ override existing { override: true }
2026-08-01 10:22:41: 3. About to listen on 5000
2026-08-01 10:22:45: ◇ injected env (0) from .env // tip: ◈ secrets for agents [www.dotenvx.com]
2026-08-01 10:22:45: 3. About to listen on 5000
2026-08-01 10:22:48: ◇ injected env (0) from .env // tip: ⌘ override existing { override: true }
2026-08-01 10:22:48: 3. About to listen on 5000
2026-08-01 10:22:51: ◇ injected env (0) from .env // tip: ⌘ custom filepath { path: '/custom/path/.env' }
2026-08-01 10:22:51: 3. About to listen on 5000
2026-08-01 10:22:54: ◇ injected env (0) from .env // tip: ⌘ suppress logs { quiet: true }
2026-08-01 10:22:55: 3. About to listen on 5000
2026-08-01 10:22:58: ◇ injected env (0) from .env // tip: ⌘ suppress logs { quiet: true }
2026-08-01 10:22:58: 3. About to listen on 5000
2026-08-01 10:23:01: ◇ injected env (0) from .env // tip: ⌘ multiple files { path: ['.env.local', '.env'] }
2026-08-01 10:23:01: 3. About to listen on 5000
2026-08-01 10:23:04: ◇ injected env (0) from .env // tip: ◈ encrypted .env [www.dotenvx.com]
2026-08-01 10:23:04: 3. About to listen on 5000
2026-08-01 10:23:08: ◇ injected env (0) from .env // tip: ⌘ enable debugging { debug: true }
2026-08-01 10:23:08: 3. About to listen on 5000
2026-08-01 10:23:11: ◇ injected env (0) from .env // tip: ⌘ multiple files { path: ['.env.local', '.env'] }
2026-08-01 10:23:11: 3. About to listen on 5000
2026-08-01 10:23:14: ◇ injected env (0) from .env // tip: ⌘ suppress logs { quiet: true }
2026-08-01 10:23:14: 3. About to listen on 5000
2026-08-01 10:23:17: ◇ injected env (0) from .env // tip: ⌁ auth for agents [www.vestauth.com]
2026-08-01 10:23:17: 3. About to listen on 5000
2026-08-01 10:23:21: ◇ injected env (0) from .env // tip: ◈ secrets for agents [www.dotenvx.com]
2026-08-01 10:23:21: 3. About to listen on 5000
2026-08-01 10:23:24: ◇ injected env (0) from .env // tip: ⌁ auth for agents [www.vestauth.com]
2026-08-01 10:23:24: 3. About to listen on 5000
2026-08-01 10:23:27: ◇ injected env (0) from .env // tip: ⌘ enable debugging { debug: true }
2026-08-01 10:23:27: 3. About to listen on 5000
2026-08-01 10:23:30: ◇ injected env (0) from .env // tip: ⌁ auth for agents [www.vestauth.com]
2026-08-01 10:23:30: 3. About to listen on 5000
2026-08-01 10:23:34: ◇ injected env (0) from .env // tip: ◈ secrets for agents [www.dotenvx.com]
2026-08-01 10:23:34: 3. About to listen on 5000
2026-08-01 10:23:37: ◇ injected env (0) from .env // tip: ⌁ auth for agents [www.vestauth.com]
2026-08-01 10:23:37: 3. About to listen on 5000
2026-08-01 10:23:40: ◇ injected env (0) from .env // tip: ⌘ override existing { override: true }
2026-08-01 10:23:40: 3. About to listen on 5000
2026-08-01 10:23:44: ◇ injected env (0) from .env // tip: ⌘ suppress logs { quiet: true }
2026-08-01 10:23:44: 3. About to listen on 5000
2026-08-01 10:23:47: ◇ injected env (0) from .env // tip: ◈ encrypted .env [www.dotenvx.com]
2026-08-01 10:23:47: 3. About to listen on 5000
2026-08-01 10:23:50: ◇ injected env (0) from .env // tip: ◈ secrets for agents [www.dotenvx.com]
2026-08-01 10:23:50: 3. About to listen on 5000
2026-08-01 10:23:53: ◇ injected env (0) from .env // tip: ⌘ custom filepath { path: '/custom/path/.env' }
2026-08-01 10:23:53: 3. About to listen on 5000
2026-08-01 10:23:57: ◇ injected env (0) from .env // tip: ⌘ enable debugging { debug: true }
2026-08-01 10:23:57: 3. About to listen on 5000
2026-08-01 10:24:00: ◇ injected env (0) from .env // tip: ⌘ enable debugging { debug: true }
2026-08-01 10:24:00: 3. About to listen on 5000
2026-08-01 10:24:03: ◇ injected env (0) from .env // tip: ⌘ override existing { override: true }
2026-08-01 10:24:03: 3. About to listen on 5000
2026-08-01 10:24:06: ◇ injected env (0) from .env // tip: ⌘ custom filepath { path: '/custom/path/.env' }
2026-08-01 10:24:06: 3. About to listen on 5000
2026-08-01 10:24:10: ◇ injected env (0) from .env // tip: ◈ secrets for agents [www.dotenvx.com]
2026-08-01 10:24:10: 3. About to listen on 5000
2026-08-01 10:24:13: ◇ injected env (0) from .env // tip: ⌘ suppress logs { quiet: true }
2026-08-01 10:24:13: 3. About to listen on 5000
2026-08-01 10:24:16: ◇ injected env (0) from .env // tip: ⌁ auth for agents [www.vestauth.com]
2026-08-01 10:24:16: 3. About to listen on 5000
2026-08-01 10:24:20: ◇ injected env (0) from .env // tip: ⌘ enable debugging { debug: true }
2026-08-01 10:24:20: 3. About to listen on 5000
2026-08-01 10:24:23: ◇ injected env (0) from .env // tip: ◈ encrypted .env [www.dotenvx.com]
2026-08-01 10:24:23: 3. About to listen on 5000
2026-08-01 10:24:26: ◇ injected env (0) from .env // tip: ⌘ enable debugging { debug: true }
2026-08-01 10:24:26: 3. About to listen on 5000
2026-08-01 10:24:29: ◇ injected env (0) from .env // tip: ◈ secrets for agents [www.dotenvx.com]
2026-08-01 10:24:29: 3. About to listen on 5000
2026-08-01 10:24:33: ◇ injected env (0) from .env // tip: ⌘ enable debugging { debug: true }
2026-08-01 10:24:33: 3. About to listen on 5000
2026-08-01 10:24:36: ◇ injected env (0) from .env // tip: ◈ encrypted .env [www.dotenvx.com]
2026-08-01 10:24:36: 3. About to listen on 5000
2026-08-01 10:24:39: ◇ injected env (0) from .env // tip: ◈ secrets for agents [www.dotenvx.com]
2026-08-01 10:24:39: 3. About to listen on 5000
2026-08-01 10:24:42: ◇ injected env (0) from .env // tip: ⌘ enable debugging { debug: true }
2026-08-01 10:24:42: 3. About to listen on 5000
2026-08-01 10:24:46: ◇ injected env (0) from .env // tip: ◈ encrypted .env [www.dotenvx.com]
2026-08-01 10:24:46: 3. About to listen on 5000
2026-08-01 10:24:49: ◇ injected env (0) from .env // tip: ⌘ enable debugging { debug: true }
2026-08-01 10:24:49: 3. About to listen on 5000
2026-08-01 10:24:52: ◇ injected env (0) from .env // tip: ⌘ override existing { override: true }
2026-08-01 10:24:52: 3. About to listen on 5000
2026-08-01 10:24:55: ◇ injected env (0) from .env // tip: ⌘ suppress logs { quiet: true }
2026-08-01 10:24:55: 3. About to listen on 5000
2026-08-01 10:24:59: ◇ injected env (0) from .env // tip: ◈ encrypted .env [www.dotenvx.com]
2026-08-01 10:24:59: 3. About to listen on 5000
2026-08-01 10:25:02: ◇ injected env (0) from .env // tip: ◈ encrypted .env [www.dotenvx.com]
2026-08-01 10:25:02: 3. About to listen on 5000
2026-08-01 10:25:05: ◇ injected env (0) from .env // tip: ⌘ enable debugging { debug: true }
2026-08-01 10:25:05: 3. About to listen on 5000
2026-08-01 10:25:09: ◇ injected env (0) from .env // tip: ◈ secrets for agents [www.dotenvx.com]
2026-08-01 10:25:09: 3. About to listen on 5000
2026-08-01 10:25:12: ◇ injected env (0) from .env // tip: ⌘ enable debugging { debug: true }
2026-08-01 10:25:12: 3. About to listen on 5000
2026-08-01 10:25:15: ◇ injected env (0) from .env // tip: ⌘ custom filepath { path: '/custom/path/.env' }
2026-08-01 10:25:15: 3. About to listen on 5000
2026-08-01 10:25:18: ◇ injected env (0) from .env // tip: ◈ encrypted .env [www.dotenvx.com]
2026-08-01 10:25:18: 3. About to listen on 5000
2026-08-01 10:25:22: ◇ injected env (0) from .env // tip: ⌁ auth for agents [www.vestauth.com]
2026-08-01 10:25:22: 3. About to listen on 5000
2026-08-01 10:25:25: ◇ injected env (0) from .env // tip: ◈ secrets for agents [www.dotenvx.com]
2026-08-01 10:25:25: 3. About to listen on 5000
2026-08-01 10:25:28: ◇ injected env (0) from .env // tip: ⌁ auth for agents [www.vestauth.com]
2026-08-01 10:25:28: 3. About to listen on 5000
2026-08-01 10:25:31: ◇ injected env (0) from .env // tip: ◈ secrets for agents [www.dotenvx.com]
2026-08-01 10:25:31: 3. About to listen on 5000
2026-08-01 10:25:35: ◇ injected env (0) from .env // tip: ◈ secrets for agents [www.dotenvx.com]
2026-08-01 10:25:35: 3. About to listen on 5000
2026-08-01 10:25:38: ◇ injected env (0) from .env // tip: ⌘ suppress logs { quiet: true }
2026-08-01 10:25:38: 3. About to listen on 5000
2026-08-01 10:25:41: ◇ injected env (0) from .env // tip: ◈ secrets for agents [www.dotenvx.com]
2026-08-01 10:25:41: 3. About to listen on 5000
2026-08-01 10:25:45: ◇ injected env (0) from .env // tip: ⌁ auth for agents [www.vestauth.com]
2026-08-01 10:25:45: 3. About to listen on 5000
2026-08-01 10:25:48: ◇ injected env (0) from .env // tip: ⌁ auth for agents [www.vestauth.com]
2026-08-01 10:25:48: 3. About to listen on 5000
2026-08-01 10:25:51: ◇ injected env (0) from .env // tip: ⌘ custom filepath { path: '/custom/path/.env' }
2026-08-01 10:25:51: 3. About to listen on 5000
2026-08-01 10:25:54: ◇ injected env (0) from .env // tip: ◈ encrypted .env [www.dotenvx.com]
2026-08-01 10:25:54: 3. About to listen on 5000
2026-08-01 10:25:58: ◇ injected env (0) from .env // tip: ⌘ suppress logs { quiet: true }
2026-08-01 10:25:58: 3. About to listen on 5000
2026-08-01 10:26:01: ◇ injected env (0) from .env // tip: ⌁ auth for agents [www.vestauth.com]
2026-08-01 10:26:01: 3. About to listen on 5000
2026-08-01 10:26:04: ◇ injected env (0) from .env // tip: ◈ encrypted .env [www.dotenvx.com]
2026-08-01 10:26:04: 3. About to listen on 5000
2026-08-01 10:26:07: ◇ injected env (0) from .env // tip: ⌘ override existing { override: true }
2026-08-01 10:26:07: 3. About to listen on 5000
2026-08-01 10:26:11: ◇ injected env (0) from .env // tip: ◈ encrypted .env [www.dotenvx.com]
2026-08-01 10:26:11: 3. About to listen on 5000
2026-08-01 10:26:14: ◇ injected env (0) from .env // tip: ⌘ suppress logs { quiet: true }
2026-08-01 10:26:14: 3. About to listen on 5000
2026-08-01 10:26:17: ◇ injected env (0) from .env // tip: ⌁ auth for agents [www.vestauth.com]
2026-08-01 10:26:17: 3. About to listen on 5000
2026-08-01 10:26:21: ◇ injected env (0) from .env // tip: ⌘ custom filepath { path: '/custom/path/.env' }
2026-08-01 10:26:21: 3. About to listen on 5000
2026-08-01 10:26:24: ◇ injected env (0) from .env // tip: ⌘ enable debugging { debug: true }
2026-08-01 10:26:24: 3. About to listen on 5000
2026-08-01 10:26:27: ◇ injected env (0) from .env // tip: ⌘ custom filepath { path: '/custom/path/.env' }
2026-08-01 10:26:27: 3. About to listen on 5000
2026-08-01 10:26:30: ◇ injected env (0) from .env // tip: ⌁ auth for agents [www.vestauth.com]
2026-08-01 10:26:30: 3. About to listen on 5000
2026-08-01 10:26:34: ◇ injected env (0) from .env // tip: ◈ secrets for agents [www.dotenvx.com]
2026-08-01 10:26:34: 3. About to listen on 5000
2026-08-01 10:26:37: ◇ injected env (0) from .env // tip: ⌘ multiple files { path: ['.env.local', '.env'] }
2026-08-01 10:26:37: 3. About to listen on 5000
2026-08-01 10:26:40: ◇ injected env (0) from .env // tip: ⌁ auth for agents [www.vestauth.com]
2026-08-01 10:26:40: 3. About to listen on 5000
2026-08-01 10:26:43: ◇ injected env (0) from .env // tip: ⌘ enable debugging { debug: true }
2026-08-01 10:26:43: 3. About to listen on 5000
2026-08-01 10:26:47: ◇ injected env (0) from .env // tip: ⌁ auth for agents [www.vestauth.com]
2026-08-01 10:26:47: 3. About to listen on 5000
2026-08-01 10:26:50: ◇ injected env (0) from .env // tip: ⌘ suppress logs { quiet: true }
2026-08-01 10:26:50: 3. About to listen on 5000
2026-08-01 10:26:53: ◇ injected env (0) from .env // tip: ⌘ custom filepath { path: '/custom/path/.env' }
2026-08-01 10:26:53: 3. About to listen on 5000
2026-08-01 10:26:57: ◇ injected env (0) from .env // tip: ⌘ suppress logs { quiet: true }
2026-08-01 10:26:57: 3. About to listen on 5000
2026-08-01 10:27:00: ◇ injected env (0) from .env // tip: ⌘ custom filepath { path: '/custom/path/.env' }
2026-08-01 10:27:00: 3. About to listen on 5000
2026-08-01 10:27:03: ◇ injected env (0) from .env // tip: ⌘ suppress logs { quiet: true }
2026-08-01 10:27:03: 3. About to listen on 5000
2026-08-01 10:27:06: ◇ injected env (0) from .env // tip: ⌘ custom filepath { path: '/custom/path/.env' }
2026-08-01 10:27:06: 3. About to listen on 5000
2026-08-01 10:27:10: ◇ injected env (0) from .env // tip: ⌘ custom filepath { path: '/custom/path/.env' }
2026-08-01 10:27:10: 3. About to listen on 5000
2026-08-01 10:27:13: ◇ injected env (0) from .env // tip: ⌘ multiple files { path: ['.env.local', '.env'] }
2026-08-01 10:27:13: 3. About to listen on 5000
2026-08-01 10:27:16: ◇ injected env (0) from .env // tip: ⌘ enable debugging { debug: true }
2026-08-01 10:27:16: 3. About to listen on 5000
2026-08-01 10:27:19: ◇ injected env (0) from .env // tip: ⌘ override existing { override: true }
2026-08-01 10:27:19: 3. About to listen on 5000
2026-08-01 10:27:23: ◇ injected env (0) from .env // tip: ⌘ custom filepath { path: '/custom/path/.env' }
2026-08-01 10:27:23: 3. About to listen on 5000
2026-08-01 10:27:26: ◇ injected env (0) from .env // tip: ⌘ suppress logs { quiet: true }
2026-08-01 10:27:26: 3. About to listen on 5000
2026-08-01 10:27:29: ◇ injected env (0) from .env // tip: ⌘ enable debugging { debug: true }
2026-08-01 10:27:29: 3. About to listen on 5000
2026-08-01 10:27:32: ◇ injected env (0) from .env // tip: ⌁ auth for agents [www.vestauth.com]
2026-08-01 10:27:32: 3. About to listen on 5000
2026-08-01 10:27:36: ◇ injected env (0) from .env // tip: ⌁ auth for agents [www.vestauth.com]
2026-08-01 10:27:36: 3. About to listen on 5000
2026-08-01 10:27:39: ◇ injected env (0) from .env // tip: ⌘ enable debugging { debug: true }
2026-08-01 10:27:39: 3. About to listen on 5000
2026-08-01 10:27:42: ◇ injected env (0) from .env // tip: ◈ secrets for agents [www.dotenvx.com]
2026-08-01 10:27:42: 3. About to listen on 5000
2026-08-01 10:27:46: ◇ injected env (0) from .env // tip: ⌘ enable debugging { debug: true }
2026-08-01 10:27:46: 3. About to listen on 5000
2026-08-01 10:27:49: ◇ injected env (0) from .env // tip: ⌘ custom filepath { path: '/custom/path/.env' }
2026-08-01 10:27:49: 3. About to listen on 5000
2026-08-01 10:27:52: ◇ injected env (0) from .env // tip: ⌘ override existing { override: true }
2026-08-01 10:27:52: 3. About to listen on 5000
2026-08-01 10:27:55: ◇ injected env (0) from .env // tip: ⌘ suppress logs { quiet: true }
2026-08-01 10:27:55: 3. About to listen on 5000
2026-08-01 10:27:59: ◇ injected env (0) from .env // tip: ⌁ auth for agents [www.vestauth.com]
2026-08-01 10:27:59: 3. About to listen on 5000
2026-08-01 10:28:02: ◇ injected env (0) from .env // tip: ◈ secrets for agents [www.dotenvx.com]
2026-08-01 10:28:02: 3. About to listen on 5000
2026-08-01 10:28:05: ◇ injected env (0) from .env // tip: ◈ encrypted .env [www.dotenvx.com]
2026-08-01 10:28:05: 3. About to listen on 5000
2026-08-01 10:28:08: ◇ injected env (0) from .env // tip: ⌘ enable debugging { debug: true }
2026-08-01 10:28:08: 3. About to listen on 5000
2026-08-01 10:28:12: ◇ injected env (0) from .env // tip: ⌘ suppress logs { quiet: true }
2026-08-01 10:28:12: 3. About to listen on 5000
2026-08-01 10:28:15: ◇ injected env (0) from .env // tip: ⌘ suppress logs { quiet: true }
2026-08-01 10:28:15: 3. About to listen on 5000
2026-08-01 10:28:18: ◇ injected env (0) from .env // tip: ◈ encrypted .env [www.dotenvx.com]
2026-08-01 10:28:18: 3. About to listen on 5000
2026-08-01 10:28:22: ◇ injected env (0) from .env // tip: ⌘ override existing { override: true }
2026-08-01 10:28:22: 3. About to listen on 5000
2026-08-01 10:28:25: ◇ injected env (0) from .env // tip: ◈ secrets for agents [www.dotenvx.com]
2026-08-01 10:28:25: 3. About to listen on 5000
2026-08-01 10:28:28: ◇ injected env (0) from .env // tip: ⌘ multiple files { path: ['.env.local', '.env'] }
2026-08-01 10:28:28: 3. About to listen on 5000
2026-08-01 10:28:31: ◇ injected env (0) from .env // tip: ◈ encrypted .env [www.dotenvx.com]
2026-08-01 10:28:31: 3. About to listen on 5000
2026-08-01 10:28:35: ◇ injected env (0) from .env // tip: ⌘ suppress logs { quiet: true }
2026-08-01 10:28:35: 3. About to listen on 5000
2026-08-01 10:28:38: ◇ injected env (0) from .env // tip: ◈ encrypted .env [www.dotenvx.com]
2026-08-01 10:28:38: 3. About to listen on 5000
2026-08-01 10:28:41: ◇ injected env (0) from .env // tip: ◈ encrypted .env [www.dotenvx.com]
2026-08-01 10:28:41: 3. About to listen on 5000
2026-08-01 10:28:44: ◇ injected env (0) from .env // tip: ⌘ override existing { override: true }
2026-08-01 10:28:44: 3. About to listen on 5000
2026-08-01 10:28:48: ◇ injected env (0) from .env // tip: ⌘ custom filepath { path: '/custom/path/.env' }
2026-08-01 10:28:48: 3. About to listen on 5000
2026-08-01 10:28:51: ◇ injected env (0) from .env // tip: ◈ encrypted .env [www.dotenvx.com]
2026-08-01 10:28:51: 3. About to listen on 5000
2026-08-01 10:28:54: ◇ injected env (0) from .env // tip: ◈ encrypted .env [www.dotenvx.com]
2026-08-01 10:28:54: 3. About to listen on 5000
2026-08-01 10:28:58: ◇ injected env (0) from .env // tip: ⌘ suppress logs { quiet: true }
2026-08-01 10:28:58: 3. About to listen on 5000
2026-08-01 10:29:01: ◇ injected env (0) from .env // tip: ⌁ auth for agents [www.vestauth.com]
2026-08-01 10:29:01: 3. About to listen on 5000
2026-08-01 10:29:04: ◇ injected env (0) from .env // tip: ⌘ custom filepath { path: '/custom/path/.env' }
2026-08-01 10:29:04: 3. About to listen on 5000
2026-08-01 10:29:07: ◇ injected env (0) from .env // tip: ⌘ multiple files { path: ['.env.local', '.env'] }
2026-08-01 10:29:07: 3. About to listen on 5000
2026-08-01 10:29:11: ◇ injected env (0) from .env // tip: ◈ secrets for agents [www.dotenvx.com]
2026-08-01 10:29:11: 3. About to listen on 5000
2026-08-01 10:29:14: ◇ injected env (0) from .env // tip: ⌘ enable debugging { debug: true }
2026-08-01 10:29:14: 3. About to listen on 5000
2026-08-01 10:29:17: ◇ injected env (0) from .env // tip: ⌘ override existing { override: true }
2026-08-01 10:29:17: 3. About to listen on 5000
2026-08-01 10:29:20: ◇ injected env (0) from .env // tip: ⌘ override existing { override: true }
2026-08-01 10:29:20: 3. About to listen on 5000
2026-08-01 10:29:24: ◇ injected env (0) from .env // tip: ⌘ enable debugging { debug: true }
2026-08-01 10:29:24: 3. About to listen on 5000
2026-08-01 10:29:27: ◇ injected env (0) from .env // tip: ⌘ suppress logs { quiet: true }
2026-08-01 10:29:27: 3. About to listen on 5000
2026-08-01 10:29:30: ◇ injected env (0) from .env // tip: ◈ encrypted .env [www.dotenvx.com]
2026-08-01 10:29:30: 3. About to listen on 5000
2026-08-01 10:29:34: ◇ injected env (0) from .env // tip: ⌘ override existing { override: true }
2026-08-01 10:29:34: 3. About to listen on 5000
2026-08-01 10:29:37: ◇ injected env (0) from .env // tip: ⌘ custom filepath { path: '/custom/path/.env' }
2026-08-01 10:29:37: 3. About to listen on 5000
2026-08-01 10:29:40: ◇ injected env (0) from .env // tip: ⌘ multiple files { path: ['.env.local', '.env'] }
2026-08-01 10:29:40: 3. About to listen on 5000
2026-08-01 10:29:43: ◇ injected env (0) from .env // tip: ⌘ enable debugging { debug: true }
2026-08-01 10:29:43: 3. About to listen on 5000
2026-08-01 10:29:47: ◇ injected env (0) from .env // tip: ⌁ auth for agents [www.vestauth.com]
2026-08-01 10:29:47: 3. About to listen on 5000
2026-08-01 10:29:50: ◇ injected env (0) from .env // tip: ◈ encrypted .env [www.dotenvx.com]
2026-08-01 10:29:50: 3. About to listen on 5000
2026-08-01 10:29:53: ◇ injected env (0) from .env // tip: ◈ encrypted .env [www.dotenvx.com]
2026-08-01 10:29:53: 3. About to listen on 5000
2026-08-01 10:29:56: ◇ injected env (0) from .env // tip: ◈ encrypted .env [www.dotenvx.com]
2026-08-01 10:29:56: 3. About to listen on 5000
2026-08-01 10:30:00: ◇ injected env (0) from .env // tip: ⌘ multiple files { path: ['.env.local', '.env'] }
2026-08-01 10:30:00: 3. About to listen on 5000
2026-08-01 10:30:03: ◇ injected env (0) from .env // tip: ⌁ auth for agents [www.vestauth.com]
2026-08-01 10:30:03: 3. About to listen on 5000
2026-08-01 10:30:06: ◇ injected env (0) from .env // tip: ⌁ auth for agents [www.vestauth.com]
2026-08-01 10:30:06: 3. About to listen on 5000
2026-08-01 10:30:10: ◇ injected env (0) from .env // tip: ⌁ auth for agents [www.vestauth.com]
2026-08-01 10:30:10: 3. About to listen on 5000
2026-08-01 10:30:13: ◇ injected env (0) from .env // tip: ◈ encrypted .env [www.dotenvx.com]
2026-08-01 10:30:13: 3. About to listen on 5000
2026-08-01 10:30:16: ◇ injected env (0) from .env // tip: ⌘ enable debugging { debug: true }
2026-08-01 10:30:16: 3. About to listen on 5000
2026-08-01 10:30:19: ◇ injected env (0) from .env // tip: ◈ encrypted .env [www.dotenvx.com]
2026-08-01 10:30:19: 3. About to listen on 5000
2026-08-01 10:30:23: ◇ injected env (0) from .env // tip: ⌘ custom filepath { path: '/custom/path/.env' }
2026-08-01 10:30:23: 3. About to listen on 5000
2026-08-01 10:30:26: ◇ injected env (0) from .env // tip: ⌘ override existing { override: true }
2026-08-01 10:30:26: 3. About to listen on 5000
2026-08-01 10:30:29: ◇ injected env (0) from .env // tip: ◈ secrets for agents [www.dotenvx.com]
2026-08-01 10:30:29: 3. About to listen on 5000
2026-08-01 10:30:32: ◇ injected env (0) from .env // tip: ⌘ enable debugging { debug: true }
2026-08-01 10:30:32: 3. About to listen on 5000
2026-08-01 10:30:36: ◇ injected env (0) from .env // tip: ◈ encrypted .env [www.dotenvx.com]
2026-08-01 10:30:36: 3. About to listen on 5000
2026-08-01 10:30:39: ◇ injected env (0) from .env // tip: ⌘ suppress logs { quiet: true }
2026-08-01 10:30:39: 3. About to listen on 5000
2026-08-01 10:30:42: ◇ injected env (0) from .env // tip: ⌘ suppress logs { quiet: true }
2026-08-01 10:30:42: 3. About to listen on 5000
2026-08-01 10:30:46: ◇ injected env (0) from .env // tip: ⌘ custom filepath { path: '/custom/path/.env' }
2026-08-01 10:30:46: 3. About to listen on 5000
2026-08-01 10:30:49: ◇ injected env (0) from .env // tip: ⌘ override existing { override: true }
2026-08-01 10:30:49: 3. About to listen on 5000
2026-08-01 10:30:52: ◇ injected env (0) from .env // tip: ⌘ custom filepath { path: '/custom/path/.env' }
2026-08-01 10:30:52: 3. About to listen on 5000
2026-08-01 10:30:55: ◇ injected env (0) from .env // tip: ◈ encrypted .env [www.dotenvx.com]
2026-08-01 10:30:55: 3. About to listen on 5000
2026-08-01 10:30:59: ◇ injected env (0) from .env // tip: ◈ encrypted .env [www.dotenvx.com]
2026-08-01 10:30:59: 3. About to listen on 5000
2026-08-01 10:31:02: ◇ injected env (0) from .env // tip: ⌘ custom filepath { path: '/custom/path/.env' }
2026-08-01 10:31:02: 3. About to listen on 5000
2026-08-01 10:31:05: ◇ injected env (0) from .env // tip: ⌁ auth for agents [www.vestauth.com]
2026-08-01 10:31:05: 3. About to listen on 5000
2026-08-01 10:31:08: ◇ injected env (0) from .env // tip: ◈ secrets for agents [www.dotenvx.com]
2026-08-01 10:31:08: 3. About to listen on 5000
2026-08-01 10:31:12: ◇ injected env (0) from .env // tip: ⌘ custom filepath { path: '/custom/path/.env' }
2026-08-01 10:31:12: 3. About to listen on 5000
2026-08-01 10:31:15: ◇ injected env (0) from .env // tip: ◈ encrypted .env [www.dotenvx.com]
2026-08-01 10:31:15: 3. About to listen on 5000
2026-08-01 10:31:18: ◇ injected env (0) from .env // tip: ◈ encrypted .env [www.dotenvx.com]
2026-08-01 10:31:18: 3. About to listen on 5000
2026-08-01 10:31:21: ◇ injected env (0) from .env // tip: ⌘ custom filepath { path: '/custom/path/.env' }
2026-08-01 10:31:22: 3. About to listen on 5000
2026-08-01 10:31:25: ◇ injected env (0) from .env // tip: ⌘ enable debugging { debug: true }
2026-08-01 10:31:25: 3. About to listen on 5000
2026-08-01 10:31:28: ◇ injected env (0) from .env // tip: ⌘ multiple files { path: ['.env.local', '.env'] }
2026-08-01 10:31:28: 3. About to listen on 5000
2026-08-01 10:31:31: ◇ injected env (0) from .env // tip: ⌘ override existing { override: true }
2026-08-01 10:31:31: 3. About to listen on 5000
2026-08-01 10:31:35: ◇ injected env (0) from .env // tip: ⌘ override existing { override: true }
2026-08-01 10:31:35: 3. About to listen on 5000
2026-08-01 10:31:38: ◇ injected env (0) from .env // tip: ⌘ multiple files { path: ['.env.local', '.env'] }
2026-08-01 10:31:38: 3. About to listen on 5000
2026-08-01 10:31:41: ◇ injected env (0) from .env // tip: ⌘ suppress logs { quiet: true }
2026-08-01 10:31:41: 3. About to listen on 5000
2026-08-01 10:31:44: ◇ injected env (0) from .env // tip: ◈ secrets for agents [www.dotenvx.com]
2026-08-01 10:31:44: 3. About to listen on 5000
2026-08-01 10:31:48: ◇ injected env (0) from .env // tip: ⌘ multiple files { path: ['.env.local', '.env'] }
2026-08-01 10:31:48: 3. About to listen on 5000
2026-08-01 10:31:51: ◇ injected env (0) from .env // tip: ⌘ suppress logs { quiet: true }
2026-08-01 10:31:51: 3. About to listen on 5000
2026-08-01 10:31:54: ◇ injected env (0) from .env // tip: ⌘ enable debugging { debug: true }
2026-08-01 10:31:54: 3. About to listen on 5000
2026-08-01 10:31:57: ◇ injected env (0) from .env // tip: ⌘ custom filepath { path: '/custom/path/.env' }
2026-08-01 10:31:57: 3. About to listen on 5000
2026-08-01 10:32:01: ◇ injected env (0) from .env // tip: ⌘ enable debugging { debug: true }
2026-08-01 10:32:01: 3. About to listen on 5000
2026-08-01 10:32:04: ◇ injected env (0) from .env // tip: ⌁ auth for agents [www.vestauth.com]
2026-08-01 10:32:04: 3. About to listen on 5000
2026-08-01 10:32:07: ◇ injected env (0) from .env // tip: ⌘ override existing { override: true }
2026-08-01 10:32:07: 3. About to listen on 5000
2026-08-01 10:32:11: ◇ injected env (0) from .env // tip: ⌘ multiple files { path: ['.env.local', '.env'] }
2026-08-01 10:32:11: 3. About to listen on 5000
2026-08-01 10:32:14: ◇ injected env (0) from .env // tip: ⌘ override existing { override: true }
2026-08-01 10:32:14: 3. About to listen on 5000
2026-08-01 10:32:17: ◇ injected env (0) from .env // tip: ⌘ custom filepath { path: '/custom/path/.env' }
2026-08-01 10:32:17: 3. About to listen on 5000
2026-08-01 10:32:20: ◇ injected env (0) from .env // tip: ◈ secrets for agents [www.dotenvx.com]
2026-08-01 10:32:20: 3. About to listen on 5000
2026-08-01 10:32:24: ◇ injected env (0) from .env // tip: ◈ encrypted .env [www.dotenvx.com]
2026-08-01 10:32:24: 3. About to listen on 5000
2026-08-01 10:32:27: ◇ injected env (0) from .env // tip: ⌘ suppress logs { quiet: true }
2026-08-01 10:32:27: 3. About to listen on 5000
2026-08-01 10:32:30: ◇ injected env (0) from .env // tip: ◈ secrets for agents [www.dotenvx.com]
2026-08-01 10:32:30: 3. About to listen on 5000
2026-08-01 10:32:33: ◇ injected env (0) from .env // tip: ◈ encrypted .env [www.dotenvx.com]
2026-08-01 10:32:33: 3. About to listen on 5000
2026-08-01 10:32:37: ◇ injected env (0) from .env // tip: ⌘ enable debugging { debug: true }
2026-08-01 10:32:37: 3. About to listen on 5000
2026-08-01 10:32:40: ◇ injected env (0) from .env // tip: ⌘ multiple files { path: ['.env.local', '.env'] }
2026-08-01 10:32:40: 3. About to listen on 5000
2026-08-01 10:32:43: ◇ injected env (0) from .env // tip: ⌁ auth for agents [www.vestauth.com]
2026-08-01 10:32:43: 3. About to listen on 5000
2026-08-01 10:32:47: ◇ injected env (0) from .env // tip: ⌘ enable debugging { debug: true }
2026-08-01 10:32:47: 3. About to listen on 5000
2026-08-01 10:32:50: ◇ injected env (0) from .env // tip: ⌁ auth for agents [www.vestauth.com]
2026-08-01 10:32:50: 3. About to listen on 5000
2026-08-01 10:32:53: ◇ injected env (0) from .env // tip: ⌘ suppress logs { quiet: true }
2026-08-01 10:32:53: 3. About to listen on 5000
2026-08-01 10:32:56: ◇ injected env (0) from .env // tip: ⌘ enable debugging { debug: true }
2026-08-01 10:32:56: 3. About to listen on 5000
2026-08-01 10:33:00: ◇ injected env (0) from .env // tip: ⌘ custom filepath { path: '/custom/path/.env' }
2026-08-01 10:33:00: 3. About to listen on 5000
2026-08-01 10:33:03: ◇ injected env (0) from .env // tip: ◈ encrypted .env [www.dotenvx.com]
2026-08-01 10:33:03: 3. About to listen on 5000
2026-08-01 10:33:06: ◇ injected env (0) from .env // tip: ◈ encrypted .env [www.dotenvx.com]
2026-08-01 10:33:06: 3. About to listen on 5000
2026-08-01 10:33:09: ◇ injected env (0) from .env // tip: ⌘ override existing { override: true }
2026-08-01 10:33:09: 3. About to listen on 5000
2026-08-01 10:33:13: ◇ injected env (0) from .env // tip: ⌘ enable debugging { debug: true }
2026-08-01 10:33:13: 3. About to listen on 5000
2026-08-01 10:33:16: ◇ injected env (0) from .env // tip: ◈ encrypted .env [www.dotenvx.com]
2026-08-01 10:33:16: 3. About to listen on 5000
2026-08-01 10:33:19: ◇ injected env (0) from .env // tip: ⌘ enable debugging { debug: true }
2026-08-01 10:33:19: 3. About to listen on 5000
2026-08-01 10:33:23: ◇ injected env (0) from .env // tip: ⌘ multiple files { path: ['.env.local', '.env'] }
2026-08-01 10:33:23: 3. About to listen on 5000
2026-08-01 10:33:26: ◇ injected env (0) from .env // tip: ⌘ enable debugging { debug: true }
2026-08-01 10:33:26: 3. About to listen on 5000
2026-08-01 10:33:29: ◇ injected env (0) from .env // tip: ⌘ suppress logs { quiet: true }
2026-08-01 10:33:29: 3. About to listen on 5000
2026-08-01 10:33:32: ◇ injected env (0) from .env // tip: ⌘ custom filepath { path: '/custom/path/.env' }
2026-08-01 10:33:32: 3. About to listen on 5000
2026-08-01 10:33:36: ◇ injected env (0) from .env // tip: ◈ encrypted .env [www.dotenvx.com]
2026-08-01 10:33:36: 3. About to listen on 5000
2026-08-01 10:33:39: ◇ injected env (0) from .env // tip: ◈ encrypted .env [www.dotenvx.com]
2026-08-01 10:33:39: 3. About to listen on 5000
2026-08-01 10:33:42: ◇ injected env (0) from .env // tip: ⌘ custom filepath { path: '/custom/path/.env' }
2026-08-01 10:33:42: 3. About to listen on 5000
2026-08-01 10:33:45: ◇ injected env (0) from .env // tip: ⌁ auth for agents [www.vestauth.com]
2026-08-01 10:33:45: 3. About to listen on 5000
2026-08-01 10:33:49: ◇ injected env (0) from .env // tip: ⌘ enable debugging { debug: true }
2026-08-01 10:33:49: 3. About to listen on 5000
2026-08-01 10:33:52: ◇ injected env (0) from .env // tip: ⌘ enable debugging { debug: true }
2026-08-01 10:33:52: 3. About to listen on 5000
2026-08-01 10:33:55: ◇ injected env (0) from .env // tip: ⌘ multiple files { path: ['.env.local', '.env'] }
2026-08-01 10:33:55: 3. About to listen on 5000
2026-08-01 10:33:59: ◇ injected env (0) from .env // tip: ⌘ custom filepath { path: '/custom/path/.env' }
2026-08-01 10:33:59: 3. About to listen on 5000
2026-08-01 10:34:02: ◇ injected env (0) from .env // tip: ⌁ auth for agents [www.vestauth.com]
2026-08-01 10:34:02: 3. About to listen on 5000
2026-08-01 10:34:05: ◇ injected env (0) from .env // tip: ⌘ multiple files { path: ['.env.local', '.env'] }
2026-08-01 10:34:05: 3. About to listen on 5000
2026-08-01 10:34:08: ◇ injected env (0) from .env // tip: ⌘ override existing { override: true }
2026-08-01 10:34:08: 3. About to listen on 5000
2026-08-01 10:34:12: ◇ injected env (0) from .env // tip: ⌘ custom filepath { path: '/custom/path/.env' }
2026-08-01 10:34:12: 3. About to listen on 5000
2026-08-01 10:34:15: ◇ injected env (0) from .env // tip: ⌘ enable debugging { debug: true }
2026-08-01 10:34:15: 3. About to listen on 5000
2026-08-01 10:34:18: ◇ injected env (0) from .env // tip: ⌘ override existing { override: true }
2026-08-01 10:34:18: 3. About to listen on 5000
2026-08-01 10:34:21: ◇ injected env (0) from .env // tip: ⌘ multiple files { path: ['.env.local', '.env'] }
2026-08-01 10:34:21: 3. About to listen on 5000
2026-08-01 10:34:25: ◇ injected env (0) from .env // tip: ⌘ multiple files { path: ['.env.local', '.env'] }
2026-08-01 10:34:25: 3. About to listen on 5000
2026-08-01 10:34:28: ◇ injected env (0) from .env // tip: ⌘ multiple files { path: ['.env.local', '.env'] }
2026-08-01 10:34:28: 3. About to listen on 5000
2026-08-01 10:34:31: ◇ injected env (0) from .env // tip: ◈ encrypted .env [www.dotenvx.com]
2026-08-01 10:34:31: 3. About to listen on 5000
2026-08-01 10:34:34: ◇ injected env (0) from .env // tip: ⌘ enable debugging { debug: true }
2026-08-01 10:34:34: 3. About to listen on 5000
2026-08-01 10:34:38: ◇ injected env (0) from .env // tip: ⌘ override existing { override: true }
2026-08-01 10:34:38: 3. About to listen on 5000
2026-08-01 10:34:41: ◇ injected env (0) from .env // tip: ◈ encrypted .env [www.dotenvx.com]
2026-08-01 10:34:41: 3. About to listen on 5000
2026-08-01 10:34:44: ◇ injected env (0) from .env // tip: ⌘ multiple files { path: ['.env.local', '.env'] }
2026-08-01 10:34:44: 3. About to listen on 5000
2026-08-01 10:34:48: ◇ injected env (0) from .env // tip: ⌁ auth for agents [www.vestauth.com]
2026-08-01 10:34:48: 3. About to listen on 5000
2026-08-01 10:34:51: ◇ injected env (0) from .env // tip: ◈ secrets for agents [www.dotenvx.com]
2026-08-01 10:34:51: 3. About to listen on 5000
2026-08-01 10:34:54: ◇ injected env (0) from .env // tip: ⌘ override existing { override: true }
2026-08-01 10:34:54: 3. About to listen on 5000
2026-08-01 10:34:57: ◇ injected env (0) from .env // tip: ⌘ multiple files { path: ['.env.local', '.env'] }
2026-08-01 10:34:57: 3. About to listen on 5000
2026-08-01 10:35:01: ◇ injected env (0) from .env // tip: ⌘ override existing { override: true }
2026-08-01 10:35:01: 3. About to listen on 5000
2026-08-01 10:35:04: ◇ injected env (0) from .env // tip: ⌘ override existing { override: true }
2026-08-01 10:35:04: 3. About to listen on 5000
2026-08-01 10:35:07: ◇ injected env (0) from .env // tip: ⌘ enable debugging { debug: true }
2026-08-01 10:35:07: 3. About to listen on 5000
2026-08-01 10:35:10: ◇ injected env (0) from .env // tip: ⌘ suppress logs { quiet: true }
2026-08-01 10:35:10: 3. About to listen on 5000
2026-08-01 10:35:14: ◇ injected env (0) from .env // tip: ◈ encrypted .env [www.dotenvx.com]
2026-08-01 10:35:14: 3. About to listen on 5000
2026-08-01 10:35:17: ◇ injected env (0) from .env // tip: ⌘ multiple files { path: ['.env.local', '.env'] }
2026-08-01 10:35:17: 3. About to listen on 5000
2026-08-01 10:35:20: ◇ injected env (0) from .env // tip: ⌘ override existing { override: true }
2026-08-01 10:35:20: 3. About to listen on 5000
2026-08-01 10:35:24: ◇ injected env (0) from .env // tip: ⌁ auth for agents [www.vestauth.com]
2026-08-01 10:35:24: 3. About to listen on 5000
2026-08-01 10:35:27: ◇ injected env (0) from .env // tip: ◈ encrypted .env [www.dotenvx.com]
2026-08-01 10:35:27: 3. About to listen on 5000
2026-08-01 10:35:30: ◇ injected env (0) from .env // tip: ⌁ auth for agents [www.vestauth.com]
2026-08-01 10:35:30: 3. About to listen on 5000
2026-08-01 10:35:33: ◇ injected env (0) from .env // tip: ⌘ multiple files { path: ['.env.local', '.env'] }
2026-08-01 10:35:33: 3. About to listen on 5000
2026-08-01 10:35:37: ◇ injected env (0) from .env // tip: ◈ secrets for agents [www.dotenvx.com]
2026-08-01 10:35:37: 3. About to listen on 5000
2026-08-01 10:35:40: ◇ injected env (0) from .env // tip: ⌘ override existing { override: true }
2026-08-01 10:35:40: 3. About to listen on 5000
2026-08-01 10:35:43: ◇ injected env (0) from .env // tip: ⌘ multiple files { path: ['.env.local', '.env'] }
2026-08-01 10:35:43: 3. About to listen on 5000
2026-08-01 10:35:46: ◇ injected env (0) from .env // tip: ⌁ auth for agents [www.vestauth.com]
2026-08-01 10:35:46: 3. About to listen on 5000
2026-08-01 10:35:50: ◇ injected env (0) from .env // tip: ◈ encrypted .env [www.dotenvx.com]
2026-08-01 10:35:50: 3. About to listen on 5000
2026-08-01 10:35:53: ◇ injected env (0) from .env // tip: ⌁ auth for agents [www.vestauth.com]
2026-08-01 10:35:53: 3. About to listen on 5000
2026-08-01 10:35:56: ◇ injected env (0) from .env // tip: ◈ encrypted .env [www.dotenvx.com]
2026-08-01 10:35:56: 3. About to listen on 5000
2026-08-01 10:35:59: ◇ injected env (0) from .env // tip: ⌁ auth for agents [www.vestauth.com]
2026-08-01 10:36:00: 3. About to listen on 5000
2026-08-01 10:36:03: ◇ injected env (0) from .env // tip: ⌘ enable debugging { debug: true }
2026-08-01 10:36:03: 3. About to listen on 5000
2026-08-01 10:36:06: ◇ injected env (0) from .env // tip: ⌘ suppress logs { quiet: true }
2026-08-01 10:36:06: 3. About to listen on 5000
2026-08-01 10:36:09: ◇ injected env (0) from .env // tip: ⌘ enable debugging { debug: true }
2026-08-01 10:36:09: 3. About to listen on 5000
2026-08-01 10:36:13: ◇ injected env (0) from .env // tip: ⌘ override existing { override: true }
2026-08-01 10:36:13: 3. About to listen on 5000
2026-08-01 10:36:16: ◇ injected env (0) from .env // tip: ⌁ auth for agents [www.vestauth.com]
2026-08-01 10:36:16: 3. About to listen on 5000
2026-08-01 10:36:19: ◇ injected env (0) from .env // tip: ◈ encrypted .env [www.dotenvx.com]
2026-08-01 10:36:19: 3. About to listen on 5000
2026-08-01 10:36:22: ◇ injected env (0) from .env // tip: ⌘ custom filepath { path: '/custom/path/.env' }
2026-08-01 10:36:22: 3. About to listen on 5000
2026-08-01 10:36:26: ◇ injected env (0) from .env // tip: ⌘ override existing { override: true }
2026-08-01 10:36:26: 3. About to listen on 5000
2026-08-01 10:36:29: ◇ injected env (0) from .env // tip: ⌘ suppress logs { quiet: true }
2026-08-01 10:36:29: 3. About to listen on 5000
2026-08-01 10:36:32: ◇ injected env (0) from .env // tip: ⌘ suppress logs { quiet: true }
2026-08-01 10:36:32: 3. About to listen on 5000
2026-08-01 10:36:35: ◇ injected env (0) from .env // tip: ⌘ override existing { override: true }
2026-08-01 10:36:35: 3. About to listen on 5000
2026-08-01 10:36:39: ◇ injected env (0) from .env // tip: ⌘ suppress logs { quiet: true }
2026-08-01 10:36:39: 3. About to listen on 5000
2026-08-01 10:36:42: ◇ injected env (0) from .env // tip: ⌘ enable debugging { debug: true }
2026-08-01 10:36:42: 3. About to listen on 5000
2026-08-01 10:36:45: ◇ injected env (0) from .env // tip: ⌘ multiple files { path: ['.env.local', '.env'] }
2026-08-01 10:36:45: 3. About to listen on 5000
2026-08-01 10:36:49: ◇ injected env (0) from .env // tip: ⌘ multiple files { path: ['.env.local', '.env'] }
2026-08-01 10:36:49: 3. About to listen on 5000
2026-08-01 10:36:52: ◇ injected env (0) from .env // tip: ⌘ suppress logs { quiet: true }
2026-08-01 10:36:52: 3. About to listen on 5000
2026-08-01 10:36:55: ◇ injected env (0) from .env // tip: ◈ encrypted .env [www.dotenvx.com]
2026-08-01 10:36:55: 3. About to listen on 5000
2026-08-01 10:36:58: ◇ injected env (0) from .env // tip: ⌘ multiple files { path: ['.env.local', '.env'] }
2026-08-01 10:36:58: 3. About to listen on 5000
2026-08-01 10:37:02: ◇ injected env (0) from .env // tip: ⌘ custom filepath { path: '/custom/path/.env' }
2026-08-01 10:37:02: 3. About to listen on 5000
2026-08-01 10:37:05: ◇ injected env (0) from .env // tip: ◈ encrypted .env [www.dotenvx.com]
2026-08-01 10:37:05: 3. About to listen on 5000
2026-08-01 10:37:08: ◇ injected env (0) from .env // tip: ⌁ auth for agents [www.vestauth.com]
2026-08-01 10:37:08: 3. About to listen on 5000
2026-08-01 10:37:11: ◇ injected env (0) from .env // tip: ⌘ enable debugging { debug: true }
2026-08-01 10:37:11: 3. About to listen on 5000
2026-08-01 10:37:15: ◇ injected env (0) from .env // tip: ⌘ enable debugging { debug: true }
2026-08-01 10:37:15: 3. About to listen on 5000
2026-08-01 10:37:18: ◇ injected env (0) from .env // tip: ⌘ enable debugging { debug: true }
2026-08-01 10:37:18: 3. About to listen on 5000
2026-08-01 10:37:21: ◇ injected env (0) from .env // tip: ⌘ enable debugging { debug: true }
2026-08-01 10:37:21: 3. About to listen on 5000
2026-08-01 10:37:24: ◇ injected env (0) from .env // tip: ⌘ suppress logs { quiet: true }
2026-08-01 10:37:24: 3. About to listen on 5000
2026-08-01 10:37:28: ◇ injected env (0) from .env // tip: ◈ encrypted .env [www.dotenvx.com]
2026-08-01 10:37:28: 3. About to listen on 5000
2026-08-01 10:37:31: ◇ injected env (0) from .env // tip: ⌘ enable debugging { debug: true }
2026-08-01 10:37:31: 3. About to listen on 5000
2026-08-01 10:37:34: ◇ injected env (0) from .env // tip: ⌘ override existing { override: true }
2026-08-01 10:37:34: 3. About to listen on 5000
2026-08-01 10:37:38: ◇ injected env (0) from .env // tip: ⌘ override existing { override: true }
2026-08-01 10:37:38: 3. About to listen on 5000
2026-08-01 10:37:41: ◇ injected env (0) from .env // tip: ⌘ custom filepath { path: '/custom/path/.env' }
2026-08-01 10:37:41: 3. About to listen on 5000
2026-08-01 10:37:44: ◇ injected env (0) from .env // tip: ⌘ enable debugging { debug: true }
2026-08-01 10:37:44: 3. About to listen on 5000
2026-08-01 10:37:47: ◇ injected env (0) from .env // tip: ⌘ suppress logs { quiet: true }
2026-08-01 10:37:47: 3. About to listen on 5000
2026-08-01 10:37:51: ◇ injected env (0) from .env // tip: ⌘ multiple files { path: ['.env.local', '.env'] }
2026-08-01 10:37:51: 3. About to listen on 5000
2026-08-01 10:37:54: ◇ injected env (0) from .env // tip: ◈ secrets for agents [www.dotenvx.com]
2026-08-01 10:37:54: 3. About to listen on 5000
2026-08-01 10:37:57: ◇ injected env (0) from .env // tip: ⌘ enable debugging { debug: true }
2026-08-01 10:37:57: 3. About to listen on 5000
2026-08-01 10:38:00: ◇ injected env (0) from .env // tip: ⌁ auth for agents [www.vestauth.com]
2026-08-01 10:38:00: 3. About to listen on 5000
2026-08-01 10:38:04: ◇ injected env (0) from .env // tip: ⌁ auth for agents [www.vestauth.com]
2026-08-01 10:38:04: 3. About to listen on 5000
2026-08-01 10:38:07: ◇ injected env (0) from .env // tip: ◈ secrets for agents [www.dotenvx.com]
2026-08-01 10:38:07: 3. About to listen on 5000
2026-08-01 10:38:10: ◇ injected env (0) from .env // tip: ⌘ suppress logs { quiet: true }
2026-08-01 10:38:10: 3. About to listen on 5000
2026-08-01 10:38:14: ◇ injected env (0) from .env // tip: ⌘ enable debugging { debug: true }
2026-08-01 10:38:14: 3. About to listen on 5000
2026-08-01 10:38:17: ◇ injected env (0) from .env // tip: ◈ secrets for agents [www.dotenvx.com]
2026-08-01 10:38:17: 3. About to listen on 5000
2026-08-01 10:38:20: ◇ injected env (0) from .env // tip: ◈ encrypted .env [www.dotenvx.com]
2026-08-01 10:38:20: 3. About to listen on 5000
2026-08-01 10:38:23: ◇ injected env (0) from .env // tip: ⌘ suppress logs { quiet: true }
2026-08-01 10:38:23: 3. About to listen on 5000
2026-08-01 10:38:27: ◇ injected env (0) from .env // tip: ⌘ enable debugging { debug: true }
2026-08-01 10:38:27: 3. About to listen on 5000
2026-08-01 10:38:30: ◇ injected env (0) from .env // tip: ⌘ override existing { override: true }
2026-08-01 10:38:30: 3. About to listen on 5000
2026-08-01 10:38:33: ◇ injected env (0) from .env // tip: ◈ secrets for agents [www.dotenvx.com]
2026-08-01 10:38:33: 3. About to listen on 5000
2026-08-01 10:38:36: ◇ injected env (0) from .env // tip: ⌁ auth for agents [www.vestauth.com]
2026-08-01 10:38:36: 3. About to listen on 5000
2026-08-01 10:38:40: ◇ injected env (0) from .env // tip: ⌘ suppress logs { quiet: true }
2026-08-01 10:38:40: 3. About to listen on 5000
2026-08-01 10:38:43: ◇ injected env (0) from .env // tip: ⌘ enable debugging { debug: true }
2026-08-01 10:38:43: 3. About to listen on 5000
2026-08-01 10:38:46: ◇ injected env (0) from .env // tip: ⌘ suppress logs { quiet: true }
2026-08-01 10:38:46: 3. About to listen on 5000
2026-08-01 10:38:49: ◇ injected env (0) from .env // tip: ⌘ enable debugging { debug: true }
2026-08-01 10:38:49: 3. About to listen on 5000
2026-08-01 10:38:53: ◇ injected env (0) from .env // tip: ◈ encrypted .env [www.dotenvx.com]
2026-08-01 10:38:53: 3. About to listen on 5000
2026-08-01 10:38:56: ◇ injected env (0) from .env // tip: ◈ encrypted .env [www.dotenvx.com]
2026-08-01 10:38:56: 3. About to listen on 5000
2026-08-01 10:38:59: ◇ injected env (0) from .env // tip: ◈ encrypted .env [www.dotenvx.com]
2026-08-01 10:38:59: 3. About to listen on 5000
2026-08-01 10:39:03: ◇ injected env (0) from .env // tip: ⌘ override existing { override: true }
2026-08-01 10:39:03: 3. About to listen on 5000
2026-08-01 10:39:06: ◇ injected env (0) from .env // tip: ⌘ custom filepath { path: '/custom/path/.env' }
2026-08-01 10:39:06: 3. About to listen on 5000
2026-08-01 10:39:09: ◇ injected env (0) from .env // tip: ◈ encrypted .env [www.dotenvx.com]
2026-08-01 10:39:09: 3. About to listen on 5000
2026-08-01 10:39:12: ◇ injected env (0) from .env // tip: ◈ secrets for agents [www.dotenvx.com]
2026-08-01 10:39:12: 3. About to listen on 5000
2026-08-01 10:39:16: ◇ injected env (0) from .env // tip: ⌘ suppress logs { quiet: true }
2026-08-01 10:39:16: 3. About to listen on 5000
2026-08-01 10:39:19: ◇ injected env (0) from .env // tip: ◈ encrypted .env [www.dotenvx.com]
2026-08-01 10:39:19: 3. About to listen on 5000
2026-08-01 10:39:22: ◇ injected env (0) from .env // tip: ⌘ custom filepath { path: '/custom/path/.env' }
2026-08-01 10:39:22: 3. About to listen on 5000
2026-08-01 10:39:25: ◇ injected env (0) from .env // tip: ⌘ enable debugging { debug: true }
2026-08-01 10:39:25: 3. About to listen on 5000
2026-08-01 10:39:29: ◇ injected env (0) from .env // tip: ⌘ override existing { override: true }
2026-08-01 10:39:29: 3. About to listen on 5000
2026-08-01 10:39:32: ◇ injected env (0) from .env // tip: ⌘ suppress logs { quiet: true }
2026-08-01 10:39:32: 3. About to listen on 5000
2026-08-01 10:39:35: ◇ injected env (0) from .env // tip: ⌘ custom filepath { path: '/custom/path/.env' }
2026-08-01 10:39:35: 3. About to listen on 5000
2026-08-01 10:39:38: ◇ injected env (0) from .env // tip: ⌘ custom filepath { path: '/custom/path/.env' }
2026-08-01 10:39:38: 3. About to listen on 5000
2026-08-01 10:39:42: ◇ injected env (0) from .env // tip: ⌘ custom filepath { path: '/custom/path/.env' }
2026-08-01 10:39:42: 3. About to listen on 5000
2026-08-01 10:39:45: ◇ injected env (0) from .env // tip: ⌘ enable debugging { debug: true }
2026-08-01 10:39:45: 3. About to listen on 5000
2026-08-01 10:39:48: ◇ injected env (0) from .env // tip: ◈ encrypted .env [www.dotenvx.com]
2026-08-01 10:39:48: 3. About to listen on 5000
2026-08-01 10:39:52: ◇ injected env (0) from .env // tip: ◈ encrypted .env [www.dotenvx.com]
2026-08-01 10:39:52: 3. About to listen on 5000
2026-08-01 10:39:55: ◇ injected env (0) from .env // tip: ⌘ custom filepath { path: '/custom/path/.env' }
2026-08-01 10:39:55: 3. About to listen on 5000
2026-08-01 10:39:58: ◇ injected env (0) from .env // tip: ◈ secrets for agents [www.dotenvx.com]
2026-08-01 10:39:58: 3. About to listen on 5000
2026-08-01 10:40:01: ◇ injected env (0) from .env // tip: ⌁ auth for agents [www.vestauth.com]
2026-08-01 10:40:01: 3. About to listen on 5000
2026-08-01 10:40:05: ◇ injected env (0) from .env // tip: ◈ encrypted .env [www.dotenvx.com]
2026-08-01 10:40:05: 3. About to listen on 5000
2026-08-01 10:40:08: ◇ injected env (0) from .env // tip: ⌘ suppress logs { quiet: true }
2026-08-01 10:40:08: 3. About to listen on 5000
2026-08-01 10:40:11: ◇ injected env (0) from .env // tip: ⌘ enable debugging { debug: true }
2026-08-01 10:40:11: 3. About to listen on 5000
2026-08-01 10:40:14: ◇ injected env (0) from .env // tip: ⌘ multiple files { path: ['.env.local', '.env'] }
2026-08-01 10:40:14: 3. About to listen on 5000
2026-08-01 10:40:18: ◇ injected env (0) from .env // tip: ⌘ custom filepath { path: '/custom/path/.env' }
2026-08-01 10:40:18: 3. About to listen on 5000
2026-08-01 10:40:21: ◇ injected env (0) from .env // tip: ◈ secrets for agents [www.dotenvx.com]
2026-08-01 10:40:21: 3. About to listen on 5000
2026-08-01 10:40:24: ◇ injected env (0) from .env // tip: ◈ encrypted .env [www.dotenvx.com]
2026-08-01 10:40:24: 3. About to listen on 5000
2026-08-01 10:40:28: ◇ injected env (0) from .env // tip: ◈ secrets for agents [www.dotenvx.com]
2026-08-01 10:40:28: 3. About to listen on 5000
2026-08-01 10:40:31: ◇ injected env (0) from .env // tip: ◈ encrypted .env [www.dotenvx.com]
2026-08-01 10:40:31: 3. About to listen on 5000
2026-08-01 10:40:34: ◇ injected env (0) from .env // tip: ⌘ override existing { override: true }
2026-08-01 10:40:34: 3. About to listen on 5000
2026-08-01 10:40:37: ◇ injected env (0) from .env // tip: ⌘ enable debugging { debug: true }
2026-08-01 10:40:37: 3. About to listen on 5000
2026-08-01 10:40:41: ◇ injected env (0) from .env // tip: ⌘ custom filepath { path: '/custom/path/.env' }
2026-08-01 10:40:41: 3. About to listen on 5000
2026-08-01 10:40:44: ◇ injected env (0) from .env // tip: ◈ secrets for agents [www.dotenvx.com]
2026-08-01 10:40:44: 3. About to listen on 5000
2026-08-01 10:40:47: ◇ injected env (0) from .env // tip: ⌘ suppress logs { quiet: true }
2026-08-01 10:40:47: 3. About to listen on 5000
2026-08-01 10:40:50: ◇ injected env (0) from .env // tip: ◈ encrypted .env [www.dotenvx.com]
2026-08-01 10:40:50: 3. About to listen on 5000
2026-08-01 10:40:54: ◇ injected env (0) from .env // tip: ⌁ auth for agents [www.vestauth.com]
2026-08-01 10:40:54: 3. About to listen on 5000
2026-08-01 10:40:57: ◇ injected env (0) from .env // tip: ⌘ custom filepath { path: '/custom/path/.env' }
2026-08-01 10:40:57: 3. About to listen on 5000
2026-08-01 10:41:00: ◇ injected env (0) from .env // tip: ⌘ custom filepath { path: '/custom/path/.env' }
2026-08-01 10:41:00: 3. About to listen on 5000
2026-08-01 10:41:03: ◇ injected env (0) from .env // tip: ⌁ auth for agents [www.vestauth.com]
2026-08-01 10:41:04: 3. About to listen on 5000
2026-08-01 10:41:07: ◇ injected env (0) from .env // tip: ⌘ enable debugging { debug: true }
2026-08-01 10:41:07: 3. About to listen on 5000
2026-08-01 10:41:10: ◇ injected env (0) from .env // tip: ⌘ multiple files { path: ['.env.local', '.env'] }
2026-08-01 10:41:10: 3. About to listen on 5000
2026-08-01 10:41:13: ◇ injected env (0) from .env // tip: ◈ secrets for agents [www.dotenvx.com]
2026-08-01 10:41:13: 3. About to listen on 5000
2026-08-01 10:41:17: ◇ injected env (0) from .env // tip: ⌘ custom filepath { path: '/custom/path/.env' }
2026-08-01 10:41:17: 3. About to listen on 5000
2026-08-01 10:41:20: ◇ injected env (0) from .env // tip: ⌘ custom filepath { path: '/custom/path/.env' }
2026-08-01 10:41:20: 3. About to listen on 5000
2026-08-01 10:41:23: ◇ injected env (0) from .env // tip: ⌘ custom filepath { path: '/custom/path/.env' }
2026-08-01 10:41:23: 3. About to listen on 5000
2026-08-01 10:41:26: ◇ injected env (0) from .env // tip: ◈ secrets for agents [www.dotenvx.com]
2026-08-01 10:41:26: 3. About to listen on 5000
2026-08-01 10:41:30: ◇ injected env (0) from .env // tip: ◈ secrets for agents [www.dotenvx.com]
2026-08-01 10:41:30: 3. About to listen on 5000
2026-08-01 10:41:33: ◇ injected env (0) from .env // tip: ◈ encrypted .env [www.dotenvx.com]
2026-08-01 10:41:33: 3. About to listen on 5000
2026-08-01 10:41:36: ◇ injected env (0) from .env // tip: ⌘ suppress logs { quiet: true }
2026-08-01 10:41:36: 3. About to listen on 5000
2026-08-01 10:41:39: ◇ injected env (0) from .env // tip: ⌘ multiple files { path: ['.env.local', '.env'] }
2026-08-01 10:41:39: 3. About to listen on 5000
2026-08-01 10:41:43: ◇ injected env (0) from .env // tip: ⌘ override existing { override: true }
2026-08-01 10:41:43: 3. About to listen on 5000
2026-08-01 10:41:46: ◇ injected env (0) from .env // tip: ⌘ enable debugging { debug: true }
2026-08-01 10:41:46: 3. About to listen on 5000
2026-08-01 10:41:49: ◇ injected env (0) from .env // tip: ◈ secrets for agents [www.dotenvx.com]
2026-08-01 10:41:49: 3. About to listen on 5000
2026-08-01 10:41:53: ◇ injected env (0) from .env // tip: ⌁ auth for agents [www.vestauth.com]
2026-08-01 10:41:53: 3. About to listen on 5000
2026-08-01 10:41:56: ◇ injected env (0) from .env // tip: ⌘ multiple files { path: ['.env.local', '.env'] }
2026-08-01 10:41:56: 3. About to listen on 5000
2026-08-01 10:41:59: ◇ injected env (0) from .env // tip: ⌘ suppress logs { quiet: true }
2026-08-01 10:41:59: 3. About to listen on 5000
2026-08-01 10:42:02: ◇ injected env (0) from .env // tip: ⌘ enable debugging { debug: true }
2026-08-01 10:42:02: 3. About to listen on 5000
2026-08-01 10:42:06: ◇ injected env (0) from .env // tip: ⌘ suppress logs { quiet: true }
2026-08-01 10:42:06: 3. About to listen on 5000
2026-08-01 10:42:09: ◇ injected env (0) from .env // tip: ◈ encrypted .env [www.dotenvx.com]
2026-08-01 10:42:09: 3. About to listen on 5000
2026-08-01 10:42:12: ◇ injected env (0) from .env // tip: ⌘ override existing { override: true }
2026-08-01 10:42:12: 3. About to listen on 5000
2026-08-01 10:42:15: ◇ injected env (0) from .env // tip: ⌘ override existing { override: true }
2026-08-01 10:42:15: 3. About to listen on 5000
2026-08-01 10:42:19: ◇ injected env (0) from .env // tip: ◈ secrets for agents [www.dotenvx.com]
2026-08-01 10:42:19: 3. About to listen on 5000
2026-08-01 10:42:22: ◇ injected env (0) from .env // tip: ◈ encrypted .env [www.dotenvx.com]
2026-08-01 10:42:22: 3. About to listen on 5000
2026-08-01 10:42:25: ◇ injected env (0) from .env // tip: ◈ secrets for agents [www.dotenvx.com]
2026-08-01 10:42:25: 3. About to listen on 5000
2026-08-01 10:42:29: ◇ injected env (0) from .env // tip: ⌘ suppress logs { quiet: true }
2026-08-01 10:42:29: 3. About to listen on 5000
2026-08-01 10:42:32: ◇ injected env (0) from .env // tip: ⌘ override existing { override: true }
2026-08-01 10:42:32: 3. About to listen on 5000
2026-08-01 10:42:35: ◇ injected env (0) from .env // tip: ⌘ custom filepath { path: '/custom/path/.env' }
2026-08-01 10:42:35: 3. About to listen on 5000
2026-08-01 10:42:38: ◇ injected env (0) from .env // tip: ◈ secrets for agents [www.dotenvx.com]
2026-08-01 10:42:38: 3. About to listen on 5000
2026-08-01 10:42:42: ◇ injected env (0) from .env // tip: ⌘ override existing { override: true }
2026-08-01 10:42:42: 3. About to listen on 5000
2026-08-01 10:42:45: ◇ injected env (0) from .env // tip: ⌘ suppress logs { quiet: true }
2026-08-01 10:42:45: 3. About to listen on 5000
2026-08-01 10:42:48: ◇ injected env (0) from .env // tip: ⌘ custom filepath { path: '/custom/path/.env' }
2026-08-01 10:42:48: 3. About to listen on 5000
2026-08-01 10:42:51: ◇ injected env (0) from .env // tip: ⌘ multiple files { path: ['.env.local', '.env'] }
2026-08-01 10:42:51: 3. About to listen on 5000
2026-08-01 10:42:55: ◇ injected env (0) from .env // tip: ⌘ multiple files { path: ['.env.local', '.env'] }
2026-08-01 10:42:55: 3. About to listen on 5000
2026-08-01 10:42:58: ◇ injected env (0) from .env // tip: ◈ encrypted .env [www.dotenvx.com]
2026-08-01 10:42:58: 3. About to listen on 5000
2026-08-01 10:43:01: ◇ injected env (0) from .env // tip: ⌘ custom filepath { path: '/custom/path/.env' }
2026-08-01 10:43:01: 3. About to listen on 5000
2026-08-01 10:43:05: ◇ injected env (0) from .env // tip: ⌘ suppress logs { quiet: true }
2026-08-01 10:43:05: 3. About to listen on 5000
2026-08-01 10:43:08: ◇ injected env (0) from .env // tip: ◈ encrypted .env [www.dotenvx.com]
2026-08-01 10:43:08: 3. About to listen on 5000
2026-08-01 10:43:11: ◇ injected env (0) from .env // tip: ◈ encrypted .env [www.dotenvx.com]
2026-08-01 10:43:11: 3. About to listen on 5000
2026-08-01 10:43:14: ◇ injected env (0) from .env // tip: ◈ secrets for agents [www.dotenvx.com]
2026-08-01 10:43:14: 3. About to listen on 5000
2026-08-01 10:43:18: ◇ injected env (0) from .env // tip: ⌘ custom filepath { path: '/custom/path/.env' }
2026-08-01 10:43:18: 3. About to listen on 5000
2026-08-01 10:43:21: ◇ injected env (0) from .env // tip: ⌘ suppress logs { quiet: true }
2026-08-01 10:43:21: 3. About to listen on 5000
2026-08-01 10:43:24: ◇ injected env (0) from .env // tip: ⌘ custom filepath { path: '/custom/path/.env' }
2026-08-01 10:43:24: 3. About to listen on 5000
2026-08-01 10:43:27: ◇ injected env (0) from .env // tip: ⌘ enable debugging { debug: true }
2026-08-01 10:43:27: 3. About to listen on 5000
2026-08-01 10:43:31: ◇ injected env (0) from .env // tip: ⌘ multiple files { path: ['.env.local', '.env'] }
2026-08-01 10:43:31: 3. About to listen on 5000
2026-08-01 10:43:34: ◇ injected env (0) from .env // tip: ⌘ enable debugging { debug: true }
2026-08-01 10:43:34: 3. About to listen on 5000
2026-08-01 10:43:37: ◇ injected env (0) from .env // tip: ⌘ override existing { override: true }
2026-08-01 10:43:37: 3. About to listen on 5000
2026-08-01 10:43:40: ◇ injected env (0) from .env // tip: ⌘ custom filepath { path: '/custom/path/.env' }
2026-08-01 10:43:41: 3. About to listen on 5000
2026-08-01 10:43:44: ◇ injected env (0) from .env // tip: ⌁ auth for agents [www.vestauth.com]
2026-08-01 10:43:44: 3. About to listen on 5000
2026-08-01 10:43:47: ◇ injected env (0) from .env // tip: ⌘ multiple files { path: ['.env.local', '.env'] }
2026-08-01 10:43:47: 3. About to listen on 5000
2026-08-01 10:43:50: ◇ injected env (0) from .env // tip: ⌁ auth for agents [www.vestauth.com]
2026-08-01 10:43:50: 3. About to listen on 5000
2026-08-01 10:43:54: ◇ injected env (0) from .env // tip: ◈ secrets for agents [www.dotenvx.com]
2026-08-01 10:43:54: 3. About to listen on 5000
2026-08-01 10:43:57: ◇ injected env (0) from .env // tip: ⌘ override existing { override: true }
2026-08-01 10:43:57: 3. About to listen on 5000
2026-08-01 10:44:00: ◇ injected env (0) from .env // tip: ⌘ suppress logs { quiet: true }
2026-08-01 10:44:00: 3. About to listen on 5000
2026-08-01 10:44:03: ◇ injected env (0) from .env // tip: ◈ secrets for agents [www.dotenvx.com]
2026-08-01 10:44:03: 3. About to listen on 5000
2026-08-01 10:44:07: ◇ injected env (0) from .env // tip: ◈ secrets for agents [www.dotenvx.com]
2026-08-01 10:44:07: 3. About to listen on 5000
2026-08-01 10:44:10: ◇ injected env (0) from .env // tip: ⌁ auth for agents [www.vestauth.com]
2026-08-01 10:44:10: 3. About to listen on 5000
2026-08-01 10:44:13: ◇ injected env (0) from .env // tip: ◈ encrypted .env [www.dotenvx.com]
2026-08-01 10:44:13: 3. About to listen on 5000
2026-08-01 10:44:16: ◇ injected env (0) from .env // tip: ◈ encrypted .env [www.dotenvx.com]
2026-08-01 10:44:16: 3. About to listen on 5000
2026-08-01 10:44:20: ◇ injected env (0) from .env // tip: ⌘ enable debugging { debug: true }
2026-08-01 10:44:20: 3. About to listen on 5000
2026-08-01 10:44:23: ◇ injected env (0) from .env // tip: ⌘ multiple files { path: ['.env.local', '.env'] }
2026-08-01 10:44:23: 3. About to listen on 5000
2026-08-01 10:44:26: ◇ injected env (0) from .env // tip: ⌘ enable debugging { debug: true }
2026-08-01 10:44:26: 3. About to listen on 5000
2026-08-01 10:44:30: ◇ injected env (0) from .env // tip: ⌘ suppress logs { quiet: true }
2026-08-01 10:44:30: 3. About to listen on 5000
2026-08-01 10:44:33: ◇ injected env (0) from .env // tip: ⌁ auth for agents [www.vestauth.com]
2026-08-01 10:44:33: 3. About to listen on 5000
2026-08-01 10:44:36: ◇ injected env (0) from .env // tip: ⌘ suppress logs { quiet: true }
2026-08-01 10:44:36: 3. About to listen on 5000
2026-08-01 10:44:39: ◇ injected env (0) from .env // tip: ⌁ auth for agents [www.vestauth.com]
2026-08-01 10:44:39: 3. About to listen on 5000
2026-08-01 10:44:43: ◇ injected env (0) from .env // tip: ⌁ auth for agents [www.vestauth.com]
2026-08-01 10:44:43: 3. About to listen on 5000
2026-08-01 10:44:46: ◇ injected env (0) from .env // tip: ⌘ multiple files { path: ['.env.local', '.env'] }
2026-08-01 10:44:46: 3. About to listen on 5000
2026-08-01 10:44:49: ◇ injected env (0) from .env // tip: ⌘ custom filepath { path: '/custom/path/.env' }
2026-08-01 10:44:49: 3. About to listen on 5000
2026-08-01 10:44:52: ◇ injected env (0) from .env // tip: ⌘ multiple files { path: ['.env.local', '.env'] }
2026-08-01 10:44:52: 3. About to listen on 5000
2026-08-01 10:44:56: ◇ injected env (0) from .env // tip: ⌘ custom filepath { path: '/custom/path/.env' }
2026-08-01 10:44:56: 3. About to listen on 5000
2026-08-01 10:44:59: ◇ injected env (0) from .env // tip: ⌘ enable debugging { debug: true }
2026-08-01 10:44:59: 3. About to listen on 5000
2026-08-01 10:45:02: ◇ injected env (0) from .env // tip: ◈ secrets for agents [www.dotenvx.com]
2026-08-01 10:45:02: 3. About to listen on 5000
2026-08-01 10:45:06: ◇ injected env (0) from .env // tip: ⌘ override existing { override: true }
2026-08-01 10:45:06: 3. About to listen on 5000
2026-08-01 10:45:09: ◇ injected env (0) from .env // tip: ⌘ enable debugging { debug: true }
2026-08-01 10:45:09: 3. About to listen on 5000
2026-08-01 10:45:12: ◇ injected env (0) from .env // tip: ⌘ enable debugging { debug: true }
2026-08-01 10:45:12: 3. About to listen on 5000
2026-08-01 10:45:15: ◇ injected env (0) from .env // tip: ⌁ auth for agents [www.vestauth.com]
2026-08-01 10:45:15: 3. About to listen on 5000
2026-08-01 10:45:19: ◇ injected env (0) from .env // tip: ⌘ override existing { override: true }
2026-08-01 10:45:19: 3. About to listen on 5000
2026-08-01 10:45:22: ◇ injected env (0) from .env // tip: ⌁ auth for agents [www.vestauth.com]
2026-08-01 10:45:22: 3. About to listen on 5000
2026-08-01 10:45:25: ◇ injected env (0) from .env // tip: ⌘ custom filepath { path: '/custom/path/.env' }
2026-08-01 10:45:25: 3. About to listen on 5000
2026-08-01 10:45:28: ◇ injected env (0) from .env // tip: ◈ secrets for agents [www.dotenvx.com]
2026-08-01 10:45:28: 3. About to listen on 5000
2026-08-01 10:45:32: ◇ injected env (0) from .env // tip: ⌘ enable debugging { debug: true }
2026-08-01 10:45:32: 3. About to listen on 5000
2026-08-01 10:45:35: ◇ injected env (0) from .env // tip: ⌁ auth for agents [www.vestauth.com]
2026-08-01 10:45:35: 3. About to listen on 5000
2026-08-01 10:45:38: ◇ injected env (0) from .env // tip: ⌘ custom filepath { path: '/custom/path/.env' }
2026-08-01 10:45:38: 3. About to listen on 5000
2026-08-01 10:45:41: ◇ injected env (0) from .env // tip: ⌘ multiple files { path: ['.env.local', '.env'] }
2026-08-01 10:45:42: 3. About to listen on 5000
2026-08-01 10:45:45: ◇ injected env (0) from .env // tip: ◈ secrets for agents [www.dotenvx.com]
2026-08-01 10:45:45: 3. About to listen on 5000
2026-08-01 10:45:48: ◇ injected env (0) from .env // tip: ◈ encrypted .env [www.dotenvx.com]
2026-08-01 10:45:48: 3. About to listen on 5000
2026-08-01 10:45:51: ◇ injected env (0) from .env // tip: ⌘ custom filepath { path: '/custom/path/.env' }
2026-08-01 10:45:51: 3. About to listen on 5000
2026-08-01 10:45:55: ◇ injected env (0) from .env // tip: ◈ secrets for agents [www.dotenvx.com]
2026-08-01 10:45:55: 3. About to listen on 5000
2026-08-01 10:45:58: ◇ injected env (0) from .env // tip: ⌘ custom filepath { path: '/custom/path/.env' }
2026-08-01 10:45:58: 3. About to listen on 5000
2026-08-01 10:46:01: ◇ injected env (0) from .env // tip: ⌘ override existing { override: true }
2026-08-01 10:46:01: 3. About to listen on 5000
2026-08-01 10:46:04: ◇ injected env (0) from .env // tip: ⌘ custom filepath { path: '/custom/path/.env' }
2026-08-01 10:46:04: 3. About to listen on 5000
2026-08-01 10:46:08: ◇ injected env (0) from .env // tip: ⌘ enable debugging { debug: true }
2026-08-01 10:46:08: 3. About to listen on 5000
2026-08-01 10:46:11: ◇ injected env (0) from .env // tip: ◈ secrets for agents [www.dotenvx.com]
2026-08-01 10:46:11: 3. About to listen on 5000
2026-08-01 10:46:14: ◇ injected env (0) from .env // tip: ⌘ suppress logs { quiet: true }
2026-08-01 10:46:14: 3. About to listen on 5000
2026-08-01 10:46:17: ◇ injected env (0) from .env // tip: ⌘ override existing { override: true }
2026-08-01 10:46:17: 3. About to listen on 5000
2026-08-01 10:46:21: ◇ injected env (0) from .env // tip: ◈ encrypted .env [www.dotenvx.com]
2026-08-01 10:46:21: 3. About to listen on 5000
2026-08-01 10:46:24: ◇ injected env (0) from .env // tip: ◈ encrypted .env [www.dotenvx.com]
2026-08-01 10:46:24: 3. About to listen on 5000
2026-08-01 10:46:27: ◇ injected env (0) from .env // tip: ⌘ override existing { override: true }
2026-08-01 10:46:27: 3. About to listen on 5000
2026-08-01 10:46:31: ◇ injected env (0) from .env // tip: ◈ encrypted .env [www.dotenvx.com]
2026-08-01 10:46:31: 3. About to listen on 5000
2026-08-01 10:46:34: ◇ injected env (0) from .env // tip: ◈ encrypted .env [www.dotenvx.com]
2026-08-01 10:46:34: 3. About to listen on 5000
2026-08-01 10:46:37: ◇ injected env (0) from .env // tip: ⌁ auth for agents [www.vestauth.com]
2026-08-01 10:46:37: 3. About to listen on 5000
2026-08-01 10:46:40: ◇ injected env (0) from .env // tip: ⌁ auth for agents [www.vestauth.com]
2026-08-01 10:46:40: 3. About to listen on 5000
2026-08-01 10:46:44: ◇ injected env (0) from .env // tip: ⌘ enable debugging { debug: true }
2026-08-01 10:46:44: 3. About to listen on 5000
2026-08-01 10:46:47: ◇ injected env (0) from .env // tip: ⌘ enable debugging { debug: true }
2026-08-01 10:46:47: 3. About to listen on 5000
2026-08-01 10:46:50: ◇ injected env (0) from .env // tip: ⌁ auth for agents [www.vestauth.com]
2026-08-01 10:46:50: 3. About to listen on 5000
2026-08-01 10:46:53: ◇ injected env (0) from .env // tip: ⌘ custom filepath { path: '/custom/path/.env' }
2026-08-01 10:46:53: 3. About to listen on 5000
2026-08-01 10:46:57: ◇ injected env (0) from .env // tip: ◈ encrypted .env [www.dotenvx.com]
2026-08-01 10:46:57: 3. About to listen on 5000
2026-08-01 10:47:00: ◇ injected env (0) from .env // tip: ⌘ enable debugging { debug: true }
2026-08-01 10:47:00: 3. About to listen on 5000
2026-08-01 10:47:03: ◇ injected env (0) from .env // tip: ⌘ multiple files { path: ['.env.local', '.env'] }
2026-08-01 10:47:03: 3. About to listen on 5000
2026-08-01 10:47:07: ◇ injected env (0) from .env // tip: ⌘ suppress logs { quiet: true }
2026-08-01 10:47:07: 3. About to listen on 5000
2026-08-01 10:47:10: ◇ injected env (0) from .env // tip: ⌘ enable debugging { debug: true }
2026-08-01 10:47:10: 3. About to listen on 5000
2026-08-01 10:47:13: ◇ injected env (0) from .env // tip: ⌘ override existing { override: true }
2026-08-01 10:47:13: 3. About to listen on 5000
2026-08-01 10:47:16: ◇ injected env (0) from .env // tip: ⌘ override existing { override: true }
2026-08-01 10:47:16: 3. About to listen on 5000
2026-08-01 10:47:20: ◇ injected env (0) from .env // tip: ⌘ override existing { override: true }
2026-08-01 10:47:20: 3. About to listen on 5000
2026-08-01 10:47:23: ◇ injected env (0) from .env // tip: ⌘ suppress logs { quiet: true }
2026-08-01 10:47:23: 3. About to listen on 5000
2026-08-01 10:47:26: ◇ injected env (0) from .env // tip: ⌘ custom filepath { path: '/custom/path/.env' }
2026-08-01 10:47:26: 3. About to listen on 5000
2026-08-01 10:47:29: ◇ injected env (0) from .env // tip: ⌘ custom filepath { path: '/custom/path/.env' }
2026-08-01 10:47:29: 3. About to listen on 5000
2026-08-01 10:47:33: ◇ injected env (0) from .env // tip: ◈ secrets for agents [www.dotenvx.com]
2026-08-01 10:47:33: 3. About to listen on 5000
2026-08-01 10:47:36: ◇ injected env (0) from .env // tip: ⌘ override existing { override: true }
2026-08-01 10:47:36: 3. About to listen on 5000
2026-08-01 10:47:39: ◇ injected env (0) from .env // tip: ⌘ custom filepath { path: '/custom/path/.env' }
2026-08-01 10:47:39: 3. About to listen on 5000
2026-08-01 10:47:42: ◇ injected env (0) from .env // tip: ⌘ multiple files { path: ['.env.local', '.env'] }
2026-08-01 10:47:42: 3. About to listen on 5000
2026-08-01 10:47:46: ◇ injected env (0) from .env // tip: ⌁ auth for agents [www.vestauth.com]
2026-08-01 10:47:46: 3. About to listen on 5000
2026-08-01 10:47:49: ◇ injected env (0) from .env // tip: ⌁ auth for agents [www.vestauth.com]
2026-08-01 10:47:49: 3. About to listen on 5000
2026-08-01 10:47:52: ◇ injected env (0) from .env // tip: ⌘ suppress logs { quiet: true }
2026-08-01 10:47:52: 3. About to listen on 5000
2026-08-01 10:47:56: ◇ injected env (0) from .env // tip: ⌘ custom filepath { path: '/custom/path/.env' }
2026-08-01 10:47:56: 3. About to listen on 5000
2026-08-01 10:47:59: ◇ injected env (0) from .env // tip: ⌘ suppress logs { quiet: true }
2026-08-01 10:47:59: 3. About to listen on 5000
2026-08-01 10:48:02: ◇ injected env (0) from .env // tip: ⌘ override existing { override: true }
2026-08-01 10:48:02: 3. About to listen on 5000
2026-08-01 10:48:05: ◇ injected env (0) from .env // tip: ◈ encrypted .env [www.dotenvx.com]
2026-08-01 10:48:05: 3. About to listen on 5000
2026-08-01 10:48:09: ◇ injected env (0) from .env // tip: ⌘ override existing { override: true }
2026-08-01 10:48:09: 3. About to listen on 5000
2026-08-01 10:48:12: ◇ injected env (0) from .env // tip: ⌘ suppress logs { quiet: true }
2026-08-01 10:48:12: 3. About to listen on 5000
2026-08-01 10:48:15: ◇ injected env (0) from .env // tip: ⌁ auth for agents [www.vestauth.com]
2026-08-01 10:48:15: 3. About to listen on 5000
2026-08-01 10:48:18: ◇ injected env (0) from .env // tip: ⌘ multiple files { path: ['.env.local', '.env'] }
2026-08-01 10:48:18: 3. About to listen on 5000
2026-08-01 10:48:22: ◇ injected env (0) from .env // tip: ⌘ suppress logs { quiet: true }
2026-08-01 10:48:22: 3. About to listen on 5000
2026-08-01 10:48:25: ◇ injected env (0) from .env // tip: ◈ secrets for agents [www.dotenvx.com]
2026-08-01 10:48:25: 3. About to listen on 5000
2026-08-01 10:48:28: ◇ injected env (0) from .env // tip: ◈ secrets for agents [www.dotenvx.com]
2026-08-01 10:48:28: 3. About to listen on 5000
2026-08-01 10:48:32: ◇ injected env (0) from .env // tip: ⌘ custom filepath { path: '/custom/path/.env' }
2026-08-01 10:48:32: 3. About to listen on 5000
2026-08-01 10:48:35: ◇ injected env (0) from .env // tip: ⌁ auth for agents [www.vestauth.com]
2026-08-01 10:48:35: 3. About to listen on 5000
2026-08-01 10:48:38: ◇ injected env (0) from .env // tip: ⌘ enable debugging { debug: true }
2026-08-01 10:48:38: 3. About to listen on 5000
2026-08-01 10:48:41: ◇ injected env (0) from .env // tip: ⌁ auth for agents [www.vestauth.com]
2026-08-01 10:48:41: 3. About to listen on 5000
2026-08-01 10:48:45: ◇ injected env (0) from .env // tip: ◈ secrets for agents [www.dotenvx.com]
2026-08-01 10:48:45: 3. About to listen on 5000
2026-08-01 10:48:48: ◇ injected env (0) from .env // tip: ⌘ custom filepath { path: '/custom/path/.env' }
2026-08-01 10:48:48: 3. About to listen on 5000
2026-08-01 10:48:51: ◇ injected env (0) from .env // tip: ⌘ multiple files { path: ['.env.local', '.env'] }
2026-08-01 10:48:51: 3. About to listen on 5000
2026-08-01 10:48:54: ◇ injected env (0) from .env // tip: ⌁ auth for agents [www.vestauth.com]
2026-08-01 10:48:54: 3. About to listen on 5000
2026-08-01 10:48:58: ◇ injected env (0) from .env // tip: ⌘ custom filepath { path: '/custom/path/.env' }
2026-08-01 10:48:58: 3. About to listen on 5000
2026-08-01 10:49:01: ◇ injected env (0) from .env // tip: ⌘ custom filepath { path: '/custom/path/.env' }
2026-08-01 10:49:01: 3. About to listen on 5000
2026-08-01 10:49:04: ◇ injected env (0) from .env // tip: ⌘ custom filepath { path: '/custom/path/.env' }
2026-08-01 10:49:04: 3. About to listen on 5000
2026-08-01 10:49:08: ◇ injected env (0) from .env // tip: ◈ secrets for agents [www.dotenvx.com]
2026-08-01 10:49:08: 3. About to listen on 5000
2026-08-01 10:49:11: ◇ injected env (0) from .env // tip: ◈ secrets for agents [www.dotenvx.com]
2026-08-01 10:49:11: 3. About to listen on 5000
2026-08-01 10:49:14: ◇ injected env (0) from .env // tip: ⌘ suppress logs { quiet: true }
2026-08-01 10:49:14: 3. About to listen on 5000
2026-08-01 10:49:17: ◇ injected env (0) from .env // tip: ◈ encrypted .env [www.dotenvx.com]
2026-08-01 10:49:17: 3. About to listen on 5000
2026-08-01 10:49:21: ◇ injected env (0) from .env // tip: ◈ encrypted .env [www.dotenvx.com]
2026-08-01 10:49:21: 3. About to listen on 5000
2026-08-01 10:49:24: ◇ injected env (0) from .env // tip: ⌁ auth for agents [www.vestauth.com]
2026-08-01 10:49:24: 3. About to listen on 5000
2026-08-01 10:49:27: ◇ injected env (0) from .env // tip: ⌘ enable debugging { debug: true }
2026-08-01 10:49:27: 3. About to listen on 5000
2026-08-01 10:49:30: ◇ injected env (0) from .env // tip: ⌘ custom filepath { path: '/custom/path/.env' }
2026-08-01 10:49:30: 3. About to listen on 5000
2026-08-01 10:49:34: ◇ injected env (0) from .env // tip: ⌁ auth for agents [www.vestauth.com]
2026-08-01 10:49:34: 3. About to listen on 5000
2026-08-01 10:49:37: ◇ injected env (0) from .env // tip: ◈ encrypted .env [www.dotenvx.com]
2026-08-01 10:49:37: 3. About to listen on 5000
2026-08-01 10:49:40: ◇ injected env (0) from .env // tip: ⌘ override existing { override: true }
2026-08-01 10:49:40: 3. About to listen on 5000
2026-08-01 10:49:43: ◇ injected env (0) from .env // tip: ⌘ suppress logs { quiet: true }
2026-08-01 10:49:43: 3. About to listen on 5000
2026-08-01 10:49:47: ◇ injected env (0) from .env // tip: ⌘ enable debugging { debug: true }
2026-08-01 10:49:47: 3. About to listen on 5000
2026-08-01 10:49:50: ◇ injected env (0) from .env // tip: ⌁ auth for agents [www.vestauth.com]
2026-08-01 10:49:50: 3. About to listen on 5000
2026-08-01 10:49:53: ◇ injected env (0) from .env // tip: ⌁ auth for agents [www.vestauth.com]
2026-08-01 10:49:53: 3. About to listen on 5000
2026-08-01 10:49:57: ◇ injected env (0) from .env // tip: ⌘ custom filepath { path: '/custom/path/.env' }
2026-08-01 10:49:57: 3. About to listen on 5000
2026-08-01 10:50:00: ◇ injected env (0) from .env // tip: ⌁ auth for agents [www.vestauth.com]
2026-08-01 10:50:00: 3. About to listen on 5000
2026-08-01 10:50:03: ◇ injected env (0) from .env // tip: ⌘ multiple files { path: ['.env.local', '.env'] }
2026-08-01 10:50:03: 3. About to listen on 5000
2026-08-01 10:50:06: ◇ injected env (0) from .env // tip: ⌁ auth for agents [www.vestauth.com]
2026-08-01 10:50:06: 3. About to listen on 5000
2026-08-01 10:50:10: ◇ injected env (0) from .env // tip: ⌘ multiple files { path: ['.env.local', '.env'] }
2026-08-01 10:50:10: 3. About to listen on 5000
2026-08-01 10:50:13: ◇ injected env (0) from .env // tip: ⌘ custom filepath { path: '/custom/path/.env' }
2026-08-01 10:50:13: 3. About to listen on 5000
2026-08-01 10:50:16: ◇ injected env (0) from .env // tip: ⌘ enable debugging { debug: true }
2026-08-01 10:50:16: 3. About to listen on 5000
2026-08-01 10:50:20: ◇ injected env (0) from .env // tip: ⌘ custom filepath { path: '/custom/path/.env' }
2026-08-01 10:50:20: 3. About to listen on 5000
2026-08-01 10:50:23: ◇ injected env (0) from .env // tip: ⌁ auth for agents [www.vestauth.com]
2026-08-01 10:50:23: 3. About to listen on 5000
2026-08-01 10:50:26: ◇ injected env (0) from .env // tip: ⌁ auth for agents [www.vestauth.com]
2026-08-01 10:50:26: 3. About to listen on 5000
2026-08-01 10:50:29: ◇ injected env (0) from .env // tip: ⌘ override existing { override: true }
2026-08-01 10:50:29: 3. About to listen on 5000
2026-08-01 10:50:33: ◇ injected env (0) from .env // tip: ⌘ override existing { override: true }
2026-08-01 10:50:33: 3. About to listen on 5000
2026-08-01 10:50:36: ◇ injected env (0) from .env // tip: ⌘ suppress logs { quiet: true }
2026-08-01 10:50:36: 3. About to listen on 5000
2026-08-01 10:50:39: ◇ injected env (0) from .env // tip: ◈ encrypted .env [www.dotenvx.com]
2026-08-01 10:50:39: 3. About to listen on 5000
2026-08-01 10:50:42: ◇ injected env (0) from .env // tip: ◈ encrypted .env [www.dotenvx.com]
2026-08-01 10:50:42: 3. About to listen on 5000
2026-08-01 10:50:46: ◇ injected env (0) from .env // tip: ⌘ override existing { override: true }
2026-08-01 10:50:46: 3. About to listen on 5000
2026-08-01 10:50:49: ◇ injected env (0) from .env // tip: ⌘ suppress logs { quiet: true }
2026-08-01 10:50:49: 3. About to listen on 5000
2026-08-01 10:50:52: ◇ injected env (0) from .env // tip: ⌘ custom filepath { path: '/custom/path/.env' }
2026-08-01 10:50:52: 3. About to listen on 5000
2026-08-01 10:50:55: ◇ injected env (0) from .env // tip: ⌘ custom filepath { path: '/custom/path/.env' }
2026-08-01 10:50:55: 3. About to listen on 5000
2026-08-01 10:50:59: ◇ injected env (0) from .env // tip: ⌘ custom filepath { path: '/custom/path/.env' }
2026-08-01 10:50:59: 3. About to listen on 5000
2026-08-01 10:51:02: ◇ injected env (0) from .env // tip: ⌁ auth for agents [www.vestauth.com]
2026-08-01 10:51:02: 3. About to listen on 5000
2026-08-01 10:51:05: ◇ injected env (0) from .env // tip: ⌘ enable debugging { debug: true }
2026-08-01 10:51:05: 3. About to listen on 5000
2026-08-01 10:51:09: ◇ injected env (0) from .env // tip: ◈ secrets for agents [www.dotenvx.com]
2026-08-01 10:51:09: 3. About to listen on 5000
2026-08-01 10:51:12: ◇ injected env (0) from .env // tip: ⌘ suppress logs { quiet: true }
2026-08-01 10:51:12: 3. About to listen on 5000
2026-08-01 10:51:15: ◇ injected env (0) from .env // tip: ⌘ custom filepath { path: '/custom/path/.env' }
2026-08-01 10:51:15: 3. About to listen on 5000
2026-08-01 10:51:18: ◇ injected env (0) from .env // tip: ⌘ override existing { override: true }
2026-08-01 10:51:18: 3. About to listen on 5000
2026-08-01 10:51:22: ◇ injected env (0) from .env // tip: ◈ secrets for agents [www.dotenvx.com]
2026-08-01 10:51:22: 3. About to listen on 5000
2026-08-01 10:51:25: ◇ injected env (0) from .env // tip: ◈ encrypted .env [www.dotenvx.com]
2026-08-01 10:51:25: 3. About to listen on 5000
2026-08-01 10:51:28: ◇ injected env (0) from .env // tip: ◈ secrets for agents [www.dotenvx.com]
2026-08-01 10:51:28: 3. About to listen on 5000
2026-08-01 10:51:32: ◇ injected env (0) from .env // tip: ⌘ custom filepath { path: '/custom/path/.env' }
2026-08-01 10:51:32: 3. About to listen on 5000
2026-08-01 10:51:35: ◇ injected env (0) from .env // tip: ◈ secrets for agents [www.dotenvx.com]
2026-08-01 10:51:35: 3. About to listen on 5000
2026-08-01 10:51:38: ◇ injected env (0) from .env // tip: ◈ secrets for agents [www.dotenvx.com]
2026-08-01 10:51:38: 3. About to listen on 5000
2026-08-01 10:51:41: ◇ injected env (0) from .env // tip: ◈ secrets for agents [www.dotenvx.com]
2026-08-01 10:51:41: 3. About to listen on 5000
2026-08-01 10:51:45: ◇ injected env (0) from .env // tip: ⌁ auth for agents [www.vestauth.com]
2026-08-01 10:51:45: 3. About to listen on 5000
2026-08-01 10:51:48: ◇ injected env (0) from .env // tip: ⌘ multiple files { path: ['.env.local', '.env'] }
2026-08-01 10:51:48: 3. About to listen on 5000
2026-08-01 10:51:51: ◇ injected env (0) from .env // tip: ⌘ enable debugging { debug: true }
2026-08-01 10:51:51: 3. About to listen on 5000
2026-08-01 10:51:54: ◇ injected env (0) from .env // tip: ⌁ auth for agents [www.vestauth.com]
2026-08-01 10:51:54: 3. About to listen on 5000
2026-08-01 10:51:58: ◇ injected env (0) from .env // tip: ⌘ custom filepath { path: '/custom/path/.env' }
2026-08-01 10:51:58: 3. About to listen on 5000
2026-08-01 10:52:01: ◇ injected env (0) from .env // tip: ⌘ multiple files { path: ['.env.local', '.env'] }
2026-08-01 10:52:01: 3. About to listen on 5000
2026-08-01 10:52:04: ◇ injected env (0) from .env // tip: ⌘ enable debugging { debug: true }
2026-08-01 10:52:04: 3. About to listen on 5000
2026-08-01 10:52:07: ◇ injected env (0) from .env // tip: ⌘ custom filepath { path: '/custom/path/.env' }
2026-08-01 10:52:07: 3. About to listen on 5000
2026-08-01 10:52:11: ◇ injected env (0) from .env // tip: ⌘ suppress logs { quiet: true }
2026-08-01 10:52:11: 3. About to listen on 5000
2026-08-01 10:52:14: ◇ injected env (0) from .env // tip: ◈ encrypted .env [www.dotenvx.com]
2026-08-01 10:52:14: 3. About to listen on 5000
2026-08-01 10:52:17: ◇ injected env (0) from .env // tip: ⌘ custom filepath { path: '/custom/path/.env' }
2026-08-01 10:52:17: 3. About to listen on 5000
2026-08-01 10:52:21: ◇ injected env (0) from .env // tip: ⌘ multiple files { path: ['.env.local', '.env'] }
2026-08-01 10:52:21: 3. About to listen on 5000
2026-08-01 10:52:24: ◇ injected env (0) from .env // tip: ⌁ auth for agents [www.vestauth.com]
2026-08-01 10:52:24: 3. About to listen on 5000
2026-08-01 10:52:27: ◇ injected env (0) from .env // tip: ◈ secrets for agents [www.dotenvx.com]
2026-08-01 10:52:27: 3. About to listen on 5000
2026-08-01 10:52:30: ◇ injected env (0) from .env // tip: ⌘ suppress logs { quiet: true }
2026-08-01 10:52:30: 3. About to listen on 5000
2026-08-01 10:52:34: ◇ injected env (0) from .env // tip: ⌘ override existing { override: true }
2026-08-01 10:52:34: 3. About to listen on 5000
2026-08-01 10:52:37: ◇ injected env (0) from .env // tip: ⌘ custom filepath { path: '/custom/path/.env' }
2026-08-01 10:52:37: 3. About to listen on 5000
2026-08-01 10:52:40: ◇ injected env (0) from .env // tip: ◈ encrypted .env [www.dotenvx.com]
2026-08-01 10:52:40: 3. About to listen on 5000
2026-08-01 10:52:43: ◇ injected env (0) from .env // tip: ⌘ suppress logs { quiet: true }
2026-08-01 10:52:43: 3. About to listen on 5000
2026-08-01 10:52:47: ◇ injected env (0) from .env // tip: ⌘ override existing { override: true }
2026-08-01 10:52:47: 3. About to listen on 5000
2026-08-01 10:52:50: ◇ injected env (0) from .env // tip: ◈ encrypted .env [www.dotenvx.com]
2026-08-01 10:52:50: 3. About to listen on 5000
2026-08-01 10:52:53: ◇ injected env (0) from .env // tip: ◈ encrypted .env [www.dotenvx.com]
2026-08-01 10:52:53: 3. About to listen on 5000
2026-08-01 10:52:57: ◇ injected env (0) from .env // tip: ⌘ custom filepath { path: '/custom/path/.env' }
2026-08-01 10:52:57: 3. About to listen on 5000
2026-08-01 10:53:00: ◇ injected env (0) from .env // tip: ⌁ auth for agents [www.vestauth.com]
2026-08-01 10:53:00: 3. About to listen on 5000
2026-08-01 10:53:03: ◇ injected env (0) from .env // tip: ⌘ multiple files { path: ['.env.local', '.env'] }
2026-08-01 10:53:03: 3. About to listen on 5000
2026-08-01 10:53:06: ◇ injected env (0) from .env // tip: ⌘ multiple files { path: ['.env.local', '.env'] }
2026-08-01 10:53:06: 3. About to listen on 5000
2026-08-01 10:53:10: ◇ injected env (0) from .env // tip: ⌘ suppress logs { quiet: true }
2026-08-01 10:53:10: 3. About to listen on 5000
2026-08-01 10:53:13: ◇ injected env (0) from .env // tip: ⌘ override existing { override: true }
2026-08-01 10:53:13: 3. About to listen on 5000
2026-08-01 10:53:16: ◇ injected env (0) from .env // tip: ⌘ custom filepath { path: '/custom/path/.env' }
2026-08-01 10:53:16: 3. About to listen on 5000
2026-08-01 10:53:19: ◇ injected env (0) from .env // tip: ◈ secrets for agents [www.dotenvx.com]
2026-08-01 10:53:19: 3. About to listen on 5000
2026-08-01 10:53:23: ◇ injected env (0) from .env // tip: ⌘ enable debugging { debug: true }
2026-08-01 10:53:23: 3. About to listen on 5000
2026-08-01 10:53:26: ◇ injected env (0) from .env // tip: ⌘ override existing { override: true }
2026-08-01 10:53:26: 3. About to listen on 5000
2026-08-01 10:53:29: ◇ injected env (0) from .env // tip: ⌘ custom filepath { path: '/custom/path/.env' }
2026-08-01 10:53:29: 3. About to listen on 5000
2026-08-01 10:53:32: ◇ injected env (0) from .env // tip: ⌘ enable debugging { debug: true }
2026-08-01 10:53:33: 3. About to listen on 5000
2026-08-01 10:53:36: ◇ injected env (0) from .env // tip: ⌘ multiple files { path: ['.env.local', '.env'] }
2026-08-01 10:53:36: 3. About to listen on 5000
2026-08-01 10:53:39: ◇ injected env (0) from .env // tip: ⌘ override existing { override: true }
2026-08-01 10:53:39: 3. About to listen on 5000
2026-08-01 10:53:42: ◇ injected env (0) from .env // tip: ⌘ custom filepath { path: '/custom/path/.env' }
2026-08-01 10:53:42: 3. About to listen on 5000
2026-08-01 10:53:46: ◇ injected env (0) from .env // tip: ⌘ custom filepath { path: '/custom/path/.env' }
2026-08-01 10:53:46: 3. About to listen on 5000
2026-08-01 10:53:49: ◇ injected env (0) from .env // tip: ⌘ multiple files { path: ['.env.local', '.env'] }
2026-08-01 10:53:49: 3. About to listen on 5000
2026-08-01 10:53:52: ◇ injected env (0) from .env // tip: ⌘ custom filepath { path: '/custom/path/.env' }
2026-08-01 10:53:52: 3. About to listen on 5000
2026-08-01 10:53:55: ◇ injected env (0) from .env // tip: ⌁ auth for agents [www.vestauth.com]
2026-08-01 10:53:55: 3. About to listen on 5000
2026-08-01 10:53:59: ◇ injected env (0) from .env // tip: ⌘ multiple files { path: ['.env.local', '.env'] }
2026-08-01 10:53:59: 3. About to listen on 5000
2026-08-01 10:54:02: ◇ injected env (0) from .env // tip: ⌘ enable debugging { debug: true }
2026-08-01 10:54:02: 3. About to listen on 5000
2026-08-01 10:54:05: ◇ injected env (0) from .env // tip: ◈ encrypted .env [www.dotenvx.com]
2026-08-01 10:54:05: 3. About to listen on 5000
2026-08-01 10:54:08: ◇ injected env (0) from .env // tip: ⌘ override existing { override: true }
2026-08-01 10:54:08: 3. About to listen on 5000
2026-08-01 10:54:12: ◇ injected env (0) from .env // tip: ⌘ multiple files { path: ['.env.local', '.env'] }
2026-08-01 10:54:12: 3. About to listen on 5000
2026-08-01 10:54:15: ◇ injected env (0) from .env // tip: ⌘ override existing { override: true }
2026-08-01 10:54:15: 3. About to listen on 5000
2026-08-01 10:54:18: ◇ injected env (0) from .env // tip: ⌘ custom filepath { path: '/custom/path/.env' }
2026-08-01 10:54:18: 3. About to listen on 5000
2026-08-01 10:54:22: ◇ injected env (0) from .env // tip: ◈ encrypted .env [www.dotenvx.com]
2026-08-01 10:54:22: 3. About to listen on 5000
2026-08-01 10:54:25: ◇ injected env (0) from .env // tip: ⌘ enable debugging { debug: true }
2026-08-01 10:54:25: 3. About to listen on 5000
2026-08-01 10:54:28: ◇ injected env (0) from .env // tip: ◈ encrypted .env [www.dotenvx.com]
2026-08-01 10:54:28: 3. About to listen on 5000
2026-08-01 10:54:31: ◇ injected env (0) from .env // tip: ⌘ custom filepath { path: '/custom/path/.env' }
2026-08-01 10:54:31: 3. About to listen on 5000
2026-08-01 10:54:35: ◇ injected env (0) from .env // tip: ⌁ auth for agents [www.vestauth.com]
2026-08-01 10:54:35: 3. About to listen on 5000
2026-08-01 10:54:38: ◇ injected env (0) from .env // tip: ◈ secrets for agents [www.dotenvx.com]
2026-08-01 10:54:38: 3. About to listen on 5000
2026-08-01 10:54:41: ◇ injected env (0) from .env // tip: ◈ secrets for agents [www.dotenvx.com]
2026-08-01 10:54:41: 3. About to listen on 5000
2026-08-01 10:54:44: ◇ injected env (0) from .env // tip: ⌘ override existing { override: true }
2026-08-01 10:54:44: 3. About to listen on 5000
2026-08-01 10:54:48: ◇ injected env (0) from .env // tip: ⌘ suppress logs { quiet: true }
2026-08-01 10:54:48: 3. About to listen on 5000
2026-08-01 10:54:51: ◇ injected env (0) from .env // tip: ◈ encrypted .env [www.dotenvx.com]
2026-08-01 10:54:51: 3. About to listen on 5000
2026-08-01 10:54:54: ◇ injected env (0) from .env // tip: ⌁ auth for agents [www.vestauth.com]
2026-08-01 10:54:54: 3. About to listen on 5000
2026-08-01 10:54:58: ◇ injected env (0) from .env // tip: ⌘ suppress logs { quiet: true }
2026-08-01 10:54:58: 3. About to listen on 5000
2026-08-01 10:55:01: ◇ injected env (0) from .env // tip: ⌘ override existing { override: true }
2026-08-01 10:55:01: 3. About to listen on 5000
2026-08-01 10:55:04: ◇ injected env (0) from .env // tip: ◈ encrypted .env [www.dotenvx.com]
2026-08-01 10:55:04: 3. About to listen on 5000
2026-08-01 10:55:07: ◇ injected env (0) from .env // tip: ⌘ multiple files { path: ['.env.local', '.env'] }
2026-08-01 10:55:07: 3. About to listen on 5000
2026-08-01 10:55:11: ◇ injected env (0) from .env // tip: ⌘ enable debugging { debug: true }
2026-08-01 10:55:11: 3. About to listen on 5000
2026-08-01 10:55:14: ◇ injected env (0) from .env // tip: ◈ encrypted .env [www.dotenvx.com]
2026-08-01 10:55:14: 3. About to listen on 5000
2026-08-01 10:55:17: ◇ injected env (0) from .env // tip: ⌘ override existing { override: true }
2026-08-01 10:55:17: 3. About to listen on 5000
2026-08-01 10:55:20: ◇ injected env (0) from .env // tip: ⌘ override existing { override: true }
2026-08-01 10:55:20: 3. About to listen on 5000
2026-08-01 10:55:24: ◇ injected env (0) from .env // tip: ⌁ auth for agents [www.vestauth.com]
2026-08-01 10:55:24: 3. About to listen on 5000
2026-08-01 10:55:27: ◇ injected env (0) from .env // tip: ⌘ multiple files { path: ['.env.local', '.env'] }
2026-08-01 10:55:27: 3. About to listen on 5000
2026-08-01 10:55:30: ◇ injected env (0) from .env // tip: ⌘ override existing { override: true }
2026-08-01 10:55:30: 3. About to listen on 5000
2026-08-01 10:55:34: ◇ injected env (0) from .env // tip: ◈ encrypted .env [www.dotenvx.com]
2026-08-01 10:55:34: 3. About to listen on 5000
2026-08-01 10:55:37: ◇ injected env (0) from .env // tip: ⌁ auth for agents [www.vestauth.com]
2026-08-01 10:55:37: 3. About to listen on 5000
2026-08-01 10:55:40: ◇ injected env (0) from .env // tip: ⌘ enable debugging { debug: true }
2026-08-01 10:55:40: 3. About to listen on 5000
2026-08-01 10:55:43: ◇ injected env (0) from .env // tip: ⌘ custom filepath { path: '/custom/path/.env' }
2026-08-01 10:55:43: 3. About to listen on 5000
2026-08-01 10:55:47: ◇ injected env (0) from .env // tip: ⌘ suppress logs { quiet: true }
2026-08-01 10:55:47: 3. About to listen on 5000
2026-08-01 10:55:50: ◇ injected env (0) from .env // tip: ⌘ custom filepath { path: '/custom/path/.env' }
2026-08-01 10:55:50: 3. About to listen on 5000
2026-08-01 10:55:53: ◇ injected env (0) from .env // tip: ⌘ custom filepath { path: '/custom/path/.env' }
2026-08-01 10:55:53: 3. About to listen on 5000
2026-08-01 10:55:56: ◇ injected env (0) from .env // tip: ⌘ suppress logs { quiet: true }
2026-08-01 10:55:56: 3. About to listen on 5000
2026-08-01 10:56:00: ◇ injected env (0) from .env // tip: ◈ encrypted .env [www.dotenvx.com]
2026-08-01 10:56:00: 3. About to listen on 5000
2026-08-01 10:56:03: ◇ injected env (0) from .env // tip: ◈ secrets for agents [www.dotenvx.com]
2026-08-01 10:56:03: 3. About to listen on 5000
2026-08-01 10:56:06: ◇ injected env (0) from .env // tip: ⌘ enable debugging { debug: true }
2026-08-01 10:56:06: 3. About to listen on 5000
2026-08-01 10:56:10: ◇ injected env (0) from .env // tip: ⌘ custom filepath { path: '/custom/path/.env' }
2026-08-01 10:56:10: 3. About to listen on 5000
2026-08-01 10:56:13: ◇ injected env (0) from .env // tip: ⌁ auth for agents [www.vestauth.com]
2026-08-01 10:56:13: 3. About to listen on 5000
2026-08-01 10:56:16: ◇ injected env (0) from .env // tip: ◈ secrets for agents [www.dotenvx.com]
2026-08-01 10:56:16: 3. About to listen on 5000
2026-08-01 10:56:19: ◇ injected env (0) from .env // tip: ◈ encrypted .env [www.dotenvx.com]
2026-08-01 10:56:19: 3. About to listen on 5000
2026-08-01 10:56:23: ◇ injected env (0) from .env // tip: ⌘ override existing { override: true }
2026-08-01 10:56:23: 3. About to listen on 5000
2026-08-01 10:56:26: ◇ injected env (0) from .env // tip: ⌘ suppress logs { quiet: true }
2026-08-01 10:56:26: 3. About to listen on 5000
2026-08-01 10:56:29: ◇ injected env (0) from .env // tip: ⌘ suppress logs { quiet: true }
2026-08-01 10:56:29: 3. About to listen on 5000
2026-08-01 10:56:32: ◇ injected env (0) from .env // tip: ◈ secrets for agents [www.dotenvx.com]
2026-08-01 10:56:33: 3. About to listen on 5000
2026-08-01 10:56:36: ◇ injected env (0) from .env // tip: ⌁ auth for agents [www.vestauth.com]
2026-08-01 10:56:36: 3. About to listen on 5000
2026-08-01 10:56:39: ◇ injected env (0) from .env // tip: ⌁ auth for agents [www.vestauth.com]
2026-08-01 10:56:39: 3. About to listen on 5000
2026-08-01 10:56:42: ◇ injected env (0) from .env // tip: ◈ secrets for agents [www.dotenvx.com]
2026-08-01 10:56:42: 3. About to listen on 5000
2026-08-01 10:56:46: ◇ injected env (0) from .env // tip: ⌘ multiple files { path: ['.env.local', '.env'] }
2026-08-01 10:56:46: 3. About to listen on 5000
2026-08-01 10:56:49: ◇ injected env (0) from .env // tip: ⌘ custom filepath { path: '/custom/path/.env' }
2026-08-01 10:56:49: 3. About to listen on 5000
2026-08-01 10:56:52: ◇ injected env (0) from .env // tip: ◈ secrets for agents [www.dotenvx.com]
2026-08-01 10:56:52: 3. About to listen on 5000
2026-08-01 10:56:55: ◇ injected env (0) from .env // tip: ⌁ auth for agents [www.vestauth.com]
2026-08-01 10:56:55: 3. About to listen on 5000
2026-08-01 10:56:59: ◇ injected env (0) from .env // tip: ⌘ multiple files { path: ['.env.local', '.env'] }
2026-08-01 10:56:59: 3. About to listen on 5000
2026-08-01 10:57:02: ◇ injected env (0) from .env // tip: ◈ secrets for agents [www.dotenvx.com]
2026-08-01 10:57:02: 3. About to listen on 5000
2026-08-01 10:57:05: ◇ injected env (0) from .env // tip: ⌘ multiple files { path: ['.env.local', '.env'] }
2026-08-01 10:57:05: 3. About to listen on 5000
2026-08-01 10:57:08: ◇ injected env (0) from .env // tip: ⌘ multiple files { path: ['.env.local', '.env'] }
2026-08-01 10:57:08: 3. About to listen on 5000
2026-08-01 10:57:12: ◇ injected env (0) from .env // tip: ⌁ auth for agents [www.vestauth.com]
2026-08-01 10:57:12: 3. About to listen on 5000
2026-08-01 10:57:15: ◇ injected env (0) from .env // tip: ⌘ multiple files { path: ['.env.local', '.env'] }
2026-08-01 10:57:15: 3. About to listen on 5000
2026-08-01 10:57:18: ◇ injected env (0) from .env // tip: ⌘ multiple files { path: ['.env.local', '.env'] }
2026-08-01 10:57:18: 3. About to listen on 5000
2026-08-01 10:57:22: ◇ injected env (0) from .env // tip: ⌘ override existing { override: true }
2026-08-01 10:57:22: 3. About to listen on 5000
2026-08-01 10:57:25: ◇ injected env (0) from .env // tip: ⌘ multiple files { path: ['.env.local', '.env'] }
2026-08-01 10:57:25: 3. About to listen on 5000
2026-08-01 10:57:28: ◇ injected env (0) from .env // tip: ⌘ override existing { override: true }
2026-08-01 10:57:28: 3. About to listen on 5000
2026-08-01 10:57:31: ◇ injected env (0) from .env // tip: ⌘ suppress logs { quiet: true }
2026-08-01 10:57:31: 3. About to listen on 5000
2026-08-01 10:57:35: ◇ injected env (0) from .env // tip: ⌘ enable debugging { debug: true }
2026-08-01 10:57:35: 3. About to listen on 5000
2026-08-01 10:57:38: ◇ injected env (0) from .env // tip: ⌁ auth for agents [www.vestauth.com]
2026-08-01 10:57:38: 3. About to listen on 5000
2026-08-01 10:57:41: ◇ injected env (0) from .env // tip: ⌘ multiple files { path: ['.env.local', '.env'] }
2026-08-01 10:57:41: 3. About to listen on 5000
2026-08-01 10:57:44: ◇ injected env (0) from .env // tip: ⌁ auth for agents [www.vestauth.com]
2026-08-01 10:57:44: 3. About to listen on 5000
2026-08-01 10:57:48: ◇ injected env (0) from .env // tip: ⌘ suppress logs { quiet: true }
2026-08-01 10:57:48: 3. About to listen on 5000
2026-08-01 10:57:51: ◇ injected env (0) from .env // tip: ⌘ enable debugging { debug: true }
2026-08-01 10:57:51: 3. About to listen on 5000
2026-08-01 10:57:54: ◇ injected env (0) from .env // tip: ⌘ override existing { override: true }
2026-08-01 10:57:54: 3. About to listen on 5000
2026-08-01 10:57:58: ◇ injected env (0) from .env // tip: ⌁ auth for agents [www.vestauth.com]
2026-08-01 10:57:58: 3. About to listen on 5000
2026-08-01 10:58:01: ◇ injected env (0) from .env // tip: ◈ secrets for agents [www.dotenvx.com]
2026-08-01 10:58:01: 3. About to listen on 5000
2026-08-01 10:58:04: ◇ injected env (0) from .env // tip: ⌘ multiple files { path: ['.env.local', '.env'] }
2026-08-01 10:58:04: 3. About to listen on 5000
2026-08-01 10:58:07: ◇ injected env (0) from .env // tip: ⌘ custom filepath { path: '/custom/path/.env' }
2026-08-01 10:58:07: 3. About to listen on 5000
2026-08-01 10:58:11: ◇ injected env (0) from .env // tip: ◈ secrets for agents [www.dotenvx.com]
2026-08-01 10:58:11: 3. About to listen on 5000
2026-08-01 10:58:14: ◇ injected env (0) from .env // tip: ◈ secrets for agents [www.dotenvx.com]
2026-08-01 10:58:14: 3. About to listen on 5000
2026-08-01 10:58:17: ◇ injected env (0) from .env // tip: ◈ secrets for agents [www.dotenvx.com]
2026-08-01 10:58:17: 3. About to listen on 5000
2026-08-01 10:58:20: ◇ injected env (0) from .env // tip: ⌘ enable debugging { debug: true }
2026-08-01 10:58:20: 3. About to listen on 5000
2026-08-01 10:58:24: ◇ injected env (0) from .env // tip: ◈ encrypted .env [www.dotenvx.com]
2026-08-01 10:58:24: 3. About to listen on 5000
2026-08-01 10:58:27: ◇ injected env (0) from .env // tip: ◈ secrets for agents [www.dotenvx.com]
2026-08-01 10:58:27: 3. About to listen on 5000
2026-08-01 10:58:30: ◇ injected env (0) from .env // tip: ⌘ multiple files { path: ['.env.local', '.env'] }
2026-08-01 10:58:30: 3. About to listen on 5000
2026-08-01 10:58:34: ◇ injected env (0) from .env // tip: ◈ secrets for agents [www.dotenvx.com]
2026-08-01 10:58:34: 3. About to listen on 5000
2026-08-01 10:58:37: ◇ injected env (0) from .env // tip: ⌁ auth for agents [www.vestauth.com]
2026-08-01 10:58:37: 3. About to listen on 5000
2026-08-01 10:58:40: ◇ injected env (0) from .env // tip: ⌘ enable debugging { debug: true }
2026-08-01 10:58:40: 3. About to listen on 5000
2026-08-01 10:58:43: ◇ injected env (0) from .env // tip: ⌘ enable debugging { debug: true }
2026-08-01 10:58:43: 3. About to listen on 5000
2026-08-01 10:58:47: ◇ injected env (0) from .env // tip: ⌘ override existing { override: true }
2026-08-01 10:58:47: 3. About to listen on 5000
2026-08-01 10:58:50: ◇ injected env (0) from .env // tip: ⌁ auth for agents [www.vestauth.com]
2026-08-01 10:58:50: 3. About to listen on 5000
2026-08-01 10:58:53: ◇ injected env (0) from .env // tip: ⌘ suppress logs { quiet: true }
2026-08-01 10:58:53: 3. About to listen on 5000
2026-08-01 10:58:56: ◇ injected env (0) from .env // tip: ⌁ auth for agents [www.vestauth.com]
2026-08-01 10:58:56: 3. About to listen on 5000
2026-08-01 10:59:00: ◇ injected env (0) from .env // tip: ⌘ custom filepath { path: '/custom/path/.env' }
2026-08-01 10:59:00: 3. About to listen on 5000
2026-08-01 10:59:03: ◇ injected env (0) from .env // tip: ◈ encrypted .env [www.dotenvx.com]
2026-08-01 10:59:03: 3. About to listen on 5000
2026-08-01 10:59:06: ◇ injected env (0) from .env // tip: ◈ encrypted .env [www.dotenvx.com]
2026-08-01 10:59:06: 3. About to listen on 5000
2026-08-01 10:59:09: ◇ injected env (0) from .env // tip: ⌁ auth for agents [www.vestauth.com]
2026-08-01 10:59:09: 3. About to listen on 5000
2026-08-01 10:59:13: ◇ injected env (0) from .env // tip: ◈ secrets for agents [www.dotenvx.com]
2026-08-01 10:59:13: 3. About to listen on 5000
2026-08-01 10:59:16: ◇ injected env (0) from .env // tip: ⌘ override existing { override: true }
2026-08-01 10:59:16: 3. About to listen on 5000
2026-08-01 10:59:19: ◇ injected env (0) from .env // tip: ⌘ suppress logs { quiet: true }
2026-08-01 10:59:19: 3. About to listen on 5000
2026-08-01 10:59:23: ◇ injected env (0) from .env // tip: ⌘ enable debugging { debug: true }
2026-08-01 10:59:23: 3. About to listen on 5000
2026-08-01 10:59:26: ◇ injected env (0) from .env // tip: ⌁ auth for agents [www.vestauth.com]
2026-08-01 10:59:26: 3. About to listen on 5000
2026-08-01 10:59:29: ◇ injected env (0) from .env // tip: ⌁ auth for agents [www.vestauth.com]
2026-08-01 10:59:29: 3. About to listen on 5000
2026-08-01 10:59:32: ◇ injected env (0) from .env // tip: ◈ secrets for agents [www.dotenvx.com]
2026-08-01 10:59:32: 3. About to listen on 5000
2026-08-01 10:59:36: ◇ injected env (0) from .env // tip: ⌘ suppress logs { quiet: true }
2026-08-01 10:59:36: 3. About to listen on 5000
2026-08-01 10:59:39: ◇ injected env (0) from .env // tip: ⌘ multiple files { path: ['.env.local', '.env'] }
2026-08-01 10:59:39: 3. About to listen on 5000
2026-08-01 10:59:42: ◇ injected env (0) from .env // tip: ⌘ multiple files { path: ['.env.local', '.env'] }
2026-08-01 10:59:42: 3. About to listen on 5000
2026-08-01 10:59:45: ◇ injected env (0) from .env // tip: ⌘ enable debugging { debug: true }
2026-08-01 10:59:45: 3. About to listen on 5000
2026-08-01 10:59:49: ◇ injected env (0) from .env // tip: ◈ secrets for agents [www.dotenvx.com]
2026-08-01 10:59:49: 3. About to listen on 5000
2026-08-01 10:59:52: ◇ injected env (0) from .env // tip: ⌘ override existing { override: true }
2026-08-01 10:59:52: 3. About to listen on 5000
2026-08-01 10:59:55: ◇ injected env (0) from .env // tip: ⌘ suppress logs { quiet: true }
2026-08-01 10:59:55: 3. About to listen on 5000
2026-08-01 10:59:58: ◇ injected env (0) from .env // tip: ⌁ auth for agents [www.vestauth.com]
2026-08-01 10:59:59: 3. About to listen on 5000
2026-08-01 11:00:02: ◇ injected env (0) from .env // tip: ⌘ override existing { override: true }
2026-08-01 11:00:02: 3. About to listen on 5000
2026-08-01 11:00:05: ◇ injected env (0) from .env // tip: ⌘ enable debugging { debug: true }
2026-08-01 11:00:05: 3. About to listen on 5000
2026-08-01 11:00:08: ◇ injected env (0) from .env // tip: ⌘ enable debugging { debug: true }
2026-08-01 11:00:08: 3. About to listen on 5000
2026-08-01 11:00:12: ◇ injected env (0) from .env // tip: ⌘ enable debugging { debug: true }
2026-08-01 11:00:12: 3. About to listen on 5000
2026-08-01 11:00:15: ◇ injected env (0) from .env // tip: ⌘ suppress logs { quiet: true }
2026-08-01 11:00:15: 3. About to listen on 5000
2026-08-01 11:00:18: ◇ injected env (0) from .env // tip: ⌘ custom filepath { path: '/custom/path/.env' }
2026-08-01 11:00:18: 3. About to listen on 5000
2026-08-01 11:00:21: ◇ injected env (0) from .env // tip: ◈ secrets for agents [www.dotenvx.com]
2026-08-01 11:00:21: 3. About to listen on 5000
2026-08-01 11:00:25: ◇ injected env (0) from .env // tip: ◈ secrets for agents [www.dotenvx.com]
2026-08-01 11:00:25: 3. About to listen on 5000
2026-08-01 11:00:28: ◇ injected env (0) from .env // tip: ⌘ custom filepath { path: '/custom/path/.env' }
2026-08-01 11:00:28: 3. About to listen on 5000
2026-08-01 11:00:31: ◇ injected env (0) from .env // tip: ◈ encrypted .env [www.dotenvx.com]
2026-08-01 11:00:31: 3. About to listen on 5000
2026-08-01 11:00:34: ◇ injected env (0) from .env // tip: ◈ secrets for agents [www.dotenvx.com]
2026-08-01 11:00:34: 3. About to listen on 5000
2026-08-01 11:00:38: ◇ injected env (0) from .env // tip: ⌘ enable debugging { debug: true }
2026-08-01 11:00:38: 3. About to listen on 5000
2026-08-01 11:00:41: ◇ injected env (0) from .env // tip: ⌘ multiple files { path: ['.env.local', '.env'] }
2026-08-01 11:00:41: 3. About to listen on 5000
2026-08-01 11:00:44: ◇ injected env (0) from .env // tip: ◈ secrets for agents [www.dotenvx.com]
2026-08-01 11:00:44: 3. About to listen on 5000
2026-08-01 11:00:48: ◇ injected env (0) from .env // tip: ◈ secrets for agents [www.dotenvx.com]
2026-08-01 11:00:48: 3. About to listen on 5000
2026-08-01 11:00:51: ◇ injected env (0) from .env // tip: ⌘ multiple files { path: ['.env.local', '.env'] }
2026-08-01 11:00:51: 3. About to listen on 5000
2026-08-01 11:00:54: ◇ injected env (0) from .env // tip: ⌘ multiple files { path: ['.env.local', '.env'] }
2026-08-01 11:00:54: 3. About to listen on 5000
2026-08-01 11:00:57: ◇ injected env (0) from .env // tip: ⌘ custom filepath { path: '/custom/path/.env' }
2026-08-01 11:00:57: 3. About to listen on 5000
2026-08-01 11:01:01: ◇ injected env (0) from .env // tip: ⌘ suppress logs { quiet: true }
2026-08-01 11:01:01: 3. About to listen on 5000
2026-08-01 11:01:04: ◇ injected env (0) from .env // tip: ⌘ multiple files { path: ['.env.local', '.env'] }
2026-08-01 11:01:04: 3. About to listen on 5000
2026-08-01 11:01:07: ◇ injected env (0) from .env // tip: ⌘ multiple files { path: ['.env.local', '.env'] }
2026-08-01 11:01:07: 3. About to listen on 5000
2026-08-01 11:01:10: ◇ injected env (0) from .env // tip: ◈ secrets for agents [www.dotenvx.com]
2026-08-01 11:01:10: 3. About to listen on 5000
2026-08-01 11:01:14: ◇ injected env (0) from .env // tip: ⌘ suppress logs { quiet: true }
2026-08-01 11:01:14: 3. About to listen on 5000
2026-08-01 11:01:17: ◇ injected env (0) from .env // tip: ◈ encrypted .env [www.dotenvx.com]
2026-08-01 11:01:17: 3. About to listen on 5000
2026-08-01 11:01:20: ◇ injected env (0) from .env // tip: ⌘ enable debugging { debug: true }
2026-08-01 11:01:20: 3. About to listen on 5000
2026-08-01 11:01:24: ◇ injected env (0) from .env // tip: ⌘ custom filepath { path: '/custom/path/.env' }
2026-08-01 11:01:24: 3. About to listen on 5000
2026-08-01 11:01:27: ◇ injected env (0) from .env // tip: ⌘ enable debugging { debug: true }
2026-08-01 11:01:27: 3. About to listen on 5000
2026-08-01 11:01:30: ◇ injected env (0) from .env // tip: ⌘ enable debugging { debug: true }
2026-08-01 11:01:30: 3. About to listen on 5000
2026-08-01 11:01:33: ◇ injected env (0) from .env // tip: ⌘ override existing { override: true }
2026-08-01 11:01:33: 3. About to listen on 5000
2026-08-01 11:01:37: ◇ injected env (0) from .env // tip: ⌘ custom filepath { path: '/custom/path/.env' }
2026-08-01 11:01:37: 3. About to listen on 5000
2026-08-01 11:01:40: ◇ injected env (0) from .env // tip: ⌘ enable debugging { debug: true }
2026-08-01 11:01:40: 3. About to listen on 5000
2026-08-01 11:01:43: ◇ injected env (0) from .env // tip: ◈ encrypted .env [www.dotenvx.com]
2026-08-01 11:01:43: 3. About to listen on 5000
2026-08-01 11:01:46: ◇ injected env (0) from .env // tip: ⌘ custom filepath { path: '/custom/path/.env' }
2026-08-01 11:01:46: 3. About to listen on 5000
2026-08-01 11:01:50: ◇ injected env (0) from .env // tip: ◈ secrets for agents [www.dotenvx.com]
2026-08-01 11:01:50: 3. About to listen on 5000
2026-08-01 11:01:53: ◇ injected env (0) from .env // tip: ⌘ suppress logs { quiet: true }
2026-08-01 11:01:53: 3. About to listen on 5000
2026-08-01 11:01:56: ◇ injected env (0) from .env // tip: ⌘ enable debugging { debug: true }
2026-08-01 11:01:56: 3. About to listen on 5000
2026-08-01 11:02:00: ◇ injected env (0) from .env // tip: ◈ encrypted .env [www.dotenvx.com]
2026-08-01 11:02:00: 3. About to listen on 5000
2026-08-01 11:02:03: ◇ injected env (0) from .env // tip: ⌘ enable debugging { debug: true }
2026-08-01 11:02:03: 3. About to listen on 5000
2026-08-01 11:02:06: ◇ injected env (0) from .env // tip: ◈ secrets for agents [www.dotenvx.com]
2026-08-01 11:02:06: 3. About to listen on 5000
2026-08-01 11:02:09: ◇ injected env (0) from .env // tip: ⌘ override existing { override: true }
2026-08-01 11:02:09: 3. About to listen on 5000
2026-08-01 11:02:13: ◇ injected env (0) from .env // tip: ⌁ auth for agents [www.vestauth.com]
2026-08-01 11:02:13: 3. About to listen on 5000
2026-08-01 11:02:16: ◇ injected env (0) from .env // tip: ⌘ override existing { override: true }
2026-08-01 11:02:16: 3. About to listen on 5000
2026-08-01 11:02:19: ◇ injected env (0) from .env // tip: ◈ secrets for agents [www.dotenvx.com]
2026-08-01 11:02:19: 3. About to listen on 5000
2026-08-01 11:02:22: ◇ injected env (0) from .env // tip: ⌁ auth for agents [www.vestauth.com]
2026-08-01 11:02:22: 3. About to listen on 5000
2026-08-01 11:02:26: ◇ injected env (0) from .env // tip: ⌘ override existing { override: true }
2026-08-01 11:02:26: 3. About to listen on 5000
2026-08-01 11:02:29: ◇ injected env (0) from .env // tip: ⌘ enable debugging { debug: true }
2026-08-01 11:02:29: 3. About to listen on 5000
2026-08-01 11:02:32: ◇ injected env (0) from .env // tip: ⌘ override existing { override: true }
2026-08-01 11:02:32: 3. About to listen on 5000
2026-08-01 11:02:36: ◇ injected env (0) from .env // tip: ⌘ custom filepath { path: '/custom/path/.env' }
2026-08-01 11:02:36: 3. About to listen on 5000
2026-08-01 11:02:39: ◇ injected env (0) from .env // tip: ◈ encrypted .env [www.dotenvx.com]
2026-08-01 11:02:39: 3. About to listen on 5000
2026-08-01 11:02:42: ◇ injected env (0) from .env // tip: ⌘ override existing { override: true }
2026-08-01 11:02:42: 3. About to listen on 5000
2026-08-01 11:02:45: ◇ injected env (0) from .env // tip: ⌘ suppress logs { quiet: true }
2026-08-01 11:02:45: 3. About to listen on 5000
2026-08-01 11:02:49: ◇ injected env (0) from .env // tip: ⌘ multiple files { path: ['.env.local', '.env'] }
2026-08-01 11:02:49: 3. About to listen on 5000
2026-08-01 11:02:52: ◇ injected env (0) from .env // tip: ⌘ override existing { override: true }
2026-08-01 11:02:52: 3. About to listen on 5000
2026-08-01 11:02:55: ◇ injected env (0) from .env // tip: ⌘ custom filepath { path: '/custom/path/.env' }
2026-08-01 11:02:55: 3. About to listen on 5000
2026-08-01 11:02:58: ◇ injected env (0) from .env // tip: ⌘ override existing { override: true }
2026-08-01 11:02:58: 3. About to listen on 5000
2026-08-01 11:03:02: ◇ injected env (0) from .env // tip: ⌘ suppress logs { quiet: true }
2026-08-01 11:03:02: 3. About to listen on 5000
2026-08-01 11:03:05: ◇ injected env (0) from .env // tip: ⌘ override existing { override: true }
2026-08-01 11:03:05: 3. About to listen on 5000
2026-08-01 11:03:08: ◇ injected env (0) from .env // tip: ⌘ custom filepath { path: '/custom/path/.env' }
2026-08-01 11:03:08: 3. About to listen on 5000
2026-08-01 11:03:12: ◇ injected env (0) from .env // tip: ⌘ custom filepath { path: '/custom/path/.env' }
2026-08-01 11:03:12: 3. About to listen on 5000
2026-08-01 11:03:15: ◇ injected env (0) from .env // tip: ⌘ suppress logs { quiet: true }
2026-08-01 11:03:15: 3. About to listen on 5000
2026-08-01 11:03:18: ◇ injected env (0) from .env // tip: ⌘ suppress logs { quiet: true }
2026-08-01 11:03:18: 3. About to listen on 5000
2026-08-01 11:03:21: ◇ injected env (0) from .env // tip: ⌘ multiple files { path: ['.env.local', '.env'] }
2026-08-01 11:03:21: 3. About to listen on 5000
2026-08-01 11:03:25: ◇ injected env (0) from .env // tip: ⌁ auth for agents [www.vestauth.com]
2026-08-01 11:03:25: 3. About to listen on 5000
2026-08-01 11:03:28: ◇ injected env (0) from .env // tip: ⌘ custom filepath { path: '/custom/path/.env' }
2026-08-01 11:03:28: 3. About to listen on 5000
2026-08-01 11:03:31: ◇ injected env (0) from .env // tip: ⌘ override existing { override: true }
2026-08-01 11:03:31: 3. About to listen on 5000
2026-08-01 11:03:34: ◇ injected env (0) from .env // tip: ◈ encrypted .env [www.dotenvx.com]
2026-08-01 11:03:34: 3. About to listen on 5000
2026-08-01 11:03:38: ◇ injected env (0) from .env // tip: ◈ encrypted .env [www.dotenvx.com]
2026-08-01 11:03:38: 3. About to listen on 5000
2026-08-01 11:03:41: ◇ injected env (0) from .env // tip: ⌁ auth for agents [www.vestauth.com]
2026-08-01 11:03:41: 3. About to listen on 5000
2026-08-01 11:03:44: ◇ injected env (0) from .env // tip: ⌘ override existing { override: true }
2026-08-01 11:03:44: 3. About to listen on 5000
2026-08-01 11:03:48: ◇ injected env (0) from .env // tip: ⌁ auth for agents [www.vestauth.com]
2026-08-01 11:03:48: 3. About to listen on 5000
2026-08-01 11:03:51: ◇ injected env (0) from .env // tip: ◈ secrets for agents [www.dotenvx.com]
2026-08-01 11:03:51: 3. About to listen on 5000
2026-08-01 11:03:54: ◇ injected env (0) from .env // tip: ◈ encrypted .env [www.dotenvx.com]
2026-08-01 11:03:54: 3. About to listen on 5000
2026-08-01 11:03:57: ◇ injected env (0) from .env // tip: ⌘ suppress logs { quiet: true }
2026-08-01 11:03:57: 3. About to listen on 5000
2026-08-01 11:04:01: ◇ injected env (0) from .env // tip: ⌘ custom filepath { path: '/custom/path/.env' }
2026-08-01 11:04:01: 3. About to listen on 5000
2026-08-01 11:04:04: ◇ injected env (0) from .env // tip: ⌘ enable debugging { debug: true }
2026-08-01 11:04:04: 3. About to listen on 5000
2026-08-01 11:04:07: ◇ injected env (0) from .env // tip: ◈ encrypted .env [www.dotenvx.com]
2026-08-01 11:04:07: 3. About to listen on 5000
2026-08-01 11:04:10: ◇ injected env (0) from .env // tip: ⌁ auth for agents [www.vestauth.com]
2026-08-01 11:04:10: 3. About to listen on 5000
2026-08-01 11:04:14: ◇ injected env (0) from .env // tip: ⌘ custom filepath { path: '/custom/path/.env' }
2026-08-01 11:04:14: 3. About to listen on 5000
2026-08-01 11:04:17: ◇ injected env (0) from .env // tip: ⌁ auth for agents [www.vestauth.com]
2026-08-01 11:04:17: 3. About to listen on 5000
2026-08-01 11:04:20: ◇ injected env (0) from .env // tip: ⌁ auth for agents [www.vestauth.com]
2026-08-01 11:04:20: 3. About to listen on 5000
2026-08-01 11:04:23: ◇ injected env (0) from .env // tip: ⌘ custom filepath { path: '/custom/path/.env' }
2026-08-01 11:04:23: 3. About to listen on 5000
2026-08-01 11:04:27: ◇ injected env (0) from .env // tip: ⌘ enable debugging { debug: true }
2026-08-01 11:04:27: 3. About to listen on 5000
2026-08-01 11:04:30: ◇ injected env (0) from .env // tip: ◈ encrypted .env [www.dotenvx.com]
2026-08-01 11:04:30: 3. About to listen on 5000
2026-08-01 11:04:33: ◇ injected env (0) from .env // tip: ⌘ enable debugging { debug: true }
2026-08-01 11:04:33: 3. About to listen on 5000
2026-08-01 11:04:37: ◇ injected env (0) from .env // tip: ⌘ custom filepath { path: '/custom/path/.env' }
2026-08-01 11:04:37: 3. About to listen on 5000
2026-08-01 11:04:40: ◇ injected env (0) from .env // tip: ⌁ auth for agents [www.vestauth.com]
2026-08-01 11:04:40: 3. About to listen on 5000
2026-08-01 11:04:43: ◇ injected env (0) from .env // tip: ◈ secrets for agents [www.dotenvx.com]
2026-08-01 11:04:43: 3. About to listen on 5000
2026-08-01 11:04:46: ◇ injected env (0) from .env // tip: ⌘ enable debugging { debug: true }
2026-08-01 11:04:46: 3. About to listen on 5000
2026-08-01 11:04:50: ◇ injected env (0) from .env // tip: ⌘ suppress logs { quiet: true }
2026-08-01 11:04:50: 3. About to listen on 5000
2026-08-01 11:04:53: ◇ injected env (0) from .env // tip: ⌘ multiple files { path: ['.env.local', '.env'] }
2026-08-01 11:04:53: 3. About to listen on 5000
2026-08-01 11:04:56: ◇ injected env (0) from .env // tip: ◈ encrypted .env [www.dotenvx.com]
2026-08-01 11:04:56: 3. About to listen on 5000
2026-08-01 11:04:59: ◇ injected env (0) from .env // tip: ⌘ enable debugging { debug: true }
2026-08-01 11:04:59: 3. About to listen on 5000
2026-08-01 11:05:03: ◇ injected env (0) from .env // tip: ⌘ suppress logs { quiet: true }
2026-08-01 11:05:03: 3. About to listen on 5000
2026-08-01 11:05:06: ◇ injected env (0) from .env // tip: ◈ encrypted .env [www.dotenvx.com]
2026-08-01 11:05:06: 3. About to listen on 5000
2026-08-01 11:05:09: ◇ injected env (0) from .env // tip: ◈ encrypted .env [www.dotenvx.com]
2026-08-01 11:05:09: 3. About to listen on 5000
2026-08-01 11:05:13: ◇ injected env (0) from .env // tip: ⌘ enable debugging { debug: true }
2026-08-01 11:05:13: 3. About to listen on 5000
2026-08-01 11:05:16: ◇ injected env (0) from .env // tip: ◈ secrets for agents [www.dotenvx.com]
2026-08-01 11:05:16: 3. About to listen on 5000
2026-08-01 11:05:19: ◇ injected env (0) from .env // tip: ⌁ auth for agents [www.vestauth.com]
2026-08-01 11:05:19: 3. About to listen on 5000
2026-08-01 11:05:22: ◇ injected env (0) from .env // tip: ⌘ override existing { override: true }
2026-08-01 11:05:22: 3. About to listen on 5000
2026-08-01 11:05:26: ◇ injected env (0) from .env // tip: ⌘ multiple files { path: ['.env.local', '.env'] }
2026-08-01 11:05:26: 3. About to listen on 5000
2026-08-01 11:05:29: ◇ injected env (0) from .env // tip: ◈ secrets for agents [www.dotenvx.com]
2026-08-01 11:05:29: 3. About to listen on 5000
2026-08-01 11:05:32: ◇ injected env (0) from .env // tip: ◈ encrypted .env [www.dotenvx.com]
2026-08-01 11:05:32: 3. About to listen on 5000
2026-08-01 11:05:35: ◇ injected env (0) from .env // tip: ⌘ custom filepath { path: '/custom/path/.env' }
2026-08-01 11:05:35: 3. About to listen on 5000
2026-08-01 11:05:39: ◇ injected env (0) from .env // tip: ⌘ custom filepath { path: '/custom/path/.env' }
2026-08-01 11:05:39: 3. About to listen on 5000
2026-08-01 11:05:42: ◇ injected env (0) from .env // tip: ⌘ override existing { override: true }
2026-08-01 11:05:42: 3. About to listen on 5000
2026-08-01 11:05:45: ◇ injected env (0) from .env // tip: ⌁ auth for agents [www.vestauth.com]
2026-08-01 11:05:45: 3. About to listen on 5000
2026-08-01 11:05:48: ◇ injected env (0) from .env // tip: ⌘ override existing { override: true }
2026-08-01 11:05:48: 3. About to listen on 5000
2026-08-01 11:05:52: ◇ injected env (0) from .env // tip: ◈ secrets for agents [www.dotenvx.com]
2026-08-01 11:05:52: 3. About to listen on 5000
2026-08-01 11:05:55: ◇ injected env (0) from .env // tip: ⌁ auth for agents [www.vestauth.com]
2026-08-01 11:05:55: 3. About to listen on 5000
2026-08-01 11:05:58: ◇ injected env (0) from .env // tip: ◈ secrets for agents [www.dotenvx.com]
2026-08-01 11:05:58: 3. About to listen on 5000
2026-08-01 11:06:02: ◇ injected env (0) from .env // tip: ⌘ override existing { override: true }
2026-08-01 11:06:02: 3. About to listen on 5000
2026-08-01 11:06:05: ◇ injected env (0) from .env // tip: ⌘ custom filepath { path: '/custom/path/.env' }
2026-08-01 11:06:05: 3. About to listen on 5000
2026-08-01 11:06:08: ◇ injected env (0) from .env // tip: ⌘ override existing { override: true }
2026-08-01 11:06:08: 3. About to listen on 5000
2026-08-01 11:06:11: ◇ injected env (0) from .env // tip: ⌁ auth for agents [www.vestauth.com]
2026-08-01 11:06:11: 3. About to listen on 5000
2026-08-01 11:06:15: ◇ injected env (0) from .env // tip: ⌘ enable debugging { debug: true }
2026-08-01 11:06:15: 3. About to listen on 5000
2026-08-01 11:06:18: ◇ injected env (0) from .env // tip: ◈ encrypted .env [www.dotenvx.com]
2026-08-01 11:06:18: 3. About to listen on 5000
2026-08-01 11:06:21: ◇ injected env (0) from .env // tip: ⌘ enable debugging { debug: true }
2026-08-01 11:06:21: 3. About to listen on 5000
2026-08-01 11:06:25: ◇ injected env (0) from .env // tip: ⌘ suppress logs { quiet: true }
2026-08-01 11:06:25: 3. About to listen on 5000
2026-08-01 11:06:28: ◇ injected env (0) from .env // tip: ⌘ multiple files { path: ['.env.local', '.env'] }
2026-08-01 11:06:28: 3. About to listen on 5000
2026-08-01 11:06:31: ◇ injected env (0) from .env // tip: ⌘ suppress logs { quiet: true }
2026-08-01 11:06:31: 3. About to listen on 5000
2026-08-01 11:06:34: ◇ injected env (0) from .env // tip: ⌘ override existing { override: true }
2026-08-01 11:06:34: 3. About to listen on 5000
2026-08-01 11:06:38: ◇ injected env (0) from .env // tip: ◈ secrets for agents [www.dotenvx.com]
2026-08-01 11:06:38: 3. About to listen on 5000
2026-08-01 11:06:41: ◇ injected env (0) from .env // tip: ⌁ auth for agents [www.vestauth.com]
2026-08-01 11:06:41: 3. About to listen on 5000
2026-08-01 11:06:44: ◇ injected env (0) from .env // tip: ⌘ multiple files { path: ['.env.local', '.env'] }
2026-08-01 11:06:44: 3. About to listen on 5000
2026-08-01 11:06:47: ◇ injected env (0) from .env // tip: ◈ secrets for agents [www.dotenvx.com]
2026-08-01 11:06:47: 3. About to listen on 5000
2026-08-01 11:06:51: ◇ injected env (0) from .env // tip: ◈ encrypted .env [www.dotenvx.com]
2026-08-01 11:06:51: 3. About to listen on 5000
2026-08-01 11:06:54: ◇ injected env (0) from .env // tip: ⌘ custom filepath { path: '/custom/path/.env' }
2026-08-01 11:06:54: 3. About to listen on 5000
2026-08-01 11:06:57: ◇ injected env (0) from .env // tip: ◈ secrets for agents [www.dotenvx.com]
2026-08-01 11:06:57: 3. About to listen on 5000
2026-08-01 11:07:00: ◇ injected env (0) from .env // tip: ⌘ override existing { override: true }
2026-08-01 11:07:00: 3. About to listen on 5000
2026-08-01 11:07:04: ◇ injected env (0) from .env // tip: ⌁ auth for agents [www.vestauth.com]
2026-08-01 11:07:04: 3. About to listen on 5000
2026-08-01 11:07:07: ◇ injected env (0) from .env // tip: ◈ encrypted .env [www.dotenvx.com]
2026-08-01 11:07:07: 3. About to listen on 5000
2026-08-01 11:07:10: ◇ injected env (0) from .env // tip: ⌘ custom filepath { path: '/custom/path/.env' }
2026-08-01 11:07:10: 3. About to listen on 5000
2026-08-01 11:07:14: ◇ injected env (0) from .env // tip: ⌘ enable debugging { debug: true }
2026-08-01 11:07:14: 3. About to listen on 5000
2026-08-01 11:07:17: ◇ injected env (0) from .env // tip: ⌘ override existing { override: true }
2026-08-01 11:07:17: 3. About to listen on 5000
2026-08-01 11:07:20: ◇ injected env (0) from .env // tip: ⌘ multiple files { path: ['.env.local', '.env'] }
2026-08-01 11:07:20: 3. About to listen on 5000
2026-08-01 11:07:23: ◇ injected env (0) from .env // tip: ⌘ suppress logs { quiet: true }
2026-08-01 11:07:23: 3. About to listen on 5000
2026-08-01 11:07:27: ◇ injected env (0) from .env // tip: ⌘ override existing { override: true }
2026-08-01 11:07:27: 3. About to listen on 5000
2026-08-01 11:07:30: ◇ injected env (0) from .env // tip: ⌘ multiple files { path: ['.env.local', '.env'] }
2026-08-01 11:07:30: 3. About to listen on 5000
2026-08-01 11:07:33: ◇ injected env (0) from .env // tip: ◈ encrypted .env [www.dotenvx.com]
2026-08-01 11:07:33: 3. About to listen on 5000
2026-08-01 11:07:37: ◇ injected env (0) from .env // tip: ⌘ suppress logs { quiet: true }
2026-08-01 11:07:37: 3. About to listen on 5000
2026-08-01 11:07:40: ◇ injected env (0) from .env // tip: ⌘ multiple files { path: ['.env.local', '.env'] }
2026-08-01 11:07:40: 3. About to listen on 5000
2026-08-01 11:07:43: ◇ injected env (0) from .env // tip: ⌘ override existing { override: true }
2026-08-01 11:07:43: 3. About to listen on 5000
2026-08-01 11:07:46: ◇ injected env (0) from .env // tip: ◈ secrets for agents [www.dotenvx.com]
2026-08-01 11:07:46: 3. About to listen on 5000
2026-08-01 11:07:50: ◇ injected env (0) from .env // tip: ⌘ suppress logs { quiet: true }
2026-08-01 11:07:50: 3. About to listen on 5000
2026-08-01 11:07:53: ◇ injected env (0) from .env // tip: ⌘ custom filepath { path: '/custom/path/.env' }
2026-08-01 11:07:53: 3. About to listen on 5000
2026-08-01 11:07:56: ◇ injected env (0) from .env // tip: ◈ secrets for agents [www.dotenvx.com]
2026-08-01 11:07:56: 3. About to listen on 5000
2026-08-01 11:07:59: ◇ injected env (0) from .env // tip: ◈ encrypted .env [www.dotenvx.com]
2026-08-01 11:07:59: 3. About to listen on 5000
2026-08-01 11:08:03: ◇ injected env (0) from .env // tip: ⌘ multiple files { path: ['.env.local', '.env'] }
2026-08-01 11:08:03: 3. About to listen on 5000
2026-08-01 11:08:06: ◇ injected env (0) from .env // tip: ⌘ suppress logs { quiet: true }
2026-08-01 11:08:06: 3. About to listen on 5000
2026-08-01 11:08:09: ◇ injected env (0) from .env // tip: ◈ secrets for agents [www.dotenvx.com]
2026-08-01 11:08:09: 3. About to listen on 5000
2026-08-01 11:08:12: ◇ injected env (0) from .env // tip: ⌘ suppress logs { quiet: true }
2026-08-01 11:08:12: 3. About to listen on 5000
2026-08-01 11:08:16: ◇ injected env (0) from .env // tip: ⌁ auth for agents [www.vestauth.com]
2026-08-01 11:08:16: 3. About to listen on 5000
2026-08-01 11:08:19: ◇ injected env (0) from .env // tip: ⌘ suppress logs { quiet: true }
2026-08-01 11:08:19: 3. About to listen on 5000
2026-08-01 11:08:22: ◇ injected env (0) from .env // tip: ⌘ custom filepath { path: '/custom/path/.env' }
2026-08-01 11:08:22: 3. About to listen on 5000
2026-08-01 11:08:26: ◇ injected env (0) from .env // tip: ◈ encrypted .env [www.dotenvx.com]
2026-08-01 11:08:26: 3. About to listen on 5000
2026-08-01 11:08:29: ◇ injected env (0) from .env // tip: ⌘ override existing { override: true }
2026-08-01 11:08:29: 3. About to listen on 5000
2026-08-01 11:08:32: ◇ injected env (0) from .env // tip: ⌘ override existing { override: true }
2026-08-01 11:08:32: 3. About to listen on 5000
2026-08-01 11:08:35: ◇ injected env (0) from .env // tip: ⌁ auth for agents [www.vestauth.com]
2026-08-01 11:08:35: 3. About to listen on 5000
2026-08-01 11:08:39: ◇ injected env (0) from .env // tip: ⌘ suppress logs { quiet: true }
2026-08-01 11:08:39: 3. About to listen on 5000
2026-08-01 11:08:42: ◇ injected env (0) from .env // tip: ◈ encrypted .env [www.dotenvx.com]
2026-08-01 11:08:42: 3. About to listen on 5000
2026-08-01 11:08:45: ◇ injected env (0) from .env // tip: ⌘ custom filepath { path: '/custom/path/.env' }
2026-08-01 11:08:45: 3. About to listen on 5000
2026-08-01 11:08:48: ◇ injected env (0) from .env // tip: ⌘ custom filepath { path: '/custom/path/.env' }
2026-08-01 11:08:48: 3. About to listen on 5000
2026-08-01 11:08:52: ◇ injected env (0) from .env // tip: ⌁ auth for agents [www.vestauth.com]
2026-08-01 11:08:52: 3. About to listen on 5000
2026-08-01 11:08:55: ◇ injected env (0) from .env // tip: ⌁ auth for agents [www.vestauth.com]
2026-08-01 11:08:55: 3. About to listen on 5000
2026-08-01 11:08:58: ◇ injected env (0) from .env // tip: ⌘ multiple files { path: ['.env.local', '.env'] }
2026-08-01 11:08:58: 3. About to listen on 5000
2026-08-01 11:09:01: ◇ injected env (0) from .env // tip: ⌘ custom filepath { path: '/custom/path/.env' }
2026-08-01 11:09:01: 3. About to listen on 5000
2026-08-01 11:09:05: ◇ injected env (0) from .env // tip: ⌘ multiple files { path: ['.env.local', '.env'] }
2026-08-01 11:09:05: 3. About to listen on 5000
2026-08-01 11:09:08: ◇ injected env (0) from .env // tip: ◈ encrypted .env [www.dotenvx.com]
2026-08-01 11:09:08: 3. About to listen on 5000
2026-08-01 11:09:11: ◇ injected env (0) from .env // tip: ⌘ override existing { override: true }
2026-08-01 11:09:11: 3. About to listen on 5000
2026-08-01 11:09:15: ◇ injected env (0) from .env // tip: ⌘ enable debugging { debug: true }
2026-08-01 11:09:15: 3. About to listen on 5000
2026-08-01 11:09:18: ◇ injected env (0) from .env // tip: ⌁ auth for agents [www.vestauth.com]
2026-08-01 11:09:18: 3. About to listen on 5000
2026-08-01 11:09:21: ◇ injected env (0) from .env // tip: ⌘ enable debugging { debug: true }
2026-08-01 11:09:21: 3. About to listen on 5000
2026-08-01 11:09:24: ◇ injected env (0) from .env // tip: ⌘ enable debugging { debug: true }
2026-08-01 11:09:24: 3. About to listen on 5000
2026-08-01 11:09:28: ◇ injected env (0) from .env // tip: ◈ encrypted .env [www.dotenvx.com]
2026-08-01 11:09:28: 3. About to listen on 5000
2026-08-01 11:09:31: ◇ injected env (0) from .env // tip: ⌘ multiple files { path: ['.env.local', '.env'] }
2026-08-01 11:09:31: 3. About to listen on 5000
2026-08-01 11:09:34: ◇ injected env (0) from .env // tip: ⌘ multiple files { path: ['.env.local', '.env'] }
2026-08-01 11:09:34: 3. About to listen on 5000
2026-08-01 11:09:37: ◇ injected env (0) from .env // tip: ⌘ suppress logs { quiet: true }
2026-08-01 11:09:37: 3. About to listen on 5000
2026-08-01 11:09:41: ◇ injected env (0) from .env // tip: ⌘ suppress logs { quiet: true }
2026-08-01 11:09:41: 3. About to listen on 5000
2026-08-01 11:09:44: ◇ injected env (0) from .env // tip: ⌘ enable debugging { debug: true }
2026-08-01 11:09:44: 3. About to listen on 5000
2026-08-01 11:09:47: ◇ injected env (0) from .env // tip: ⌘ custom filepath { path: '/custom/path/.env' }
2026-08-01 11:09:47: 3. About to listen on 5000
2026-08-01 11:09:51: ◇ injected env (0) from .env // tip: ⌁ auth for agents [www.vestauth.com]
2026-08-01 11:09:51: 3. About to listen on 5000
2026-08-01 11:09:54: ◇ injected env (0) from .env // tip: ◈ secrets for agents [www.dotenvx.com]
2026-08-01 11:09:54: 3. About to listen on 5000
2026-08-01 11:09:57: ◇ injected env (0) from .env // tip: ⌘ suppress logs { quiet: true }
2026-08-01 11:09:57: 3. About to listen on 5000
2026-08-01 11:10:00: ◇ injected env (0) from .env // tip: ⌘ suppress logs { quiet: true }
2026-08-01 11:10:00: 3. About to listen on 5000
2026-08-01 11:10:04: ◇ injected env (0) from .env // tip: ⌘ custom filepath { path: '/custom/path/.env' }
2026-08-01 11:10:04: 3. About to listen on 5000
2026-08-01 11:10:07: ◇ injected env (0) from .env // tip: ⌘ multiple files { path: ['.env.local', '.env'] }
2026-08-01 11:10:07: 3. About to listen on 5000
2026-08-01 11:10:10: ◇ injected env (0) from .env // tip: ⌘ multiple files { path: ['.env.local', '.env'] }
2026-08-01 11:10:10: 3. About to listen on 5000
2026-08-01 11:10:13: ◇ injected env (0) from .env // tip: ◈ encrypted .env [www.dotenvx.com]
2026-08-01 11:10:13: 3. About to listen on 5000
2026-08-01 11:10:17: ◇ injected env (0) from .env // tip: ⌘ enable debugging { debug: true }
2026-08-01 11:10:17: 3. About to listen on 5000
2026-08-01 11:10:20: ◇ injected env (0) from .env // tip: ⌁ auth for agents [www.vestauth.com]
2026-08-01 11:10:20: 3. About to listen on 5000
2026-08-01 11:10:23: ◇ injected env (0) from .env // tip: ⌘ custom filepath { path: '/custom/path/.env' }
2026-08-01 11:10:23: 3. About to listen on 5000
2026-08-01 11:10:27: ◇ injected env (0) from .env // tip: ⌘ custom filepath { path: '/custom/path/.env' }
2026-08-01 11:10:27: 3. About to listen on 5000
2026-08-01 11:10:30: ◇ injected env (0) from .env // tip: ⌁ auth for agents [www.vestauth.com]
2026-08-01 11:10:30: 3. About to listen on 5000
2026-08-01 11:10:33: ◇ injected env (0) from .env // tip: ⌘ enable debugging { debug: true }
2026-08-01 11:10:33: 3. About to listen on 5000
2026-08-01 11:10:36: ◇ injected env (0) from .env // tip: ◈ secrets for agents [www.dotenvx.com]
2026-08-01 11:10:36: 3. About to listen on 5000
2026-08-01 11:10:40: ◇ injected env (0) from .env // tip: ⌘ override existing { override: true }
2026-08-01 11:10:40: 3. About to listen on 5000
2026-08-01 11:10:43: ◇ injected env (0) from .env // tip: ⌘ multiple files { path: ['.env.local', '.env'] }
2026-08-01 11:10:43: 3. About to listen on 5000
2026-08-01 11:10:46: ◇ injected env (0) from .env // tip: ◈ secrets for agents [www.dotenvx.com]
2026-08-01 11:10:46: 3. About to listen on 5000
2026-08-01 11:10:49: ◇ injected env (0) from .env // tip: ⌘ suppress logs { quiet: true }
2026-08-01 11:10:49: 3. About to listen on 5000
2026-08-01 11:10:53: ◇ injected env (0) from .env // tip: ⌘ override existing { override: true }
2026-08-01 11:10:53: 3. About to listen on 5000
2026-08-01 11:10:56: ◇ injected env (0) from .env // tip: ◈ secrets for agents [www.dotenvx.com]
2026-08-01 11:10:56: 3. About to listen on 5000
2026-08-01 11:10:59: ◇ injected env (0) from .env // tip: ⌘ enable debugging { debug: true }
2026-08-01 11:10:59: 3. About to listen on 5000
2026-08-01 11:11:02: ◇ injected env (0) from .env // tip: ◈ secrets for agents [www.dotenvx.com]
2026-08-01 11:11:03: 3. About to listen on 5000
2026-08-01 11:11:06: ◇ injected env (0) from .env // tip: ⌘ override existing { override: true }
2026-08-01 11:11:06: 3. About to listen on 5000
2026-08-01 11:11:09: ◇ injected env (0) from .env // tip: ⌘ enable debugging { debug: true }
2026-08-01 11:11:09: 3. About to listen on 5000
2026-08-01 11:11:12: ◇ injected env (0) from .env // tip: ◈ secrets for agents [www.dotenvx.com]
2026-08-01 11:11:12: 3. About to listen on 5000
2026-08-01 11:11:16: ◇ injected env (0) from .env // tip: ◈ encrypted .env [www.dotenvx.com]
2026-08-01 11:11:16: 3. About to listen on 5000
2026-08-01 11:11:19: ◇ injected env (0) from .env // tip: ⌘ suppress logs { quiet: true }
2026-08-01 11:11:19: 3. About to listen on 5000
2026-08-01 11:11:22: ◇ injected env (0) from .env // tip: ⌘ suppress logs { quiet: true }
2026-08-01 11:11:22: 3. About to listen on 5000
2026-08-01 11:11:25: ◇ injected env (0) from .env // tip: ⌘ custom filepath { path: '/custom/path/.env' }
2026-08-01 11:11:25: 3. About to listen on 5000
2026-08-01 11:11:29: ◇ injected env (0) from .env // tip: ◈ encrypted .env [www.dotenvx.com]
2026-08-01 11:11:29: 3. About to listen on 5000
2026-08-01 11:11:32: ◇ injected env (0) from .env // tip: ◈ encrypted .env [www.dotenvx.com]
2026-08-01 11:11:32: 3. About to listen on 5000
2026-08-01 11:11:35: ◇ injected env (0) from .env // tip: ⌁ auth for agents [www.vestauth.com]
2026-08-01 11:11:35: 3. About to listen on 5000
2026-08-01 11:11:38: ◇ injected env (0) from .env // tip: ◈ encrypted .env [www.dotenvx.com]
2026-08-01 11:11:38: 3. About to listen on 5000
2026-08-01 11:11:42: ◇ injected env (0) from .env // tip: ◈ secrets for agents [www.dotenvx.com]
2026-08-01 11:11:42: 3. About to listen on 5000
2026-08-01 11:11:45: ◇ injected env (0) from .env // tip: ⌘ override existing { override: true }
2026-08-01 11:11:45: 3. About to listen on 5000
2026-08-01 11:11:48: ◇ injected env (0) from .env // tip: ⌘ suppress logs { quiet: true }
2026-08-01 11:11:48: 3. About to listen on 5000
2026-08-01 11:11:52: ◇ injected env (0) from .env // tip: ◈ secrets for agents [www.dotenvx.com]
2026-08-01 11:11:52: 3. About to listen on 5000
2026-08-01 11:11:55: ◇ injected env (0) from .env // tip: ◈ encrypted .env [www.dotenvx.com]
2026-08-01 11:11:55: 3. About to listen on 5000
2026-08-01 11:11:58: ◇ injected env (0) from .env // tip: ◈ encrypted .env [www.dotenvx.com]
2026-08-01 11:11:58: 3. About to listen on 5000
2026-08-01 11:12:01: ◇ injected env (0) from .env // tip: ◈ encrypted .env [www.dotenvx.com]
2026-08-01 11:12:01: 3. About to listen on 5000
2026-08-01 11:12:05: ◇ injected env (0) from .env // tip: ⌘ multiple files { path: ['.env.local', '.env'] }
2026-08-01 11:12:05: 3. About to listen on 5000
2026-08-01 11:12:08: ◇ injected env (0) from .env // tip: ⌘ suppress logs { quiet: true }
2026-08-01 11:12:08: 3. About to listen on 5000
2026-08-01 11:12:11: ◇ injected env (0) from .env // tip: ⌘ multiple files { path: ['.env.local', '.env'] }
2026-08-01 11:12:11: 3. About to listen on 5000
2026-08-01 11:12:14: ◇ injected env (0) from .env // tip: ⌘ override existing { override: true }
2026-08-01 11:12:14: 3. About to listen on 5000
2026-08-01 11:12:18: ◇ injected env (0) from .env // tip: ◈ secrets for agents [www.dotenvx.com]
2026-08-01 11:12:18: 3. About to listen on 5000
2026-08-01 11:12:21: ◇ injected env (0) from .env // tip: ⌘ suppress logs { quiet: true }
2026-08-01 11:12:21: 3. About to listen on 5000
2026-08-01 11:12:24: ◇ injected env (0) from .env // tip: ⌘ custom filepath { path: '/custom/path/.env' }
2026-08-01 11:12:24: 3. About to listen on 5000
2026-08-01 11:12:28: ◇ injected env (0) from .env // tip: ⌘ custom filepath { path: '/custom/path/.env' }
2026-08-01 11:12:28: 3. About to listen on 5000
2026-08-01 11:12:31: ◇ injected env (0) from .env // tip: ⌘ override existing { override: true }
2026-08-01 11:12:31: 3. About to listen on 5000
2026-08-01 11:12:34: ◇ injected env (0) from .env // tip: ⌘ suppress logs { quiet: true }
2026-08-01 11:12:34: 3. About to listen on 5000
2026-08-01 11:12:37: ◇ injected env (0) from .env // tip: ⌁ auth for agents [www.vestauth.com]
2026-08-01 11:12:37: 3. About to listen on 5000
2026-08-01 11:12:41: ◇ injected env (0) from .env // tip: ⌘ multiple files { path: ['.env.local', '.env'] }
2026-08-01 11:12:41: 3. About to listen on 5000
2026-08-01 11:12:44: ◇ injected env (0) from .env // tip: ⌘ override existing { override: true }
2026-08-01 11:12:44: 3. About to listen on 5000
2026-08-01 11:12:47: ◇ injected env (0) from .env // tip: ⌘ multiple files { path: ['.env.local', '.env'] }
2026-08-01 11:12:47: 3. About to listen on 5000
2026-08-01 11:12:50: ◇ injected env (0) from .env // tip: ⌘ suppress logs { quiet: true }
2026-08-01 11:12:50: 3. About to listen on 5000
2026-08-01 11:12:54: ◇ injected env (0) from .env // tip: ⌘ suppress logs { quiet: true }
2026-08-01 11:12:54: 3. About to listen on 5000
2026-08-01 11:12:57: ◇ injected env (0) from .env // tip: ⌘ multiple files { path: ['.env.local', '.env'] }
2026-08-01 11:12:57: 3. About to listen on 5000
2026-08-01 11:13:00: ◇ injected env (0) from .env // tip: ◈ secrets for agents [www.dotenvx.com]
2026-08-01 11:13:00: 3. About to listen on 5000
2026-08-01 11:13:03: ◇ injected env (0) from .env // tip: ⌘ enable debugging { debug: true }
2026-08-01 11:13:03: 3. About to listen on 5000
2026-08-01 11:13:07: ◇ injected env (0) from .env // tip: ◈ secrets for agents [www.dotenvx.com]
2026-08-01 11:13:07: 3. About to listen on 5000
2026-08-01 11:13:10: ◇ injected env (0) from .env // tip: ◈ secrets for agents [www.dotenvx.com]
2026-08-01 11:13:10: 3. About to listen on 5000
2026-08-01 11:13:13: ◇ injected env (0) from .env // tip: ⌘ multiple files { path: ['.env.local', '.env'] }
2026-08-01 11:13:13: 3. About to listen on 5000
2026-08-01 11:13:17: ◇ injected env (0) from .env // tip: ⌘ suppress logs { quiet: true }
2026-08-01 11:13:17: 3. About to listen on 5000
2026-08-01 11:13:20: ◇ injected env (0) from .env // tip: ◈ secrets for agents [www.dotenvx.com]
2026-08-01 11:13:20: 3. About to listen on 5000
2026-08-01 11:13:23: ◇ injected env (0) from .env // tip: ◈ encrypted .env [www.dotenvx.com]
2026-08-01 11:13:23: 3. About to listen on 5000
2026-08-01 11:13:26: ◇ injected env (0) from .env // tip: ⌘ override existing { override: true }
2026-08-01 11:13:26: 3. About to listen on 5000
2026-08-01 11:13:30: ◇ injected env (0) from .env // tip: ⌘ suppress logs { quiet: true }
2026-08-01 11:13:30: 3. About to listen on 5000
2026-08-01 11:13:33: ◇ injected env (0) from .env // tip: ◈ secrets for agents [www.dotenvx.com]
2026-08-01 11:13:33: 3. About to listen on 5000
2026-08-01 11:13:36: ◇ injected env (0) from .env // tip: ⌘ custom filepath { path: '/custom/path/.env' }
2026-08-01 11:13:36: 3. About to listen on 5000
2026-08-01 11:13:39: ◇ injected env (0) from .env // tip: ⌁ auth for agents [www.vestauth.com]
2026-08-01 11:13:39: 3. About to listen on 5000
2026-08-01 11:13:43: ◇ injected env (0) from .env // tip: ◈ secrets for agents [www.dotenvx.com]
2026-08-01 11:13:43: 3. About to listen on 5000
2026-08-01 11:13:46: ◇ injected env (0) from .env // tip: ⌘ multiple files { path: ['.env.local', '.env'] }
2026-08-01 11:13:46: 3. About to listen on 5000
2026-08-01 11:13:49: ◇ injected env (0) from .env // tip: ⌘ custom filepath { path: '/custom/path/.env' }
2026-08-01 11:13:49: 3. About to listen on 5000
2026-08-01 11:13:53: ◇ injected env (0) from .env // tip: ⌘ custom filepath { path: '/custom/path/.env' }
2026-08-01 11:13:53: 3. About to listen on 5000
2026-08-01 11:13:56: ◇ injected env (0) from .env // tip: ⌘ override existing { override: true }
2026-08-01 11:13:56: 3. About to listen on 5000
2026-08-01 11:13:59: ◇ injected env (0) from .env // tip: ◈ secrets for agents [www.dotenvx.com]
2026-08-01 11:13:59: 3. About to listen on 5000
2026-08-01 11:14:02: ◇ injected env (0) from .env // tip: ⌘ custom filepath { path: '/custom/path/.env' }
2026-08-01 11:14:02: 3. About to listen on 5000
2026-08-01 11:14:06: ◇ injected env (0) from .env // tip: ⌘ custom filepath { path: '/custom/path/.env' }
2026-08-01 11:14:06: 3. About to listen on 5000
2026-08-01 11:14:09: ◇ injected env (0) from .env // tip: ⌘ custom filepath { path: '/custom/path/.env' }
2026-08-01 11:14:09: 3. About to listen on 5000
2026-08-01 11:14:12: ◇ injected env (0) from .env // tip: ⌘ suppress logs { quiet: true }
2026-08-01 11:14:12: 3. About to listen on 5000
2026-08-01 11:14:15: ◇ injected env (0) from .env // tip: ⌁ auth for agents [www.vestauth.com]
2026-08-01 11:14:15: 3. About to listen on 5000
2026-08-01 11:14:19: ◇ injected env (0) from .env // tip: ⌘ custom filepath { path: '/custom/path/.env' }
2026-08-01 11:14:19: 3. About to listen on 5000
2026-08-01 11:14:22: ◇ injected env (0) from .env // tip: ◈ secrets for agents [www.dotenvx.com]
2026-08-01 11:14:22: 3. About to listen on 5000
2026-08-01 11:14:25: ◇ injected env (0) from .env // tip: ⌘ multiple files { path: ['.env.local', '.env'] }
2026-08-01 11:14:25: 3. About to listen on 5000
2026-08-01 11:14:28: ◇ injected env (0) from .env // tip: ⌘ enable debugging { debug: true }
2026-08-01 11:14:28: 3. About to listen on 5000
2026-08-01 11:14:32: ◇ injected env (0) from .env // tip: ⌘ suppress logs { quiet: true }
2026-08-01 11:14:32: 3. About to listen on 5000
2026-08-01 11:14:35: ◇ injected env (0) from .env // tip: ⌘ suppress logs { quiet: true }
2026-08-01 11:14:35: 3. About to listen on 5000
2026-08-01 11:14:38: ◇ injected env (0) from .env // tip: ⌘ enable debugging { debug: true }
2026-08-01 11:14:38: 3. About to listen on 5000
2026-08-01 11:14:42: ◇ injected env (0) from .env // tip: ⌘ override existing { override: true }
2026-08-01 11:14:42: 3. About to listen on 5000
2026-08-01 11:14:45: ◇ injected env (0) from .env // tip: ⌘ override existing { override: true }
2026-08-01 11:14:45: 3. About to listen on 5000
2026-08-01 11:14:48: ◇ injected env (0) from .env // tip: ⌘ custom filepath { path: '/custom/path/.env' }
2026-08-01 11:14:48: 3. About to listen on 5000
2026-08-01 11:14:51: ◇ injected env (0) from .env // tip: ⌁ auth for agents [www.vestauth.com]
2026-08-01 11:14:51: 3. About to listen on 5000
2026-08-01 11:14:55: ◇ injected env (0) from .env // tip: ⌘ multiple files { path: ['.env.local', '.env'] }
2026-08-01 11:14:55: 3. About to listen on 5000
2026-08-01 11:14:58: ◇ injected env (0) from .env // tip: ◈ secrets for agents [www.dotenvx.com]
2026-08-01 11:14:58: 3. About to listen on 5000
2026-08-01 11:15:01: ◇ injected env (0) from .env // tip: ⌘ custom filepath { path: '/custom/path/.env' }
2026-08-01 11:15:01: 3. About to listen on 5000
2026-08-01 11:15:04: ◇ injected env (0) from .env // tip: ⌘ enable debugging { debug: true }
2026-08-01 11:15:04: 3. About to listen on 5000
2026-08-01 11:15:08: ◇ injected env (0) from .env // tip: ⌘ override existing { override: true }
2026-08-01 11:15:08: 3. About to listen on 5000
2026-08-01 11:15:11: ◇ injected env (0) from .env // tip: ◈ secrets for agents [www.dotenvx.com]
2026-08-01 11:15:11: 3. About to listen on 5000
2026-08-01 11:15:14: ◇ injected env (0) from .env // tip: ⌘ suppress logs { quiet: true }
2026-08-01 11:15:14: 3. About to listen on 5000
2026-08-01 11:15:18: ◇ injected env (0) from .env // tip: ⌘ multiple files { path: ['.env.local', '.env'] }
2026-08-01 11:15:18: 3. About to listen on 5000
2026-08-01 11:15:21: ◇ injected env (0) from .env // tip: ⌘ custom filepath { path: '/custom/path/.env' }
2026-08-01 11:15:21: 3. About to listen on 5000
2026-08-01 11:15:24: ◇ injected env (0) from .env // tip: ⌁ auth for agents [www.vestauth.com]
2026-08-01 11:15:24: 3. About to listen on 5000
2026-08-01 11:15:27: ◇ injected env (0) from .env // tip: ◈ secrets for agents [www.dotenvx.com]
2026-08-01 11:15:27: 3. About to listen on 5000
2026-08-01 11:15:31: ◇ injected env (0) from .env // tip: ⌘ override existing { override: true }
2026-08-01 11:15:31: 3. About to listen on 5000
2026-08-01 11:15:34: ◇ injected env (0) from .env // tip: ⌘ override existing { override: true }
2026-08-01 11:15:34: 3. About to listen on 5000
2026-08-01 11:15:37: ◇ injected env (0) from .env // tip: ◈ secrets for agents [www.dotenvx.com]
2026-08-01 11:15:37: 3. About to listen on 5000
2026-08-01 11:15:40: ◇ injected env (0) from .env // tip: ⌘ enable debugging { debug: true }
2026-08-01 11:15:40: 3. About to listen on 5000
2026-08-01 11:15:44: ◇ injected env (0) from .env // tip: ⌘ custom filepath { path: '/custom/path/.env' }
2026-08-01 11:15:44: 3. About to listen on 5000
2026-08-01 11:15:47: ◇ injected env (0) from .env // tip: ◈ encrypted .env [www.dotenvx.com]
2026-08-01 11:15:47: 3. About to listen on 5000
2026-08-01 11:15:50: ◇ injected env (0) from .env // tip: ⌘ multiple files { path: ['.env.local', '.env'] }
2026-08-01 11:15:50: 3. About to listen on 5000
2026-08-01 11:15:54: ◇ injected env (0) from .env // tip: ◈ secrets for agents [www.dotenvx.com]
2026-08-01 11:15:54: 3. About to listen on 5000
2026-08-01 11:15:57: ◇ injected env (0) from .env // tip: ◈ encrypted .env [www.dotenvx.com]
2026-08-01 11:15:57: 3. About to listen on 5000
2026-08-01 11:16:00: ◇ injected env (0) from .env // tip: ⌘ suppress logs { quiet: true }
2026-08-01 11:16:00: 3. About to listen on 5000
2026-08-01 11:16:03: ◇ injected env (0) from .env // tip: ⌘ suppress logs { quiet: true }
2026-08-01 11:16:03: 3. About to listen on 5000
2026-08-01 11:16:07: ◇ injected env (0) from .env // tip: ⌘ suppress logs { quiet: true }
2026-08-01 11:16:07: 3. About to listen on 5000
2026-08-01 11:16:10: ◇ injected env (0) from .env // tip: ⌘ custom filepath { path: '/custom/path/.env' }
2026-08-01 11:16:10: 3. About to listen on 5000
2026-08-01 11:16:13: ◇ injected env (0) from .env // tip: ⌘ multiple files { path: ['.env.local', '.env'] }
2026-08-01 11:16:13: 3. About to listen on 5000
2026-08-01 11:16:16: ◇ injected env (0) from .env // tip: ⌘ custom filepath { path: '/custom/path/.env' }
2026-08-01 11:16:16: 3. About to listen on 5000
2026-08-01 11:16:20: ◇ injected env (0) from .env // tip: ⌘ custom filepath { path: '/custom/path/.env' }
2026-08-01 11:16:20: 3. About to listen on 5000
2026-08-01 11:16:23: ◇ injected env (0) from .env // tip: ⌁ auth for agents [www.vestauth.com]
2026-08-01 11:16:23: 3. About to listen on 5000
2026-08-01 11:16:26: ◇ injected env (0) from .env // tip: ◈ secrets for agents [www.dotenvx.com]
2026-08-01 11:16:26: 3. About to listen on 5000
2026-08-01 11:16:30: ◇ injected env (0) from .env // tip: ⌘ override existing { override: true }
2026-08-01 11:16:30: 3. About to listen on 5000
2026-08-01 11:16:33: ◇ injected env (0) from .env // tip: ◈ encrypted .env [www.dotenvx.com]
2026-08-01 11:16:33: 3. About to listen on 5000
2026-08-01 11:16:36: ◇ injected env (0) from .env // tip: ⌘ enable debugging { debug: true }
2026-08-01 11:16:36: 3. About to listen on 5000
2026-08-01 11:16:39: ◇ injected env (0) from .env // tip: ⌘ suppress logs { quiet: true }
2026-08-01 11:16:39: 3. About to listen on 5000
2026-08-01 11:16:43: ◇ injected env (0) from .env // tip: ⌘ custom filepath { path: '/custom/path/.env' }
2026-08-01 11:16:43: 3. About to listen on 5000
2026-08-01 11:16:46: ◇ injected env (0) from .env // tip: ⌘ enable debugging { debug: true }
2026-08-01 11:16:46: 3. About to listen on 5000
2026-08-01 11:16:49: ◇ injected env (0) from .env // tip: ◈ secrets for agents [www.dotenvx.com]
2026-08-01 11:16:49: 3. About to listen on 5000
2026-08-01 11:16:52: ◇ injected env (0) from .env // tip: ⌘ override existing { override: true }
2026-08-01 11:16:52: 3. About to listen on 5000
2026-08-01 11:16:56: ◇ injected env (0) from .env // tip: ⌘ override existing { override: true }
2026-08-01 11:16:56: 3. About to listen on 5000
2026-08-01 11:16:59: ◇ injected env (0) from .env // tip: ◈ encrypted .env [www.dotenvx.com]
2026-08-01 11:16:59: 3. About to listen on 5000
2026-08-01 11:17:02: ◇ injected env (0) from .env // tip: ⌘ override existing { override: true }
2026-08-01 11:17:02: 3. About to listen on 5000
2026-08-01 11:17:05: ◇ injected env (0) from .env // tip: ⌘ suppress logs { quiet: true }
2026-08-01 11:17:05: 3. About to listen on 5000
2026-08-01 11:17:09: ◇ injected env (0) from .env // tip: ◈ encrypted .env [www.dotenvx.com]
2026-08-01 11:17:09: 3. About to listen on 5000
2026-08-01 11:17:12: ◇ injected env (0) from .env // tip: ⌘ suppress logs { quiet: true }
2026-08-01 11:17:12: 3. About to listen on 5000
2026-08-01 11:17:15: ◇ injected env (0) from .env // tip: ◈ encrypted .env [www.dotenvx.com]
2026-08-01 11:17:15: 3. About to listen on 5000
2026-08-01 11:17:19: ◇ injected env (0) from .env // tip: ◈ secrets for agents [www.dotenvx.com]
2026-08-01 11:17:19: 3. About to listen on 5000
2026-08-01 11:17:22: ◇ injected env (0) from .env // tip: ◈ encrypted .env [www.dotenvx.com]
2026-08-01 11:17:22: 3. About to listen on 5000
2026-08-01 11:17:25: ◇ injected env (0) from .env // tip: ⌘ override existing { override: true }
2026-08-01 11:17:25: 3. About to listen on 5000
2026-08-01 11:17:28: ◇ injected env (0) from .env // tip: ⌘ override existing { override: true }
2026-08-01 11:17:28: 3. About to listen on 5000
2026-08-01 11:17:32: ◇ injected env (0) from .env // tip: ⌘ override existing { override: true }
2026-08-01 11:17:32: 3. About to listen on 5000
2026-08-01 11:17:35: ◇ injected env (0) from .env // tip: ⌘ suppress logs { quiet: true }
2026-08-01 11:17:35: 3. About to listen on 5000
2026-08-01 11:17:38: ◇ injected env (0) from .env // tip: ◈ secrets for agents [www.dotenvx.com]
2026-08-01 11:17:38: 3. About to listen on 5000
2026-08-01 11:17:41: ◇ injected env (0) from .env // tip: ◈ encrypted .env [www.dotenvx.com]
2026-08-01 11:17:41: 3. About to listen on 5000
2026-08-01 11:17:45: ◇ injected env (0) from .env // tip: ⌘ multiple files { path: ['.env.local', '.env'] }
2026-08-01 11:17:45: 3. About to listen on 5000
2026-08-01 11:17:48: ◇ injected env (0) from .env // tip: ⌘ custom filepath { path: '/custom/path/.env' }
2026-08-01 11:17:48: 3. About to listen on 5000
2026-08-01 11:17:51: ◇ injected env (0) from .env // tip: ⌘ suppress logs { quiet: true }
2026-08-01 11:17:51: 3. About to listen on 5000
2026-08-01 11:17:55: ◇ injected env (0) from .env // tip: ⌘ custom filepath { path: '/custom/path/.env' }
2026-08-01 11:17:55: 3. About to listen on 5000
2026-08-01 11:17:58: ◇ injected env (0) from .env // tip: ⌘ enable debugging { debug: true }
2026-08-01 11:17:58: 3. About to listen on 5000
2026-08-01 11:18:01: ◇ injected env (0) from .env // tip: ◈ secrets for agents [www.dotenvx.com]
2026-08-01 11:18:01: 3. About to listen on 5000
2026-08-01 11:18:04: ◇ injected env (0) from .env // tip: ⌘ custom filepath { path: '/custom/path/.env' }
2026-08-01 11:18:04: 3. About to listen on 5000
2026-08-01 11:18:08: ◇ injected env (0) from .env // tip: ⌘ override existing { override: true }
2026-08-01 11:18:08: 3. About to listen on 5000
2026-08-01 11:18:11: ◇ injected env (0) from .env // tip: ◈ secrets for agents [www.dotenvx.com]
2026-08-01 11:18:11: 3. About to listen on 5000
2026-08-01 11:18:14: ◇ injected env (0) from .env // tip: ◈ secrets for agents [www.dotenvx.com]
2026-08-01 11:18:14: 3. About to listen on 5000
2026-08-01 11:18:17: ◇ injected env (0) from .env // tip: ⌘ multiple files { path: ['.env.local', '.env'] }
2026-08-01 11:18:17: 3. About to listen on 5000
2026-08-01 11:18:21: ◇ injected env (0) from .env // tip: ⌘ enable debugging { debug: true }
2026-08-01 11:18:21: 3. About to listen on 5000
2026-08-01 11:18:24: ◇ injected env (0) from .env // tip: ⌘ custom filepath { path: '/custom/path/.env' }
2026-08-01 11:18:24: 3. About to listen on 5000
2026-08-01 11:18:27: ◇ injected env (0) from .env // tip: ⌘ override existing { override: true }
2026-08-01 11:18:27: 3. About to listen on 5000
2026-08-01 11:18:30: ◇ injected env (0) from .env // tip: ⌘ custom filepath { path: '/custom/path/.env' }
2026-08-01 11:18:30: 3. About to listen on 5000
2026-08-01 11:18:34: ◇ injected env (0) from .env // tip: ⌘ enable debugging { debug: true }
2026-08-01 11:18:34: 3. About to listen on 5000
2026-08-01 11:18:37: ◇ injected env (0) from .env // tip: ◈ secrets for agents [www.dotenvx.com]
2026-08-01 11:18:37: 3. About to listen on 5000
2026-08-01 11:18:40: ◇ injected env (0) from .env // tip: ⌘ multiple files { path: ['.env.local', '.env'] }
2026-08-01 11:18:40: 3. About to listen on 5000
2026-08-01 11:18:44: ◇ injected env (0) from .env // tip: ◈ secrets for agents [www.dotenvx.com]
2026-08-01 11:18:44: 3. About to listen on 5000
2026-08-01 11:18:47: ◇ injected env (0) from .env // tip: ⌘ custom filepath { path: '/custom/path/.env' }
2026-08-01 11:18:47: 3. About to listen on 5000
2026-08-01 11:18:50: ◇ injected env (0) from .env // tip: ⌘ multiple files { path: ['.env.local', '.env'] }
2026-08-01 11:18:50: 3. About to listen on 5000
2026-08-01 11:18:53: ◇ injected env (0) from .env // tip: ⌘ custom filepath { path: '/custom/path/.env' }
2026-08-01 11:18:53: 3. About to listen on 5000
2026-08-01 11:18:57: ◇ injected env (0) from .env // tip: ◈ secrets for agents [www.dotenvx.com]
2026-08-01 11:18:57: 3. About to listen on 5000
2026-08-01 11:19:00: ◇ injected env (0) from .env // tip: ⌘ multiple files { path: ['.env.local', '.env'] }
2026-08-01 11:19:00: 3. About to listen on 5000
2026-08-01 11:19:03: ◇ injected env (0) from .env // tip: ◈ secrets for agents [www.dotenvx.com]
2026-08-01 11:19:03: 3. About to listen on 5000
2026-08-01 11:19:06: ◇ injected env (0) from .env // tip: ⌘ suppress logs { quiet: true }
2026-08-01 11:19:06: 3. About to listen on 5000
2026-08-01 11:19:10: ◇ injected env (0) from .env // tip: ◈ encrypted .env [www.dotenvx.com]
2026-08-01 11:19:10: 3. About to listen on 5000
2026-08-01 11:19:13: ◇ injected env (0) from .env // tip: ◈ encrypted .env [www.dotenvx.com]
2026-08-01 11:19:13: 3. About to listen on 5000
2026-08-01 11:19:16: ◇ injected env (0) from .env // tip: ⌘ suppress logs { quiet: true }
2026-08-01 11:19:16: 3. About to listen on 5000
2026-08-01 11:19:20: ◇ injected env (0) from .env // tip: ⌁ auth for agents [www.vestauth.com]
2026-08-01 11:19:20: 3. About to listen on 5000
2026-08-01 11:19:23: ◇ injected env (0) from .env // tip: ⌘ custom filepath { path: '/custom/path/.env' }
2026-08-01 11:19:23: 3. About to listen on 5000
2026-08-01 11:19:26: ◇ injected env (0) from .env // tip: ⌘ custom filepath { path: '/custom/path/.env' }
2026-08-01 11:19:26: 3. About to listen on 5000
2026-08-01 11:19:29: ◇ injected env (0) from .env // tip: ⌁ auth for agents [www.vestauth.com]
2026-08-01 11:19:29: 3. About to listen on 5000
2026-08-01 11:19:33: ◇ injected env (0) from .env // tip: ⌘ custom filepath { path: '/custom/path/.env' }
2026-08-01 11:19:33: 3. About to listen on 5000
2026-08-01 11:19:36: ◇ injected env (0) from .env // tip: ◈ encrypted .env [www.dotenvx.com]
2026-08-01 11:19:36: 3. About to listen on 5000
2026-08-01 11:19:39: ◇ injected env (0) from .env // tip: ⌘ enable debugging { debug: true }
2026-08-01 11:19:39: 3. About to listen on 5000
2026-08-01 11:19:42: ◇ injected env (0) from .env // tip: ◈ secrets for agents [www.dotenvx.com]
2026-08-01 11:19:42: 3. About to listen on 5000
2026-08-01 11:19:46: ◇ injected env (0) from .env // tip: ⌘ override existing { override: true }
2026-08-01 11:19:46: 3. About to listen on 5000
2026-08-01 11:19:49: ◇ injected env (0) from .env // tip: ⌘ enable debugging { debug: true }
2026-08-01 11:19:49: 3. About to listen on 5000
2026-08-01 11:19:52: ◇ injected env (0) from .env // tip: ⌘ enable debugging { debug: true }
2026-08-01 11:19:52: 3. About to listen on 5000
2026-08-01 11:19:55: ◇ injected env (0) from .env // tip: ⌘ enable debugging { debug: true }
2026-08-01 11:19:56: 3. About to listen on 5000
2026-08-01 11:19:59: ◇ injected env (0) from .env // tip: ⌘ override existing { override: true }
2026-08-01 11:19:59: 3. About to listen on 5000
2026-08-01 11:20:02: ◇ injected env (0) from .env // tip: ⌁ auth for agents [www.vestauth.com]
2026-08-01 11:20:02: 3. About to listen on 5000
2026-08-01 11:20:05: ◇ injected env (0) from .env // tip: ⌘ override existing { override: true }
2026-08-01 11:20:05: 3. About to listen on 5000
2026-08-01 11:20:09: ◇ injected env (0) from .env // tip: ⌘ suppress logs { quiet: true }
2026-08-01 11:20:09: 3. About to listen on 5000
2026-08-01 11:20:12: ◇ injected env (0) from .env // tip: ⌁ auth for agents [www.vestauth.com]
2026-08-01 11:20:12: 3. About to listen on 5000
2026-08-01 11:20:15: ◇ injected env (0) from .env // tip: ⌘ suppress logs { quiet: true }
2026-08-01 11:20:15: 3. About to listen on 5000
2026-08-01 11:20:18: ◇ injected env (0) from .env // tip: ⌘ custom filepath { path: '/custom/path/.env' }
2026-08-01 11:20:18: 3. About to listen on 5000
2026-08-01 11:20:22: ◇ injected env (0) from .env // tip: ⌘ enable debugging { debug: true }
2026-08-01 11:20:22: 3. About to listen on 5000
2026-08-01 11:20:25: ◇ injected env (0) from .env // tip: ⌘ override existing { override: true }
2026-08-01 11:20:25: 3. About to listen on 5000
2026-08-01 11:20:28: ◇ injected env (0) from .env // tip: ◈ secrets for agents [www.dotenvx.com]
2026-08-01 11:20:28: 3. About to listen on 5000
2026-08-01 11:20:31: ◇ injected env (0) from .env // tip: ◈ encrypted .env [www.dotenvx.com]
2026-08-01 11:20:31: 3. About to listen on 5000
2026-08-01 11:20:35: ◇ injected env (0) from .env // tip: ⌘ enable debugging { debug: true }
2026-08-01 11:20:35: 3. About to listen on 5000
2026-08-01 11:20:38: ◇ injected env (0) from .env // tip: ◈ secrets for agents [www.dotenvx.com]
2026-08-01 11:20:38: 3. About to listen on 5000
2026-08-01 11:20:41: ◇ injected env (0) from .env // tip: ◈ secrets for agents [www.dotenvx.com]
2026-08-01 11:20:41: 3. About to listen on 5000
2026-08-01 11:20:45: ◇ injected env (0) from .env // tip: ⌘ enable debugging { debug: true }
2026-08-01 11:20:45: 3. About to listen on 5000
2026-08-01 11:20:48: ◇ injected env (0) from .env // tip: ◈ encrypted .env [www.dotenvx.com]
2026-08-01 11:20:48: 3. About to listen on 5000
2026-08-01 11:20:51: ◇ injected env (0) from .env // tip: ⌁ auth for agents [www.vestauth.com]
2026-08-01 11:20:51: 3. About to listen on 5000
2026-08-01 11:20:54: ◇ injected env (0) from .env // tip: ⌘ suppress logs { quiet: true }
2026-08-01 11:20:54: 3. About to listen on 5000
2026-08-01 11:20:58: ◇ injected env (0) from .env // tip: ◈ secrets for agents [www.dotenvx.com]
2026-08-01 11:20:58: 3. About to listen on 5000
2026-08-01 11:21:01: ◇ injected env (0) from .env // tip: ⌘ enable debugging { debug: true }
2026-08-01 11:21:01: 3. About to listen on 5000
2026-08-01 11:21:04: ◇ injected env (0) from .env // tip: ⌘ enable debugging { debug: true }
2026-08-01 11:21:04: 3. About to listen on 5000
2026-08-01 11:21:07: ◇ injected env (0) from .env // tip: ⌘ override existing { override: true }
2026-08-01 11:21:07: 3. About to listen on 5000
2026-08-01 11:21:11: ◇ injected env (0) from .env // tip: ⌘ enable debugging { debug: true }
2026-08-01 11:21:11: 3. About to listen on 5000
2026-08-01 11:21:14: ◇ injected env (0) from .env // tip: ◈ secrets for agents [www.dotenvx.com]
2026-08-01 11:21:14: 3. About to listen on 5000
2026-08-01 11:21:17: ◇ injected env (0) from .env // tip: ⌘ custom filepath { path: '/custom/path/.env' }
2026-08-01 11:21:17: 3. About to listen on 5000
2026-08-01 11:21:21: ◇ injected env (0) from .env // tip: ⌘ enable debugging { debug: true }
2026-08-01 11:21:21: 3. About to listen on 5000
2026-08-01 11:21:24: ◇ injected env (0) from .env // tip: ⌘ enable debugging { debug: true }
2026-08-01 11:21:24: 3. About to listen on 5000
2026-08-01 11:21:27: ◇ injected env (0) from .env // tip: ⌁ auth for agents [www.vestauth.com]
2026-08-01 11:21:27: 3. About to listen on 5000
2026-08-01 11:21:30: ◇ injected env (0) from .env // tip: ⌘ custom filepath { path: '/custom/path/.env' }
2026-08-01 11:21:30: 3. About to listen on 5000
2026-08-01 11:21:34: ◇ injected env (0) from .env // tip: ⌘ override existing { override: true }
2026-08-01 11:21:34: 3. About to listen on 5000
2026-08-01 11:21:37: ◇ injected env (0) from .env // tip: ⌘ suppress logs { quiet: true }
2026-08-01 11:21:37: 3. About to listen on 5000
2026-08-01 11:21:40: ◇ injected env (0) from .env // tip: ⌘ suppress logs { quiet: true }
2026-08-01 11:21:40: 3. About to listen on 5000
2026-08-01 11:21:43: ◇ injected env (0) from .env // tip: ◈ secrets for agents [www.dotenvx.com]
2026-08-01 11:21:43: 3. About to listen on 5000
2026-08-01 11:21:47: ◇ injected env (0) from .env // tip: ⌘ custom filepath { path: '/custom/path/.env' }
2026-08-01 11:21:47: 3. About to listen on 5000
2026-08-01 11:21:50: ◇ injected env (0) from .env // tip: ⌘ multiple files { path: ['.env.local', '.env'] }
2026-08-01 11:21:50: 3. About to listen on 5000
2026-08-01 11:21:53: ◇ injected env (0) from .env // tip: ◈ encrypted .env [www.dotenvx.com]
2026-08-01 11:21:53: 3. About to listen on 5000
2026-08-01 11:21:56: ◇ injected env (0) from .env // tip: ⌘ suppress logs { quiet: true }
2026-08-01 11:21:56: 3. About to listen on 5000
2026-08-01 11:22:00: ◇ injected env (0) from .env // tip: ⌘ multiple files { path: ['.env.local', '.env'] }
2026-08-01 11:22:00: 3. About to listen on 5000
2026-08-01 11:22:03: ◇ injected env (0) from .env // tip: ⌘ multiple files { path: ['.env.local', '.env'] }
2026-08-01 11:22:03: 3. About to listen on 5000
2026-08-01 11:22:06: ◇ injected env (0) from .env // tip: ◈ secrets for agents [www.dotenvx.com]
2026-08-01 11:22:06: 3. About to listen on 5000
2026-08-01 11:22:10: ◇ injected env (0) from .env // tip: ◈ encrypted .env [www.dotenvx.com]
2026-08-01 11:22:10: 3. About to listen on 5000
2026-08-01 11:22:13: ◇ injected env (0) from .env // tip: ⌘ override existing { override: true }
2026-08-01 11:22:13: 3. About to listen on 5000
2026-08-01 11:22:16: ◇ injected env (0) from .env // tip: ⌘ multiple files { path: ['.env.local', '.env'] }
2026-08-01 11:22:16: 3. About to listen on 5000
2026-08-01 11:22:19: ◇ injected env (0) from .env // tip: ⌘ custom filepath { path: '/custom/path/.env' }
2026-08-01 11:22:19: 3. About to listen on 5000
2026-08-01 11:22:23: ◇ injected env (0) from .env // tip: ⌘ multiple files { path: ['.env.local', '.env'] }
2026-08-01 11:22:23: 3. About to listen on 5000
2026-08-01 11:22:26: ◇ injected env (0) from .env // tip: ◈ encrypted .env [www.dotenvx.com]
2026-08-01 11:22:26: 3. About to listen on 5000
2026-08-01 11:22:29: ◇ injected env (0) from .env // tip: ⌘ enable debugging { debug: true }
2026-08-01 11:22:29: 3. About to listen on 5000
2026-08-01 11:22:32: ◇ injected env (0) from .env // tip: ⌘ suppress logs { quiet: true }
2026-08-01 11:22:32: 3. About to listen on 5000
2026-08-01 11:22:36: ◇ injected env (0) from .env // tip: ⌘ override existing { override: true }
2026-08-01 11:22:36: 3. About to listen on 5000
2026-08-01 11:22:39: ◇ injected env (0) from .env // tip: ⌁ auth for agents [www.vestauth.com]
2026-08-01 11:22:39: 3. About to listen on 5000
2026-08-01 11:22:42: ◇ injected env (0) from .env // tip: ⌘ override existing { override: true }
2026-08-01 11:22:42: 3. About to listen on 5000
2026-08-01 11:22:45: ◇ injected env (0) from .env // tip: ⌘ multiple files { path: ['.env.local', '.env'] }
2026-08-01 11:22:45: 3. About to listen on 5000
2026-08-01 11:22:49: ◇ injected env (0) from .env // tip: ⌘ suppress logs { quiet: true }
2026-08-01 11:22:49: 3. About to listen on 5000
2026-08-01 11:22:52: ◇ injected env (0) from .env // tip: ◈ secrets for agents [www.dotenvx.com]
2026-08-01 11:22:52: 3. About to listen on 5000
2026-08-01 11:22:55: ◇ injected env (0) from .env // tip: ⌘ custom filepath { path: '/custom/path/.env' }
2026-08-01 11:22:55: 3. About to listen on 5000
2026-08-01 11:22:59: ◇ injected env (0) from .env // tip: ⌘ custom filepath { path: '/custom/path/.env' }
2026-08-01 11:22:59: 3. About to listen on 5000
2026-08-01 11:23:02: ◇ injected env (0) from .env // tip: ⌘ multiple files { path: ['.env.local', '.env'] }
2026-08-01 11:23:02: 3. About to listen on 5000
2026-08-01 11:23:05: ◇ injected env (0) from .env // tip: ◈ encrypted .env [www.dotenvx.com]
2026-08-01 11:23:05: 3. About to listen on 5000
2026-08-01 11:23:08: ◇ injected env (0) from .env // tip: ⌁ auth for agents [www.vestauth.com]
2026-08-01 11:23:08: 3. About to listen on 5000
2026-08-01 11:23:12: ◇ injected env (0) from .env // tip: ⌘ custom filepath { path: '/custom/path/.env' }
2026-08-01 11:23:12: 3. About to listen on 5000
2026-08-01 11:23:15: ◇ injected env (0) from .env // tip: ◈ encrypted .env [www.dotenvx.com]
2026-08-01 11:23:15: 3. About to listen on 5000
2026-08-01 11:23:18: ◇ injected env (0) from .env // tip: ⌁ auth for agents [www.vestauth.com]
2026-08-01 11:23:18: 3. About to listen on 5000
2026-08-01 11:23:21: ◇ injected env (0) from .env // tip: ⌘ override existing { override: true }
2026-08-01 11:23:21: 3. About to listen on 5000
2026-08-01 11:23:25: ◇ injected env (0) from .env // tip: ⌘ custom filepath { path: '/custom/path/.env' }
2026-08-01 11:23:25: 3. About to listen on 5000
2026-08-01 11:23:28: ◇ injected env (0) from .env // tip: ⌘ suppress logs { quiet: true }
2026-08-01 11:23:28: 3. About to listen on 5000
2026-08-01 11:23:31: ◇ injected env (0) from .env // tip: ◈ secrets for agents [www.dotenvx.com]
2026-08-01 11:23:31: 3. About to listen on 5000
2026-08-01 11:23:35: ◇ injected env (0) from .env // tip: ⌁ auth for agents [www.vestauth.com]
2026-08-01 11:23:35: 3. About to listen on 5000
2026-08-01 11:23:38: ◇ injected env (0) from .env // tip: ◈ secrets for agents [www.dotenvx.com]
2026-08-01 11:23:38: 3. About to listen on 5000
2026-08-01 11:23:41: ◇ injected env (0) from .env // tip: ⌘ override existing { override: true }
2026-08-01 11:23:41: 3. About to listen on 5000
2026-08-01 11:23:44: ◇ injected env (0) from .env // tip: ◈ encrypted .env [www.dotenvx.com]
2026-08-01 11:23:44: 3. About to listen on 5000
2026-08-01 11:23:48: ◇ injected env (0) from .env // tip: ⌘ suppress logs { quiet: true }
2026-08-01 11:23:48: 3. About to listen on 5000
2026-08-01 11:23:51: ◇ injected env (0) from .env // tip: ⌘ enable debugging { debug: true }
2026-08-01 11:23:51: 3. About to listen on 5000
2026-08-01 11:23:54: ◇ injected env (0) from .env // tip: ◈ encrypted .env [www.dotenvx.com]
2026-08-01 11:23:54: 3. About to listen on 5000
2026-08-01 11:23:57: ◇ injected env (0) from .env // tip: ⌘ override existing { override: true }
2026-08-01 11:23:57: 3. About to listen on 5000
2026-08-01 11:24:01: ◇ injected env (0) from .env // tip: ◈ encrypted .env [www.dotenvx.com]
2026-08-01 11:24:01: 3. About to listen on 5000
2026-08-01 11:24:04: ◇ injected env (0) from .env // tip: ◈ encrypted .env [www.dotenvx.com]
2026-08-01 11:24:04: 3. About to listen on 5000
2026-08-01 11:24:07: ◇ injected env (0) from .env // tip: ⌘ multiple files { path: ['.env.local', '.env'] }
2026-08-01 11:24:07: 3. About to listen on 5000
2026-08-01 11:24:10: ◇ injected env (0) from .env // tip: ⌁ auth for agents [www.vestauth.com]
2026-08-01 11:24:10: 3. About to listen on 5000
2026-08-01 11:24:14: ◇ injected env (0) from .env // tip: ⌘ multiple files { path: ['.env.local', '.env'] }
2026-08-01 11:24:14: 3. About to listen on 5000
2026-08-01 11:24:17: ◇ injected env (0) from .env // tip: ⌘ override existing { override: true }
2026-08-01 11:24:17: 3. About to listen on 5000
2026-08-01 11:24:20: ◇ injected env (0) from .env // tip: ⌘ enable debugging { debug: true }
2026-08-01 11:24:20: 3. About to listen on 5000
2026-08-01 11:24:24: ◇ injected env (0) from .env // tip: ⌁ auth for agents [www.vestauth.com]
2026-08-01 11:24:24: 3. About to listen on 5000
2026-08-01 11:24:27: ◇ injected env (0) from .env // tip: ⌘ custom filepath { path: '/custom/path/.env' }
2026-08-01 11:24:27: 3. About to listen on 5000
2026-08-01 11:24:30: ◇ injected env (0) from .env // tip: ⌘ suppress logs { quiet: true }
2026-08-01 11:24:30: 3. About to listen on 5000
2026-08-01 11:24:33: ◇ injected env (0) from .env // tip: ⌁ auth for agents [www.vestauth.com]
2026-08-01 11:24:33: 3. About to listen on 5000
2026-08-01 11:24:37: ◇ injected env (0) from .env // tip: ⌘ override existing { override: true }
2026-08-01 11:24:37: 3. About to listen on 5000
2026-08-01 11:24:40: ◇ injected env (0) from .env // tip: ⌘ override existing { override: true }
2026-08-01 11:24:40: 3. About to listen on 5000
2026-08-01 11:24:43: ◇ injected env (0) from .env // tip: ⌁ auth for agents [www.vestauth.com]
2026-08-01 11:24:43: 3. About to listen on 5000
2026-08-01 11:24:46: ◇ injected env (0) from .env // tip: ⌘ override existing { override: true }
2026-08-01 11:24:46: 3. About to listen on 5000
2026-08-01 11:24:50: ◇ injected env (0) from .env // tip: ⌘ custom filepath { path: '/custom/path/.env' }
2026-08-01 11:24:50: 3. About to listen on 5000
2026-08-01 11:24:53: ◇ injected env (0) from .env // tip: ⌁ auth for agents [www.vestauth.com]
2026-08-01 11:24:53: 3. About to listen on 5000
2026-08-01 11:24:56: ◇ injected env (0) from .env // tip: ⌁ auth for agents [www.vestauth.com]
2026-08-01 11:24:56: 3. About to listen on 5000
2026-08-01 11:25:00: ◇ injected env (0) from .env // tip: ⌘ enable debugging { debug: true }
2026-08-01 11:25:00: 3. About to listen on 5000
2026-08-01 11:25:03: ◇ injected env (0) from .env // tip: ◈ secrets for agents [www.dotenvx.com]
2026-08-01 11:25:03: 3. About to listen on 5000
2026-08-01 11:25:06: ◇ injected env (0) from .env // tip: ⌘ custom filepath { path: '/custom/path/.env' }
2026-08-01 11:25:06: 3. About to listen on 5000
2026-08-01 11:25:09: ◇ injected env (0) from .env // tip: ⌘ multiple files { path: ['.env.local', '.env'] }
2026-08-01 11:25:09: 3. About to listen on 5000
2026-08-01 11:25:13: ◇ injected env (0) from .env // tip: ⌘ multiple files { path: ['.env.local', '.env'] }
2026-08-01 11:25:13: 3. About to listen on 5000
2026-08-01 11:25:16: ◇ injected env (0) from .env // tip: ⌘ multiple files { path: ['.env.local', '.env'] }
2026-08-01 11:25:16: 3. About to listen on 5000
2026-08-01 11:25:19: ◇ injected env (0) from .env // tip: ◈ secrets for agents [www.dotenvx.com]
2026-08-01 11:25:19: 3. About to listen on 5000
2026-08-01 11:25:22: ◇ injected env (0) from .env // tip: ◈ encrypted .env [www.dotenvx.com]
2026-08-01 11:25:22: 3. About to listen on 5000
2026-08-01 11:25:26: ◇ injected env (0) from .env // tip: ⌘ multiple files { path: ['.env.local', '.env'] }
2026-08-01 11:25:26: 3. About to listen on 5000
2026-08-01 11:25:29: ◇ injected env (0) from .env // tip: ⌘ override existing { override: true }
2026-08-01 11:25:29: 3. About to listen on 5000
2026-08-01 11:25:32: ◇ injected env (0) from .env // tip: ⌁ auth for agents [www.vestauth.com]
2026-08-01 11:25:32: 3. About to listen on 5000
2026-08-01 11:25:36: ◇ injected env (0) from .env // tip: ⌘ override existing { override: true }
2026-08-01 11:25:36: 3. About to listen on 5000
2026-08-01 11:25:39: ◇ injected env (0) from .env // tip: ◈ secrets for agents [www.dotenvx.com]
2026-08-01 11:25:39: 3. About to listen on 5000
2026-08-01 11:25:42: ◇ injected env (0) from .env // tip: ⌘ suppress logs { quiet: true }
2026-08-01 11:25:42: 3. About to listen on 5000
2026-08-01 11:25:45: ◇ injected env (0) from .env // tip: ⌘ suppress logs { quiet: true }
2026-08-01 11:25:45: 3. About to listen on 5000
2026-08-01 11:25:49: ◇ injected env (0) from .env // tip: ◈ secrets for agents [www.dotenvx.com]
2026-08-01 11:25:49: 3. About to listen on 5000
2026-08-01 11:25:52: ◇ injected env (0) from .env // tip: ◈ encrypted .env [www.dotenvx.com]
2026-08-01 11:25:52: 3. About to listen on 5000
2026-08-01 11:25:55: ◇ injected env (0) from .env // tip: ⌘ suppress logs { quiet: true }
2026-08-01 11:25:55: 3. About to listen on 5000
2026-08-01 11:25:58: ◇ injected env (0) from .env // tip: ⌘ override existing { override: true }
2026-08-01 11:25:58: 3. About to listen on 5000
2026-08-01 11:26:02: ◇ injected env (0) from .env // tip: ◈ secrets for agents [www.dotenvx.com]
2026-08-01 11:26:02: 3. About to listen on 5000
2026-08-01 11:26:05: ◇ injected env (0) from .env // tip: ⌘ custom filepath { path: '/custom/path/.env' }
2026-08-01 11:26:05: 3. About to listen on 5000
2026-08-01 11:26:08: ◇ injected env (0) from .env // tip: ◈ encrypted .env [www.dotenvx.com]
2026-08-01 11:26:08: 3. About to listen on 5000
2026-08-01 11:26:12: ◇ injected env (0) from .env // tip: ⌘ custom filepath { path: '/custom/path/.env' }
2026-08-01 11:26:12: 3. About to listen on 5000
2026-08-01 11:26:15: ◇ injected env (0) from .env // tip: ⌘ multiple files { path: ['.env.local', '.env'] }
2026-08-01 11:26:15: 3. About to listen on 5000
2026-08-01 11:26:18: ◇ injected env (0) from .env // tip: ⌘ multiple files { path: ['.env.local', '.env'] }
2026-08-01 11:26:18: 3. About to listen on 5000
2026-08-01 11:26:21: ◇ injected env (0) from .env // tip: ⌘ enable debugging { debug: true }
2026-08-01 11:26:21: 3. About to listen on 5000
2026-08-01 11:26:25: ◇ injected env (0) from .env // tip: ⌘ enable debugging { debug: true }
2026-08-01 11:26:25: 3. About to listen on 5000
2026-08-01 11:26:28: ◇ injected env (0) from .env // tip: ⌘ custom filepath { path: '/custom/path/.env' }
2026-08-01 11:26:28: 3. About to listen on 5000
2026-08-01 11:26:31: ◇ injected env (0) from .env // tip: ⌘ multiple files { path: ['.env.local', '.env'] }
2026-08-01 11:26:31: 3. About to listen on 5000
2026-08-01 11:26:34: ◇ injected env (0) from .env // tip: ◈ secrets for agents [www.dotenvx.com]
2026-08-01 11:26:34: 3. About to listen on 5000
2026-08-01 11:26:38: ◇ injected env (0) from .env // tip: ⌘ suppress logs { quiet: true }
2026-08-01 11:26:38: 3. About to listen on 5000
2026-08-01 11:26:41: ◇ injected env (0) from .env // tip: ⌘ enable debugging { debug: true }
2026-08-01 11:26:41: 3. About to listen on 5000
2026-08-01 11:26:44: ◇ injected env (0) from .env // tip: ◈ secrets for agents [www.dotenvx.com]
2026-08-01 11:26:44: 3. About to listen on 5000
2026-08-01 11:26:47: ◇ injected env (0) from .env // tip: ◈ encrypted .env [www.dotenvx.com]
2026-08-01 11:26:47: 3. About to listen on 5000
2026-08-01 11:26:51: ◇ injected env (0) from .env // tip: ⌘ enable debugging { debug: true }
2026-08-01 11:26:51: 3. About to listen on 5000
2026-08-01 11:26:54: ◇ injected env (0) from .env // tip: ⌘ multiple files { path: ['.env.local', '.env'] }
2026-08-01 11:26:54: 3. About to listen on 5000
2026-08-01 11:26:57: ◇ injected env (0) from .env // tip: ◈ encrypted .env [www.dotenvx.com]
2026-08-01 11:26:57: 3. About to listen on 5000
2026-08-01 11:27:01: ◇ injected env (0) from .env // tip: ◈ secrets for agents [www.dotenvx.com]
2026-08-01 11:27:01: 3. About to listen on 5000
2026-08-01 11:27:04: ◇ injected env (0) from .env // tip: ⌘ custom filepath { path: '/custom/path/.env' }
2026-08-01 11:27:04: 3. About to listen on 5000
2026-08-01 11:27:07: ◇ injected env (0) from .env // tip: ⌁ auth for agents [www.vestauth.com]
2026-08-01 11:27:07: 3. About to listen on 5000
2026-08-01 11:27:10: ◇ injected env (0) from .env // tip: ⌁ auth for agents [www.vestauth.com]
2026-08-01 11:27:10: 3. About to listen on 5000
2026-08-01 11:27:14: ◇ injected env (0) from .env // tip: ⌘ enable debugging { debug: true }
2026-08-01 11:27:14: 3. About to listen on 5000
2026-08-01 11:27:17: ◇ injected env (0) from .env // tip: ⌘ suppress logs { quiet: true }
2026-08-01 11:27:17: 3. About to listen on 5000
2026-08-01 11:27:20: ◇ injected env (0) from .env // tip: ⌘ multiple files { path: ['.env.local', '.env'] }
2026-08-01 11:27:20: 3. About to listen on 5000
2026-08-01 11:27:23: ◇ injected env (0) from .env // tip: ◈ encrypted .env [www.dotenvx.com]
2026-08-01 11:27:23: 3. About to listen on 5000
2026-08-01 11:27:27: ◇ injected env (0) from .env // tip: ⌘ enable debugging { debug: true }
2026-08-01 11:27:27: 3. About to listen on 5000
2026-08-01 11:27:30: ◇ injected env (0) from .env // tip: ◈ encrypted .env [www.dotenvx.com]
2026-08-01 11:27:30: 3. About to listen on 5000
2026-08-01 11:27:33: ◇ injected env (0) from .env // tip: ◈ secrets for agents [www.dotenvx.com]
2026-08-01 11:27:33: 3. About to listen on 5000
2026-08-01 11:27:37: ◇ injected env (0) from .env // tip: ⌘ override existing { override: true }
2026-08-01 11:27:37: 3. About to listen on 5000
2026-08-01 11:27:40: ◇ injected env (0) from .env // tip: ⌘ override existing { override: true }
2026-08-01 11:27:40: 3. About to listen on 5000
2026-08-01 11:27:43: ◇ injected env (0) from .env // tip: ⌘ custom filepath { path: '/custom/path/.env' }
2026-08-01 11:27:43: 3. About to listen on 5000
2026-08-01 11:27:46: ◇ injected env (0) from .env // tip: ◈ secrets for agents [www.dotenvx.com]
2026-08-01 11:27:46: 3. About to listen on 5000
2026-08-01 11:27:50: ◇ injected env (0) from .env // tip: ⌘ suppress logs { quiet: true }
2026-08-01 11:27:50: 3. About to listen on 5000
2026-08-01 11:27:53: ◇ injected env (0) from .env // tip: ⌘ enable debugging { debug: true }
2026-08-01 11:27:53: 3. About to listen on 5000
2026-08-01 11:27:56: ◇ injected env (0) from .env // tip: ⌁ auth for agents [www.vestauth.com]
2026-08-01 11:27:56: 3. About to listen on 5000
2026-08-01 11:27:59: ◇ injected env (0) from .env // tip: ⌘ enable debugging { debug: true }
2026-08-01 11:27:59: 3. About to listen on 5000
2026-08-01 11:28:03: ◇ injected env (0) from .env // tip: ◈ encrypted .env [www.dotenvx.com]
2026-08-01 11:28:03: 3. About to listen on 5000
2026-08-01 11:28:06: ◇ injected env (0) from .env // tip: ⌁ auth for agents [www.vestauth.com]
2026-08-01 11:28:06: 3. About to listen on 5000
2026-08-01 11:28:09: ◇ injected env (0) from .env // tip: ⌁ auth for agents [www.vestauth.com]
2026-08-01 11:28:09: 3. About to listen on 5000
2026-08-01 11:28:13: ◇ injected env (0) from .env // tip: ⌘ enable debugging { debug: true }
2026-08-01 11:28:13: 3. About to listen on 5000
2026-08-01 11:28:16: ◇ injected env (0) from .env // tip: ⌘ suppress logs { quiet: true }
2026-08-01 11:28:16: 3. About to listen on 5000
2026-08-01 11:28:19: ◇ injected env (0) from .env // tip: ⌘ override existing { override: true }
2026-08-01 11:28:19: 3. About to listen on 5000
2026-08-01 11:28:22: ◇ injected env (0) from .env // tip: ⌘ suppress logs { quiet: true }
2026-08-01 11:28:22: 3. About to listen on 5000
2026-08-01 11:28:26: ◇ injected env (0) from .env // tip: ⌘ override existing { override: true }
2026-08-01 11:28:26: 3. About to listen on 5000
2026-08-01 11:28:29: ◇ injected env (0) from .env // tip: ⌘ custom filepath { path: '/custom/path/.env' }
2026-08-01 11:28:29: 3. About to listen on 5000
2026-08-01 11:28:32: ◇ injected env (0) from .env // tip: ⌘ custom filepath { path: '/custom/path/.env' }
2026-08-01 11:28:32: 3. About to listen on 5000
2026-08-01 11:28:35: ◇ injected env (0) from .env // tip: ◈ encrypted .env [www.dotenvx.com]
2026-08-01 11:28:35: 3. About to listen on 5000
2026-08-01 11:28:39: ◇ injected env (0) from .env // tip: ⌁ auth for agents [www.vestauth.com]
2026-08-01 11:28:39: 3. About to listen on 5000
2026-08-01 11:28:42: ◇ injected env (0) from .env // tip: ⌘ multiple files { path: ['.env.local', '.env'] }
2026-08-01 11:28:42: 3. About to listen on 5000
2026-08-01 11:28:45: ◇ injected env (0) from .env // tip: ⌘ enable debugging { debug: true }
2026-08-01 11:28:45: 3. About to listen on 5000
2026-08-01 11:28:49: ◇ injected env (0) from .env // tip: ⌘ enable debugging { debug: true }
2026-08-01 11:28:49: 3. About to listen on 5000
2026-08-01 11:28:52: ◇ injected env (0) from .env // tip: ⌁ auth for agents [www.vestauth.com]
2026-08-01 11:28:52: 3. About to listen on 5000
2026-08-01 11:28:55: ◇ injected env (0) from .env // tip: ⌘ suppress logs { quiet: true }
2026-08-01 11:28:55: 3. About to listen on 5000
2026-08-01 11:28:58: ◇ injected env (0) from .env // tip: ◈ secrets for agents [www.dotenvx.com]
2026-08-01 11:28:58: 3. About to listen on 5000
2026-08-01 11:29:02: ◇ injected env (0) from .env // tip: ⌁ auth for agents [www.vestauth.com]
2026-08-01 11:29:02: 3. About to listen on 5000
2026-08-01 11:29:05: ◇ injected env (0) from .env // tip: ◈ secrets for agents [www.dotenvx.com]
2026-08-01 11:29:05: 3. About to listen on 5000
2026-08-01 11:29:08: ◇ injected env (0) from .env // tip: ◈ encrypted .env [www.dotenvx.com]
2026-08-01 11:29:08: 3. About to listen on 5000
2026-08-01 11:29:11: ◇ injected env (0) from .env // tip: ⌘ custom filepath { path: '/custom/path/.env' }
2026-08-01 11:29:11: 3. About to listen on 5000
2026-08-01 11:29:15: ◇ injected env (0) from .env // tip: ⌘ override existing { override: true }
2026-08-01 11:29:15: 3. About to listen on 5000
2026-08-01 11:29:18: ◇ injected env (0) from .env // tip: ⌘ custom filepath { path: '/custom/path/.env' }
2026-08-01 11:29:18: 3. About to listen on 5000
2026-08-01 11:29:21: ◇ injected env (0) from .env // tip: ⌘ enable debugging { debug: true }
2026-08-01 11:29:21: 3. About to listen on 5000
2026-08-01 11:29:24: ◇ injected env (0) from .env // tip: ⌘ override existing { override: true }
2026-08-01 11:29:24: 3. About to listen on 5000
2026-08-01 11:29:28: ◇ injected env (0) from .env // tip: ⌘ suppress logs { quiet: true }
2026-08-01 11:29:28: 3. About to listen on 5000
2026-08-01 11:29:31: ◇ injected env (0) from .env // tip: ⌘ custom filepath { path: '/custom/path/.env' }
2026-08-01 11:29:31: 3. About to listen on 5000
2026-08-01 11:29:34: ◇ injected env (0) from .env // tip: ⌘ multiple files { path: ['.env.local', '.env'] }
2026-08-01 11:29:34: 3. About to listen on 5000
2026-08-01 11:29:38: ◇ injected env (0) from .env // tip: ◈ secrets for agents [www.dotenvx.com]
2026-08-01 11:29:38: 3. About to listen on 5000
2026-08-01 11:29:41: ◇ injected env (0) from .env // tip: ⌘ custom filepath { path: '/custom/path/.env' }
2026-08-01 11:29:41: 3. About to listen on 5000
2026-08-01 11:29:44: ◇ injected env (0) from .env // tip: ⌘ enable debugging { debug: true }
2026-08-01 11:29:44: 3. About to listen on 5000
2026-08-01 11:29:47: ◇ injected env (0) from .env // tip: ⌘ override existing { override: true }
2026-08-01 11:29:47: 3. About to listen on 5000
2026-08-01 11:29:51: ◇ injected env (0) from .env // tip: ◈ secrets for agents [www.dotenvx.com]
2026-08-01 11:29:51: 3. About to listen on 5000
2026-08-01 11:29:54: ◇ injected env (0) from .env // tip: ⌘ custom filepath { path: '/custom/path/.env' }
2026-08-01 11:29:54: 3. About to listen on 5000
2026-08-01 11:29:57: ◇ injected env (0) from .env // tip: ⌘ enable debugging { debug: true }
2026-08-01 11:29:57: 3. About to listen on 5000
2026-08-01 11:30:00: ◇ injected env (0) from .env // tip: ⌘ custom filepath { path: '/custom/path/.env' }
2026-08-01 11:30:00: 3. About to listen on 5000
2026-08-01 11:30:04: ◇ injected env (0) from .env // tip: ⌘ multiple files { path: ['.env.local', '.env'] }
2026-08-01 11:30:04: 3. About to listen on 5000
2026-08-01 11:30:07: ◇ injected env (0) from .env // tip: ⌘ suppress logs { quiet: true }
2026-08-01 11:30:07: 3. About to listen on 5000
2026-08-01 11:30:10: ◇ injected env (0) from .env // tip: ⌘ enable debugging { debug: true }
2026-08-01 11:30:10: 3. About to listen on 5000
2026-08-01 11:30:14: ◇ injected env (0) from .env // tip: ⌘ override existing { override: true }
2026-08-01 11:30:14: 3. About to listen on 5000
2026-08-01 11:30:17: ◇ injected env (0) from .env // tip: ⌘ custom filepath { path: '/custom/path/.env' }
2026-08-01 11:30:17: 3. About to listen on 5000
2026-08-01 11:30:20: ◇ injected env (0) from .env // tip: ⌘ override existing { override: true }
2026-08-01 11:30:20: 3. About to listen on 5000
2026-08-01 11:30:23: ◇ injected env (0) from .env // tip: ⌘ custom filepath { path: '/custom/path/.env' }
2026-08-01 11:30:23: 3. About to listen on 5000
2026-08-01 11:30:27: ◇ injected env (0) from .env // tip: ◈ secrets for agents [www.dotenvx.com]
2026-08-01 11:30:27: 3. About to listen on 5000
2026-08-01 11:30:30: ◇ injected env (0) from .env // tip: ⌘ multiple files { path: ['.env.local', '.env'] }
2026-08-01 11:30:30: 3. About to listen on 5000
2026-08-01 11:30:33: ◇ injected env (0) from .env // tip: ◈ encrypted .env [www.dotenvx.com]
2026-08-01 11:30:33: 3. About to listen on 5000
2026-08-01 11:30:36: ◇ injected env (0) from .env // tip: ⌘ override existing { override: true }
2026-08-01 11:30:37: 3. About to listen on 5000
2026-08-01 11:30:40: ◇ injected env (0) from .env // tip: ⌘ override existing { override: true }
2026-08-01 11:30:40: 3. About to listen on 5000
2026-08-01 11:30:43: ◇ injected env (0) from .env // tip: ⌘ suppress logs { quiet: true }
2026-08-01 11:30:43: 3. About to listen on 5000
2026-08-01 11:30:46: ◇ injected env (0) from .env // tip: ⌁ auth for agents [www.vestauth.com]
2026-08-01 11:30:46: 3. About to listen on 5000
2026-08-01 11:30:50: ◇ injected env (0) from .env // tip: ◈ secrets for agents [www.dotenvx.com]
2026-08-01 11:30:50: 3. About to listen on 5000
2026-08-01 11:30:53: ◇ injected env (0) from .env // tip: ⌘ suppress logs { quiet: true }
2026-08-01 11:30:53: 3. About to listen on 5000
2026-08-01 11:30:56: ◇ injected env (0) from .env // tip: ⌘ custom filepath { path: '/custom/path/.env' }
2026-08-01 11:30:56: 3. About to listen on 5000
2026-08-01 11:30:59: ◇ injected env (0) from .env // tip: ⌘ enable debugging { debug: true }
2026-08-01 11:30:59: 3. About to listen on 5000
2026-08-01 11:31:03: ◇ injected env (0) from .env // tip: ⌘ suppress logs { quiet: true }
2026-08-01 11:31:03: 3. About to listen on 5000
2026-08-01 11:31:06: ◇ injected env (0) from .env // tip: ◈ encrypted .env [www.dotenvx.com]
2026-08-01 11:31:06: 3. About to listen on 5000
2026-08-01 11:31:09: ◇ injected env (0) from .env // tip: ⌘ suppress logs { quiet: true }
2026-08-01 11:31:09: 3. About to listen on 5000
2026-08-01 11:31:12: ◇ injected env (0) from .env // tip: ⌘ custom filepath { path: '/custom/path/.env' }
2026-08-01 11:31:13: 3. About to listen on 5000
2026-08-01 11:31:16: ◇ injected env (0) from .env // tip: ◈ encrypted .env [www.dotenvx.com]
2026-08-01 11:31:16: 3. About to listen on 5000
2026-08-01 11:31:19: ◇ injected env (0) from .env // tip: ◈ secrets for agents [www.dotenvx.com]
2026-08-01 11:31:19: 3. About to listen on 5000
2026-08-01 11:31:22: ◇ injected env (0) from .env // tip: ◈ encrypted .env [www.dotenvx.com]
2026-08-01 11:31:22: 3. About to listen on 5000
2026-08-01 11:31:26: ◇ injected env (0) from .env // tip: ⌘ override existing { override: true }
2026-08-01 11:31:26: 3. About to listen on 5000
2026-08-01 11:31:29: ◇ injected env (0) from .env // tip: ◈ encrypted .env [www.dotenvx.com]
2026-08-01 11:31:29: 3. About to listen on 5000
2026-08-01 11:31:32: ◇ injected env (0) from .env // tip: ⌘ suppress logs { quiet: true }
2026-08-01 11:31:32: 3. About to listen on 5000
2026-08-01 11:31:35: ◇ injected env (0) from .env // tip: ⌘ enable debugging { debug: true }
2026-08-01 11:31:35: 3. About to listen on 5000
2026-08-01 11:31:39: ◇ injected env (0) from .env // tip: ◈ encrypted .env [www.dotenvx.com]
2026-08-01 11:31:39: 3. About to listen on 5000
2026-08-01 11:31:42: ◇ injected env (0) from .env // tip: ◈ encrypted .env [www.dotenvx.com]
2026-08-01 11:31:42: 3. About to listen on 5000
2026-08-01 11:31:45: ◇ injected env (0) from .env // tip: ◈ secrets for agents [www.dotenvx.com]
2026-08-01 11:31:45: 3. About to listen on 5000
2026-08-01 11:31:48: ◇ injected env (0) from .env // tip: ⌘ multiple files { path: ['.env.local', '.env'] }
2026-08-01 11:31:48: 3. About to listen on 5000
2026-08-01 11:31:52: ◇ injected env (0) from .env // tip: ◈ encrypted .env [www.dotenvx.com]
2026-08-01 11:31:52: 3. About to listen on 5000
2026-08-01 11:31:55: ◇ injected env (0) from .env // tip: ◈ encrypted .env [www.dotenvx.com]
2026-08-01 11:31:55: 3. About to listen on 5000
2026-08-01 11:31:58: ◇ injected env (0) from .env // tip: ⌘ override existing { override: true }
2026-08-01 11:31:58: 3. About to listen on 5000
2026-08-01 11:32:02: ◇ injected env (0) from .env // tip: ⌘ override existing { override: true }
2026-08-01 11:32:02: 3. About to listen on 5000
2026-08-01 11:32:05: ◇ injected env (0) from .env // tip: ⌁ auth for agents [www.vestauth.com]
2026-08-01 11:32:05: 3. About to listen on 5000
2026-08-01 11:32:08: ◇ injected env (0) from .env // tip: ⌘ override existing { override: true }
2026-08-01 11:32:08: 3. About to listen on 5000
2026-08-01 11:32:11: ◇ injected env (0) from .env // tip: ⌘ custom filepath { path: '/custom/path/.env' }
2026-08-01 11:32:11: 3. About to listen on 5000
2026-08-01 11:32:15: ◇ injected env (0) from .env // tip: ⌁ auth for agents [www.vestauth.com]
2026-08-01 11:32:15: 3. About to listen on 5000
2026-08-01 11:32:18: ◇ injected env (0) from .env // tip: ⌘ enable debugging { debug: true }
2026-08-01 11:32:18: 3. About to listen on 5000
2026-08-01 11:32:21: ◇ injected env (0) from .env // tip: ⌘ custom filepath { path: '/custom/path/.env' }
2026-08-01 11:32:21: 3. About to listen on 5000
2026-08-01 11:32:24: ◇ injected env (0) from .env // tip: ⌘ suppress logs { quiet: true }
2026-08-01 11:32:25: 3. About to listen on 5000
2026-08-01 11:32:28: ◇ injected env (0) from .env // tip: ⌘ enable debugging { debug: true }
2026-08-01 11:32:28: 3. About to listen on 5000
2026-08-01 11:32:31: ◇ injected env (0) from .env // tip: ⌘ suppress logs { quiet: true }
2026-08-01 11:32:31: 3. About to listen on 5000
2026-08-01 11:32:34: ◇ injected env (0) from .env // tip: ◈ secrets for agents [www.dotenvx.com]
2026-08-01 11:32:34: 3. About to listen on 5000
2026-08-01 11:32:38: ◇ injected env (0) from .env // tip: ⌘ override existing { override: true }
2026-08-01 11:32:38: 3. About to listen on 5000
2026-08-01 11:32:41: ◇ injected env (0) from .env // tip: ⌘ suppress logs { quiet: true }
2026-08-01 11:32:41: 3. About to listen on 5000
2026-08-01 11:32:44: ◇ injected env (0) from .env // tip: ⌘ custom filepath { path: '/custom/path/.env' }
2026-08-01 11:32:44: 3. About to listen on 5000
2026-08-01 11:32:47: ◇ injected env (0) from .env // tip: ◈ secrets for agents [www.dotenvx.com]
2026-08-01 11:32:47: 3. About to listen on 5000
2026-08-01 11:32:51: ◇ injected env (0) from .env // tip: ⌘ multiple files { path: ['.env.local', '.env'] }
2026-08-01 11:32:51: 3. About to listen on 5000
2026-08-01 11:32:54: ◇ injected env (0) from .env // tip: ⌘ multiple files { path: ['.env.local', '.env'] }
2026-08-01 11:32:54: 3. About to listen on 5000
2026-08-01 11:32:57: ◇ injected env (0) from .env // tip: ◈ secrets for agents [www.dotenvx.com]
2026-08-01 11:32:57: 3. About to listen on 5000
2026-08-01 11:33:00: ◇ injected env (0) from .env // tip: ◈ encrypted .env [www.dotenvx.com]
2026-08-01 11:33:00: 3. About to listen on 5000
2026-08-01 11:33:04: ◇ injected env (0) from .env // tip: ◈ encrypted .env [www.dotenvx.com]
2026-08-01 11:33:04: 3. About to listen on 5000
2026-08-01 11:33:07: ◇ injected env (0) from .env // tip: ⌘ multiple files { path: ['.env.local', '.env'] }
2026-08-01 11:33:07: 3. About to listen on 5000
2026-08-01 11:33:10: ◇ injected env (0) from .env // tip: ⌘ multiple files { path: ['.env.local', '.env'] }
2026-08-01 11:33:10: 3. About to listen on 5000
2026-08-01 11:33:14: ◇ injected env (0) from .env // tip: ⌁ auth for agents [www.vestauth.com]
2026-08-01 11:33:14: 3. About to listen on 5000
2026-08-01 11:33:17: ◇ injected env (0) from .env // tip: ⌘ suppress logs { quiet: true }
2026-08-01 11:33:17: 3. About to listen on 5000
2026-08-01 11:33:20: ◇ injected env (0) from .env // tip: ⌘ override existing { override: true }
2026-08-01 11:33:20: 3. About to listen on 5000
2026-08-01 11:33:23: ◇ injected env (0) from .env // tip: ⌘ suppress logs { quiet: true }
2026-08-01 11:33:23: 3. About to listen on 5000
2026-08-01 11:33:27: ◇ injected env (0) from .env // tip: ⌘ suppress logs { quiet: true }
2026-08-01 11:33:27: 3. About to listen on 5000
2026-08-01 11:33:30: ◇ injected env (0) from .env // tip: ⌘ multiple files { path: ['.env.local', '.env'] }
2026-08-01 11:33:30: 3. About to listen on 5000
2026-08-01 11:33:33: ◇ injected env (0) from .env // tip: ◈ encrypted .env [www.dotenvx.com]
2026-08-01 11:33:33: 3. About to listen on 5000
2026-08-01 11:33:36: ◇ injected env (0) from .env // tip: ◈ encrypted .env [www.dotenvx.com]
2026-08-01 11:33:36: 3. About to listen on 5000
2026-08-01 11:33:40: ◇ injected env (0) from .env // tip: ⌘ multiple files { path: ['.env.local', '.env'] }
2026-08-01 11:33:40: 3. About to listen on 5000
2026-08-01 11:33:43: ◇ injected env (0) from .env // tip: ⌘ override existing { override: true }
2026-08-01 11:33:43: 3. About to listen on 5000
2026-08-01 11:33:46: ◇ injected env (0) from .env // tip: ⌘ suppress logs { quiet: true }
2026-08-01 11:33:46: 3. About to listen on 5000
2026-08-01 11:33:50: ◇ injected env (0) from .env // tip: ⌘ multiple files { path: ['.env.local', '.env'] }
2026-08-01 11:33:50: 3. About to listen on 5000
2026-08-01 11:33:53: ◇ injected env (0) from .env // tip: ⌘ enable debugging { debug: true }
2026-08-01 11:33:53: 3. About to listen on 5000
2026-08-01 11:33:56: ◇ injected env (0) from .env // tip: ⌘ suppress logs { quiet: true }
2026-08-01 11:33:56: 3. About to listen on 5000
2026-08-01 11:33:59: ◇ injected env (0) from .env // tip: ⌁ auth for agents [www.vestauth.com]
2026-08-01 11:33:59: 3. About to listen on 5000
2026-08-01 11:34:03: ◇ injected env (0) from .env // tip: ⌘ suppress logs { quiet: true }
2026-08-01 11:34:03: 3. About to listen on 5000
2026-08-01 11:34:06: ◇ injected env (0) from .env // tip: ◈ secrets for agents [www.dotenvx.com]
2026-08-01 11:34:06: 3. About to listen on 5000
2026-08-01 11:34:09: ◇ injected env (0) from .env // tip: ⌁ auth for agents [www.vestauth.com]
2026-08-01 11:34:09: 3. About to listen on 5000
2026-08-01 11:34:12: ◇ injected env (0) from .env // tip: ⌘ enable debugging { debug: true }
2026-08-01 11:34:12: 3. About to listen on 5000
2026-08-01 11:34:16: ◇ injected env (0) from .env // tip: ⌘ suppress logs { quiet: true }
2026-08-01 11:34:16: 3. About to listen on 5000
2026-08-01 11:34:19: ◇ injected env (0) from .env // tip: ◈ secrets for agents [www.dotenvx.com]
2026-08-01 11:34:19: 3. About to listen on 5000
2026-08-01 11:34:22: ◇ injected env (0) from .env // tip: ◈ encrypted .env [www.dotenvx.com]
2026-08-01 11:34:22: 3. About to listen on 5000
2026-08-01 11:34:26: ◇ injected env (0) from .env // tip: ◈ encrypted .env [www.dotenvx.com]
2026-08-01 11:34:26: 3. About to listen on 5000
2026-08-01 11:34:29: ◇ injected env (0) from .env // tip: ◈ secrets for agents [www.dotenvx.com]
2026-08-01 11:34:29: 3. About to listen on 5000
2026-08-01 11:34:32: ◇ injected env (0) from .env // tip: ◈ secrets for agents [www.dotenvx.com]
2026-08-01 11:34:32: 3. About to listen on 5000
2026-08-01 11:34:35: ◇ injected env (0) from .env // tip: ⌁ auth for agents [www.vestauth.com]
2026-08-01 11:34:35: 3. About to listen on 5000
2026-08-01 11:34:39: ◇ injected env (0) from .env // tip: ⌘ multiple files { path: ['.env.local', '.env'] }
2026-08-01 11:34:39: 3. About to listen on 5000
2026-08-01 11:34:42: ◇ injected env (0) from .env // tip: ⌁ auth for agents [www.vestauth.com]
2026-08-01 11:34:42: 3. About to listen on 5000
2026-08-01 11:34:45: ◇ injected env (0) from .env // tip: ⌘ multiple files { path: ['.env.local', '.env'] }
2026-08-01 11:34:45: 3. About to listen on 5000
2026-08-01 11:34:48: ◇ injected env (0) from .env // tip: ⌁ auth for agents [www.vestauth.com]
2026-08-01 11:34:48: 3. About to listen on 5000
2026-08-01 11:34:52: ◇ injected env (0) from .env // tip: ⌘ multiple files { path: ['.env.local', '.env'] }
2026-08-01 11:34:52: 3. About to listen on 5000
2026-08-01 11:34:55: ◇ injected env (0) from .env // tip: ⌁ auth for agents [www.vestauth.com]
2026-08-01 11:34:55: 3. About to listen on 5000
2026-08-01 11:34:58: ◇ injected env (0) from .env // tip: ⌘ suppress logs { quiet: true }
2026-08-01 11:34:58: 3. About to listen on 5000
2026-08-01 11:35:02: ◇ injected env (0) from .env // tip: ⌁ auth for agents [www.vestauth.com]
2026-08-01 11:35:02: 3. About to listen on 5000
2026-08-01 11:35:05: ◇ injected env (0) from .env // tip: ⌁ auth for agents [www.vestauth.com]
2026-08-01 11:35:05: 3. About to listen on 5000
2026-08-01 11:35:08: ◇ injected env (0) from .env // tip: ⌘ override existing { override: true }
2026-08-01 11:35:08: 3. About to listen on 5000
2026-08-01 11:35:11: ◇ injected env (0) from .env // tip: ◈ secrets for agents [www.dotenvx.com]
2026-08-01 11:35:11: 3. About to listen on 5000
2026-08-01 11:35:15: ◇ injected env (0) from .env // tip: ◈ encrypted .env [www.dotenvx.com]
2026-08-01 11:35:15: 3. About to listen on 5000
2026-08-01 11:35:18: ◇ injected env (0) from .env // tip: ⌘ enable debugging { debug: true }
2026-08-01 11:35:18: 3. About to listen on 5000
2026-08-01 11:35:21: ◇ injected env (0) from .env // tip: ◈ secrets for agents [www.dotenvx.com]
2026-08-01 11:35:21: 3. About to listen on 5000
2026-08-01 11:35:24: ◇ injected env (0) from .env // tip: ⌘ suppress logs { quiet: true }
2026-08-01 11:35:24: 3. About to listen on 5000
2026-08-01 11:35:28: ◇ injected env (0) from .env // tip: ⌘ override existing { override: true }
2026-08-01 11:35:28: 3. About to listen on 5000
2026-08-01 11:35:31: ◇ injected env (0) from .env // tip: ⌘ multiple files { path: ['.env.local', '.env'] }
2026-08-01 11:35:31: 3. About to listen on 5000
2026-08-01 11:35:34: ◇ injected env (0) from .env // tip: ◈ encrypted .env [www.dotenvx.com]
2026-08-01 11:35:34: 3. About to listen on 5000
2026-08-01 11:35:38: ◇ injected env (0) from .env // tip: ◈ encrypted .env [www.dotenvx.com]
2026-08-01 11:35:38: 3. About to listen on 5000
2026-08-01 11:35:41: ◇ injected env (0) from .env // tip: ⌘ enable debugging { debug: true }
2026-08-01 11:35:41: 3. About to listen on 5000
2026-08-01 11:35:44: ◇ injected env (0) from .env // tip: ⌘ custom filepath { path: '/custom/path/.env' }
2026-08-01 11:35:44: 3. About to listen on 5000
2026-08-01 11:35:47: ◇ injected env (0) from .env // tip: ◈ encrypted .env [www.dotenvx.com]
2026-08-01 11:35:47: 3. About to listen on 5000
2026-08-01 11:35:51: ◇ injected env (0) from .env // tip: ⌁ auth for agents [www.vestauth.com]
2026-08-01 11:35:51: 3. About to listen on 5000
2026-08-01 11:35:54: ◇ injected env (0) from .env // tip: ⌁ auth for agents [www.vestauth.com]
2026-08-01 11:35:54: 3. About to listen on 5000
2026-08-01 11:35:57: ◇ injected env (0) from .env // tip: ⌘ multiple files { path: ['.env.local', '.env'] }
2026-08-01 11:35:57: 3. About to listen on 5000
2026-08-01 11:36:00: ◇ injected env (0) from .env // tip: ⌘ enable debugging { debug: true }
2026-08-01 11:36:00: 3. About to listen on 5000
2026-08-01 11:36:04: ◇ injected env (0) from .env // tip: ⌘ multiple files { path: ['.env.local', '.env'] }
2026-08-01 11:36:04: 3. About to listen on 5000
2026-08-01 11:36:07: ◇ injected env (0) from .env // tip: ⌘ enable debugging { debug: true }
2026-08-01 11:36:07: 3. About to listen on 5000
2026-08-01 11:36:10: ◇ injected env (0) from .env // tip: ⌘ enable debugging { debug: true }
2026-08-01 11:36:10: 3. About to listen on 5000
2026-08-01 11:36:14: ◇ injected env (0) from .env // tip: ⌁ auth for agents [www.vestauth.com]
2026-08-01 11:36:14: 3. About to listen on 5000
2026-08-01 11:36:17: ◇ injected env (0) from .env // tip: ◈ secrets for agents [www.dotenvx.com]
2026-08-01 11:36:17: 3. About to listen on 5000
2026-08-01 11:36:20: ◇ injected env (0) from .env // tip: ⌘ enable debugging { debug: true }
2026-08-01 11:36:20: 3. About to listen on 5000
2026-08-01 11:36:23: ◇ injected env (0) from .env // tip: ⌁ auth for agents [www.vestauth.com]
2026-08-01 11:36:23: 3. About to listen on 5000
2026-08-01 11:36:27: ◇ injected env (0) from .env // tip: ⌘ suppress logs { quiet: true }
2026-08-01 11:36:27: 3. About to listen on 5000
2026-08-01 11:36:30: ◇ injected env (0) from .env // tip: ⌘ multiple files { path: ['.env.local', '.env'] }
2026-08-01 11:36:30: 3. About to listen on 5000
2026-08-01 11:36:33: ◇ injected env (0) from .env // tip: ⌘ override existing { override: true }
2026-08-01 11:36:33: 3. About to listen on 5000
2026-08-01 11:36:36: ◇ injected env (0) from .env // tip: ⌘ suppress logs { quiet: true }
2026-08-01 11:36:36: 3. About to listen on 5000
2026-08-01 11:36:40: ◇ injected env (0) from .env // tip: ⌘ enable debugging { debug: true }
2026-08-01 11:36:40: 3. About to listen on 5000
2026-08-01 11:36:43: ◇ injected env (0) from .env // tip: ⌘ override existing { override: true }
2026-08-01 11:36:43: 3. About to listen on 5000
2026-08-01 11:36:46: ◇ injected env (0) from .env // tip: ◈ secrets for agents [www.dotenvx.com]
2026-08-01 11:36:46: 3. About to listen on 5000
2026-08-01 11:36:49: ◇ injected env (0) from .env // tip: ◈ secrets for agents [www.dotenvx.com]
2026-08-01 11:36:49: 3. About to listen on 5000
2026-08-01 11:36:53: ◇ injected env (0) from .env // tip: ⌘ enable debugging { debug: true }
2026-08-01 11:36:53: 3. About to listen on 5000
2026-08-01 11:36:56: ◇ injected env (0) from .env // tip: ⌘ suppress logs { quiet: true }
2026-08-01 11:36:56: 3. About to listen on 5000
2026-08-01 11:36:59: ◇ injected env (0) from .env // tip: ⌁ auth for agents [www.vestauth.com]
2026-08-01 11:36:59: 3. About to listen on 5000
2026-08-01 11:37:03: ◇ injected env (0) from .env // tip: ◈ secrets for agents [www.dotenvx.com]
2026-08-01 11:37:03: 3. About to listen on 5000
2026-08-01 11:37:06: ◇ injected env (0) from .env // tip: ⌘ multiple files { path: ['.env.local', '.env'] }
2026-08-01 11:37:06: 3. About to listen on 5000
2026-08-01 11:37:09: ◇ injected env (0) from .env // tip: ◈ secrets for agents [www.dotenvx.com]
2026-08-01 11:37:09: 3. About to listen on 5000
2026-08-01 11:37:12: ◇ injected env (0) from .env // tip: ⌘ suppress logs { quiet: true }
2026-08-01 11:37:12: 3. About to listen on 5000
2026-08-01 11:37:16: ◇ injected env (0) from .env // tip: ⌘ multiple files { path: ['.env.local', '.env'] }
2026-08-01 11:37:16: 3. About to listen on 5000
2026-08-01 11:37:19: ◇ injected env (0) from .env // tip: ◈ encrypted .env [www.dotenvx.com]
2026-08-01 11:37:19: 3. About to listen on 5000
2026-08-01 11:37:22: ◇ injected env (0) from .env // tip: ⌘ suppress logs { quiet: true }
2026-08-01 11:37:22: 3. About to listen on 5000
2026-08-01 11:37:25: ◇ injected env (0) from .env // tip: ⌁ auth for agents [www.vestauth.com]
2026-08-01 11:37:25: 3. About to listen on 5000
2026-08-01 11:37:29: ◇ injected env (0) from .env // tip: ⌘ override existing { override: true }
2026-08-01 11:37:29: 3. About to listen on 5000
2026-08-01 11:37:32: ◇ injected env (0) from .env // tip: ⌘ enable debugging { debug: true }
2026-08-01 11:37:32: 3. About to listen on 5000
2026-08-01 11:37:35: ◇ injected env (0) from .env // tip: ⌘ custom filepath { path: '/custom/path/.env' }
2026-08-01 11:37:35: 3. About to listen on 5000
2026-08-01 11:37:39: ◇ injected env (0) from .env // tip: ⌘ custom filepath { path: '/custom/path/.env' }
2026-08-01 11:37:39: 3. About to listen on 5000
2026-08-01 11:37:42: ◇ injected env (0) from .env // tip: ⌁ auth for agents [www.vestauth.com]
2026-08-01 11:37:42: 3. About to listen on 5000
2026-08-01 11:37:45: ◇ injected env (0) from .env // tip: ⌁ auth for agents [www.vestauth.com]
2026-08-01 11:37:45: 3. About to listen on 5000
2026-08-01 11:37:48: ◇ injected env (0) from .env // tip: ⌘ suppress logs { quiet: true }
2026-08-01 11:37:48: 3. About to listen on 5000
2026-08-01 11:37:52: ◇ injected env (0) from .env // tip: ⌘ multiple files { path: ['.env.local', '.env'] }
2026-08-01 11:37:52: 3. About to listen on 5000
2026-08-01 11:37:55: ◇ injected env (0) from .env // tip: ⌘ suppress logs { quiet: true }
2026-08-01 11:37:55: 3. About to listen on 5000
2026-08-01 11:37:58: ◇ injected env (0) from .env // tip: ⌘ multiple files { path: ['.env.local', '.env'] }
2026-08-01 11:37:58: 3. About to listen on 5000
2026-08-01 11:38:01: ◇ injected env (0) from .env // tip: ⌁ auth for agents [www.vestauth.com]
2026-08-01 11:38:01: 3. About to listen on 5000
2026-08-01 11:38:05: ◇ injected env (0) from .env // tip: ⌘ suppress logs { quiet: true }
2026-08-01 11:38:05: 3. About to listen on 5000
2026-08-01 11:38:08: ◇ injected env (0) from .env // tip: ⌘ custom filepath { path: '/custom/path/.env' }
2026-08-01 11:38:08: 3. About to listen on 5000
2026-08-01 11:38:11: ◇ injected env (0) from .env // tip: ◈ encrypted .env [www.dotenvx.com]
2026-08-01 11:38:11: 3. About to listen on 5000
2026-08-01 11:38:15: ◇ injected env (0) from .env // tip: ◈ encrypted .env [www.dotenvx.com]
2026-08-01 11:38:15: 3. About to listen on 5000
2026-08-01 11:38:18: ◇ injected env (0) from .env // tip: ⌘ suppress logs { quiet: true }
2026-08-01 11:38:18: 3. About to listen on 5000
2026-08-01 11:38:21: ◇ injected env (0) from .env // tip: ⌘ multiple files { path: ['.env.local', '.env'] }
2026-08-01 11:38:21: 3. About to listen on 5000
2026-08-01 11:38:24: ◇ injected env (0) from .env // tip: ◈ secrets for agents [www.dotenvx.com]
2026-08-01 11:38:24: 3. About to listen on 5000
2026-08-01 11:38:28: ◇ injected env (0) from .env // tip: ⌘ multiple files { path: ['.env.local', '.env'] }
2026-08-01 11:38:28: 3. About to listen on 5000
2026-08-01 11:38:31: ◇ injected env (0) from .env // tip: ⌘ override existing { override: true }
2026-08-01 11:38:31: 3. About to listen on 5000
2026-08-01 11:38:34: ◇ injected env (0) from .env // tip: ⌘ custom filepath { path: '/custom/path/.env' }
2026-08-01 11:38:34: 3. About to listen on 5000
2026-08-01 11:38:37: ◇ injected env (0) from .env // tip: ⌘ custom filepath { path: '/custom/path/.env' }
2026-08-01 11:38:37: 3. About to listen on 5000
2026-08-01 11:38:41: ◇ injected env (0) from .env // tip: ⌘ override existing { override: true }
2026-08-01 11:38:41: 3. About to listen on 5000
2026-08-01 11:38:44: ◇ injected env (0) from .env // tip: ⌘ multiple files { path: ['.env.local', '.env'] }
2026-08-01 11:38:44: 3. About to listen on 5000
2026-08-01 11:38:47: ◇ injected env (0) from .env // tip: ⌘ custom filepath { path: '/custom/path/.env' }
2026-08-01 11:38:47: 3. About to listen on 5000
2026-08-01 11:38:51: ◇ injected env (0) from .env // tip: ◈ secrets for agents [www.dotenvx.com]
2026-08-01 11:38:51: 3. About to listen on 5000
2026-08-01 11:38:54: ◇ injected env (0) from .env // tip: ⌘ multiple files { path: ['.env.local', '.env'] }
2026-08-01 11:38:54: 3. About to listen on 5000
2026-08-01 11:38:57: ◇ injected env (0) from .env // tip: ⌘ custom filepath { path: '/custom/path/.env' }
2026-08-01 11:38:57: 3. About to listen on 5000
2026-08-01 11:39:00: ◇ injected env (0) from .env // tip: ⌘ override existing { override: true }
2026-08-01 11:39:00: 3. About to listen on 5000
2026-08-01 11:39:04: ◇ injected env (0) from .env // tip: ◈ encrypted .env [www.dotenvx.com]
2026-08-01 11:39:04: 3. About to listen on 5000
2026-08-01 11:39:07: ◇ injected env (0) from .env // tip: ⌘ override existing { override: true }
2026-08-01 11:39:07: 3. About to listen on 5000
2026-08-01 11:39:10: ◇ injected env (0) from .env // tip: ⌘ enable debugging { debug: true }
2026-08-01 11:39:10: 3. About to listen on 5000
2026-08-01 11:39:13: ◇ injected env (0) from .env // tip: ⌁ auth for agents [www.vestauth.com]
2026-08-01 11:39:13: 3. About to listen on 5000
2026-08-01 11:39:17: ◇ injected env (0) from .env // tip: ⌘ suppress logs { quiet: true }
2026-08-01 11:39:17: 3. About to listen on 5000
2026-08-01 11:39:20: ◇ injected env (0) from .env // tip: ⌁ auth for agents [www.vestauth.com]
2026-08-01 11:39:20: 3. About to listen on 5000
2026-08-01 11:39:23: ◇ injected env (0) from .env // tip: ◈ encrypted .env [www.dotenvx.com]
2026-08-01 11:39:23: 3. About to listen on 5000
2026-08-01 11:39:27: ◇ injected env (0) from .env // tip: ⌁ auth for agents [www.vestauth.com]
2026-08-01 11:39:27: 3. About to listen on 5000
2026-08-01 11:39:30: ◇ injected env (0) from .env // tip: ⌘ custom filepath { path: '/custom/path/.env' }
2026-08-01 11:39:30: 3. About to listen on 5000
2026-08-01 11:39:33: ◇ injected env (0) from .env // tip: ⌘ custom filepath { path: '/custom/path/.env' }
2026-08-01 11:39:33: 3. About to listen on 5000
2026-08-01 11:39:36: ◇ injected env (0) from .env // tip: ◈ secrets for agents [www.dotenvx.com]
2026-08-01 11:39:36: 3. About to listen on 5000
2026-08-01 11:39:40: ◇ injected env (0) from .env // tip: ⌘ custom filepath { path: '/custom/path/.env' }
2026-08-01 11:39:40: 3. About to listen on 5000
2026-08-01 11:39:43: ◇ injected env (0) from .env // tip: ⌘ override existing { override: true }
2026-08-01 11:39:43: 3. About to listen on 5000
2026-08-01 11:39:46: ◇ injected env (0) from .env // tip: ⌘ custom filepath { path: '/custom/path/.env' }
2026-08-01 11:39:46: 3. About to listen on 5000
2026-08-01 11:39:49: ◇ injected env (0) from .env // tip: ⌘ override existing { override: true }
2026-08-01 11:39:49: 3. About to listen on 5000
2026-08-01 11:39:53: ◇ injected env (0) from .env // tip: ⌘ multiple files { path: ['.env.local', '.env'] }
2026-08-01 11:39:53: 3. About to listen on 5000
2026-08-01 11:39:56: ◇ injected env (0) from .env // tip: ⌘ suppress logs { quiet: true }
2026-08-01 11:39:56: 3. About to listen on 5000
2026-08-01 11:39:59: ◇ injected env (0) from .env // tip: ⌘ multiple files { path: ['.env.local', '.env'] }
2026-08-01 11:39:59: 3. About to listen on 5000
2026-08-01 11:40:02: ◇ injected env (0) from .env // tip: ⌘ override existing { override: true }
2026-08-01 11:40:02: 3. About to listen on 5000
2026-08-01 11:40:06: ◇ injected env (0) from .env // tip: ◈ secrets for agents [www.dotenvx.com]
2026-08-01 11:40:06: 3. About to listen on 5000
2026-08-01 11:40:09: ◇ injected env (0) from .env // tip: ⌘ override existing { override: true }
2026-08-01 11:40:09: 3. About to listen on 5000
2026-08-01 11:40:12: ◇ injected env (0) from .env // tip: ⌘ custom filepath { path: '/custom/path/.env' }
2026-08-01 11:40:12: 3. About to listen on 5000
2026-08-01 11:40:16: ◇ injected env (0) from .env // tip: ⌘ enable debugging { debug: true }
2026-08-01 11:40:16: 3. About to listen on 5000
2026-08-01 11:40:19: ◇ injected env (0) from .env // tip: ◈ secrets for agents [www.dotenvx.com]
2026-08-01 11:40:19: 3. About to listen on 5000
2026-08-01 11:40:22: ◇ injected env (0) from .env // tip: ⌁ auth for agents [www.vestauth.com]
2026-08-01 11:40:22: 3. About to listen on 5000
2026-08-01 11:40:25: ◇ injected env (0) from .env // tip: ⌘ custom filepath { path: '/custom/path/.env' }
2026-08-01 11:40:25: 3. About to listen on 5000
2026-08-01 11:40:29: ◇ injected env (0) from .env // tip: ⌘ suppress logs { quiet: true }
2026-08-01 11:40:29: 3. About to listen on 5000
2026-08-01 11:40:32: ◇ injected env (0) from .env // tip: ⌁ auth for agents [www.vestauth.com]
2026-08-01 11:40:32: 3. About to listen on 5000
2026-08-01 11:40:35: ◇ injected env (0) from .env // tip: ⌘ multiple files { path: ['.env.local', '.env'] }
2026-08-01 11:40:35: 3. About to listen on 5000
2026-08-01 11:40:38: ◇ injected env (0) from .env // tip: ◈ encrypted .env [www.dotenvx.com]
2026-08-01 11:40:38: 3. About to listen on 5000
2026-08-01 11:40:42: ◇ injected env (0) from .env // tip: ◈ secrets for agents [www.dotenvx.com]
2026-08-01 11:40:42: 3. About to listen on 5000
2026-08-01 11:40:45: ◇ injected env (0) from .env // tip: ⌘ override existing { override: true }
2026-08-01 11:40:45: 3. About to listen on 5000
2026-08-01 11:40:48: ◇ injected env (0) from .env // tip: ⌘ suppress logs { quiet: true }
2026-08-01 11:40:48: 3. About to listen on 5000
2026-08-01 11:40:52: ◇ injected env (0) from .env // tip: ⌘ suppress logs { quiet: true }
2026-08-01 11:40:52: 3. About to listen on 5000
2026-08-01 11:40:55: ◇ injected env (0) from .env // tip: ◈ secrets for agents [www.dotenvx.com]
2026-08-01 11:40:55: 3. About to listen on 5000
2026-08-01 11:40:58: ◇ injected env (0) from .env // tip: ⌘ enable debugging { debug: true }
2026-08-01 11:40:58: 3. About to listen on 5000
2026-08-01 11:41:01: ◇ injected env (0) from .env // tip: ⌁ auth for agents [www.vestauth.com]
2026-08-01 11:41:01: 3. About to listen on 5000
2026-08-01 11:41:05: ◇ injected env (0) from .env // tip: ⌁ auth for agents [www.vestauth.com]
2026-08-01 11:41:05: 3. About to listen on 5000
2026-08-01 11:41:08: ◇ injected env (0) from .env // tip: ◈ encrypted .env [www.dotenvx.com]
2026-08-01 11:41:08: 3. About to listen on 5000
2026-08-01 11:41:11: ◇ injected env (0) from .env // tip: ⌘ custom filepath { path: '/custom/path/.env' }
2026-08-01 11:41:11: 3. About to listen on 5000
2026-08-01 11:41:14: ◇ injected env (0) from .env // tip: ⌘ suppress logs { quiet: true }
2026-08-01 11:41:14: 3. About to listen on 5000
2026-08-01 11:41:18: ◇ injected env (0) from .env // tip: ⌘ custom filepath { path: '/custom/path/.env' }
2026-08-01 11:41:18: 3. About to listen on 5000
2026-08-01 11:41:21: ◇ injected env (0) from .env // tip: ⌘ suppress logs { quiet: true }
2026-08-01 11:41:21: 3. About to listen on 5000
2026-08-01 11:41:24: ◇ injected env (0) from .env // tip: ⌘ override existing { override: true }
2026-08-01 11:41:24: 3. About to listen on 5000
2026-08-01 11:41:27: ◇ injected env (0) from .env // tip: ⌘ custom filepath { path: '/custom/path/.env' }
2026-08-01 11:41:28: 3. About to listen on 5000
2026-08-01 11:41:31: ◇ injected env (0) from .env // tip: ⌘ enable debugging { debug: true }
2026-08-01 11:41:31: 3. About to listen on 5000
2026-08-01 11:41:34: ◇ injected env (0) from .env // tip: ⌘ enable debugging { debug: true }
2026-08-01 11:41:34: 3. About to listen on 5000
2026-08-01 11:41:37: ◇ injected env (0) from .env // tip: ⌘ enable debugging { debug: true }
2026-08-01 11:41:37: 3. About to listen on 5000
2026-08-01 11:41:41: ◇ injected env (0) from .env // tip: ⌘ suppress logs { quiet: true }
2026-08-01 11:41:41: 3. About to listen on 5000
2026-08-01 11:41:44: ◇ injected env (0) from .env // tip: ⌘ suppress logs { quiet: true }
2026-08-01 11:41:44: 3. About to listen on 5000
2026-08-01 11:41:47: ◇ injected env (0) from .env // tip: ⌘ custom filepath { path: '/custom/path/.env' }
2026-08-01 11:41:47: 3. About to listen on 5000
2026-08-01 11:41:50: ◇ injected env (0) from .env // tip: ◈ encrypted .env [www.dotenvx.com]
2026-08-01 11:41:50: 3. About to listen on 5000
2026-08-01 11:41:54: ◇ injected env (0) from .env // tip: ◈ secrets for agents [www.dotenvx.com]
2026-08-01 11:41:54: 3. About to listen on 5000
2026-08-01 11:41:57: ◇ injected env (0) from .env // tip: ◈ secrets for agents [www.dotenvx.com]
2026-08-01 11:41:57: 3. About to listen on 5000
2026-08-01 11:42:00: ◇ injected env (0) from .env // tip: ⌘ override existing { override: true }
2026-08-01 11:42:00: 3. About to listen on 5000
2026-08-01 11:42:03: ◇ injected env (0) from .env // tip: ⌘ custom filepath { path: '/custom/path/.env' }
2026-08-01 11:42:03: 3. About to listen on 5000
2026-08-01 11:42:07: ◇ injected env (0) from .env // tip: ⌘ custom filepath { path: '/custom/path/.env' }
2026-08-01 11:42:07: 3. About to listen on 5000
2026-08-01 11:42:10: ◇ injected env (0) from .env // tip: ⌘ custom filepath { path: '/custom/path/.env' }
2026-08-01 11:42:10: 3. About to listen on 5000
2026-08-01 11:42:13: ◇ injected env (0) from .env // tip: ⌘ enable debugging { debug: true }
2026-08-01 11:42:13: 3. About to listen on 5000
2026-08-01 11:42:17: ◇ injected env (0) from .env // tip: ◈ secrets for agents [www.dotenvx.com]
2026-08-01 11:42:17: 3. About to listen on 5000
2026-08-01 11:42:20: ◇ injected env (0) from .env // tip: ⌘ enable debugging { debug: true }
2026-08-01 11:42:20: 3. About to listen on 5000
2026-08-01 11:42:23: ◇ injected env (0) from .env // tip: ⌘ override existing { override: true }
2026-08-01 11:42:23: 3. About to listen on 5000
2026-08-01 11:42:26: ◇ injected env (0) from .env // tip: ⌘ enable debugging { debug: true }
2026-08-01 11:42:26: 3. About to listen on 5000
2026-08-01 11:42:30: ◇ injected env (0) from .env // tip: ◈ encrypted .env [www.dotenvx.com]
2026-08-01 11:42:30: 3. About to listen on 5000
2026-08-01 11:42:33: ◇ injected env (0) from .env // tip: ⌘ suppress logs { quiet: true }
2026-08-01 11:42:33: 3. About to listen on 5000
2026-08-01 11:42:36: ◇ injected env (0) from .env // tip: ⌘ suppress logs { quiet: true }
2026-08-01 11:42:36: 3. About to listen on 5000
2026-08-01 11:42:39: ◇ injected env (0) from .env // tip: ⌘ suppress logs { quiet: true }
2026-08-01 11:42:39: 3. About to listen on 5000
2026-08-01 11:42:43: ◇ injected env (0) from .env // tip: ⌘ suppress logs { quiet: true }
2026-08-01 11:42:43: 3. About to listen on 5000
2026-08-01 11:42:46: ◇ injected env (0) from .env // tip: ⌘ override existing { override: true }
2026-08-01 11:42:46: 3. About to listen on 5000
2026-08-01 11:42:49: ◇ injected env (0) from .env // tip: ⌘ multiple files { path: ['.env.local', '.env'] }
2026-08-01 11:42:49: 3. About to listen on 5000
2026-08-01 11:42:53: ◇ injected env (0) from .env // tip: ⌘ override existing { override: true }
2026-08-01 11:42:53: 3. About to listen on 5000
2026-08-01 11:42:56: ◇ injected env (0) from .env // tip: ⌘ override existing { override: true }
2026-08-01 11:42:56: 3. About to listen on 5000
2026-08-01 11:42:59: ◇ injected env (0) from .env // tip: ◈ secrets for agents [www.dotenvx.com]
2026-08-01 11:42:59: 3. About to listen on 5000
2026-08-01 11:43:02: ◇ injected env (0) from .env // tip: ⌘ multiple files { path: ['.env.local', '.env'] }
2026-08-01 11:43:02: 3. About to listen on 5000
2026-08-01 11:43:06: ◇ injected env (0) from .env // tip: ⌘ suppress logs { quiet: true }
2026-08-01 11:43:06: 3. About to listen on 5000
2026-08-01 11:43:09: ◇ injected env (0) from .env // tip: ◈ secrets for agents [www.dotenvx.com]
2026-08-01 11:43:09: 3. About to listen on 5000
2026-08-01 11:43:12: ◇ injected env (0) from .env // tip: ⌘ enable debugging { debug: true }
2026-08-01 11:43:12: 3. About to listen on 5000
2026-08-01 11:43:15: ◇ injected env (0) from .env // tip: ⌘ custom filepath { path: '/custom/path/.env' }
2026-08-01 11:43:15: 3. About to listen on 5000
2026-08-01 11:43:19: ◇ injected env (0) from .env // tip: ⌘ suppress logs { quiet: true }
2026-08-01 11:43:19: 3. About to listen on 5000
2026-08-01 11:43:22: ◇ injected env (0) from .env // tip: ⌘ suppress logs { quiet: true }
2026-08-01 11:43:22: 3. About to listen on 5000
2026-08-01 11:43:25: ◇ injected env (0) from .env // tip: ◈ encrypted .env [www.dotenvx.com]
2026-08-01 11:43:25: 3. About to listen on 5000
2026-08-01 11:43:28: ◇ injected env (0) from .env // tip: ⌘ suppress logs { quiet: true }
2026-08-01 11:43:28: 3. About to listen on 5000
2026-08-01 11:43:32: ◇ injected env (0) from .env // tip: ⌘ multiple files { path: ['.env.local', '.env'] }
2026-08-01 11:43:32: 3. About to listen on 5000
2026-08-01 11:43:35: ◇ injected env (0) from .env // tip: ◈ secrets for agents [www.dotenvx.com]
2026-08-01 11:43:35: 3. About to listen on 5000
2026-08-01 11:43:38: ◇ injected env (0) from .env // tip: ⌘ override existing { override: true }
2026-08-01 11:43:38: 3. About to listen on 5000
2026-08-01 11:43:42: ◇ injected env (0) from .env // tip: ⌁ auth for agents [www.vestauth.com]
2026-08-01 11:43:42: 3. About to listen on 5000
2026-08-01 11:43:45: ◇ injected env (0) from .env // tip: ⌘ override existing { override: true }
2026-08-01 11:43:45: 3. About to listen on 5000
2026-08-01 11:43:48: ◇ injected env (0) from .env // tip: ⌘ override existing { override: true }
2026-08-01 11:43:48: 3. About to listen on 5000
2026-08-01 11:43:51: ◇ injected env (0) from .env // tip: ⌘ enable debugging { debug: true }
2026-08-01 11:43:51: 3. About to listen on 5000
2026-08-01 11:43:55: ◇ injected env (0) from .env // tip: ⌘ multiple files { path: ['.env.local', '.env'] }
2026-08-01 11:43:55: 3. About to listen on 5000
2026-08-01 11:43:58: ◇ injected env (0) from .env // tip: ⌘ suppress logs { quiet: true }
2026-08-01 11:43:58: 3. About to listen on 5000
2026-08-01 11:44:01: ◇ injected env (0) from .env // tip: ⌘ suppress logs { quiet: true }
2026-08-01 11:44:01: 3. About to listen on 5000
2026-08-01 11:44:04: ◇ injected env (0) from .env // tip: ⌘ multiple files { path: ['.env.local', '.env'] }
2026-08-01 11:44:04: 3. About to listen on 5000
2026-08-01 11:44:08: ◇ injected env (0) from .env // tip: ◈ secrets for agents [www.dotenvx.com]
2026-08-01 11:44:08: 3. About to listen on 5000
2026-08-01 11:44:11: ◇ injected env (0) from .env // tip: ⌘ multiple files { path: ['.env.local', '.env'] }
2026-08-01 11:44:11: 3. About to listen on 5000
2026-08-01 11:44:14: ◇ injected env (0) from .env // tip: ⌘ suppress logs { quiet: true }
2026-08-01 11:44:14: 3. About to listen on 5000
2026-08-01 11:44:17: ◇ injected env (0) from .env // tip: ⌘ multiple files { path: ['.env.local', '.env'] }
2026-08-01 11:44:17: 3. About to listen on 5000
2026-08-01 11:44:21: ◇ injected env (0) from .env // tip: ⌘ custom filepath { path: '/custom/path/.env' }
2026-08-01 11:44:21: 3. About to listen on 5000
2026-08-01 11:44:24: ◇ injected env (0) from .env // tip: ⌘ override existing { override: true }
2026-08-01 11:44:24: 3. About to listen on 5000
2026-08-01 11:44:27: ◇ injected env (0) from .env // tip: ⌁ auth for agents [www.vestauth.com]
2026-08-01 11:44:27: 3. About to listen on 5000
2026-08-01 11:44:31: ◇ injected env (0) from .env // tip: ⌘ suppress logs { quiet: true }
2026-08-01 11:44:31: 3. About to listen on 5000
2026-08-01 11:44:34: ◇ injected env (0) from .env // tip: ⌘ custom filepath { path: '/custom/path/.env' }
2026-08-01 11:44:34: 3. About to listen on 5000
2026-08-01 11:44:37: ◇ injected env (0) from .env // tip: ⌘ custom filepath { path: '/custom/path/.env' }
2026-08-01 11:44:37: 3. About to listen on 5000
2026-08-01 11:44:40: ◇ injected env (0) from .env // tip: ◈ encrypted .env [www.dotenvx.com]
2026-08-01 11:44:40: 3. About to listen on 5000
2026-08-01 11:44:44: ◇ injected env (0) from .env // tip: ⌘ override existing { override: true }
2026-08-01 11:44:44: 3. About to listen on 5000
2026-08-01 11:44:47: ◇ injected env (0) from .env // tip: ⌘ override existing { override: true }
2026-08-01 11:44:47: 3. About to listen on 5000
2026-08-01 11:44:50: ◇ injected env (0) from .env // tip: ⌁ auth for agents [www.vestauth.com]
2026-08-01 11:44:50: 3. About to listen on 5000
2026-08-01 11:44:53: ◇ injected env (0) from .env // tip: ◈ secrets for agents [www.dotenvx.com]
2026-08-01 11:44:53: 3. About to listen on 5000
2026-08-01 11:44:57: ◇ injected env (0) from .env // tip: ⌘ enable debugging { debug: true }
2026-08-01 11:44:57: 3. About to listen on 5000
2026-08-01 11:45:00: ◇ injected env (0) from .env // tip: ⌘ override existing { override: true }
2026-08-01 11:45:00: 3. About to listen on 5000
2026-08-01 11:45:03: ◇ injected env (0) from .env // tip: ◈ encrypted .env [www.dotenvx.com]
2026-08-01 11:45:03: 3. About to listen on 5000
2026-08-01 11:45:07: ◇ injected env (0) from .env // tip: ⌘ override existing { override: true }
2026-08-01 11:45:07: 3. About to listen on 5000
2026-08-01 11:45:10: ◇ injected env (0) from .env // tip: ◈ secrets for agents [www.dotenvx.com]
2026-08-01 11:45:10: 3. About to listen on 5000
2026-08-01 11:45:13: ◇ injected env (0) from .env // tip: ◈ secrets for agents [www.dotenvx.com]
2026-08-01 11:45:13: 3. About to listen on 5000
2026-08-01 11:45:16: ◇ injected env (0) from .env // tip: ⌘ override existing { override: true }
2026-08-01 11:45:16: 3. About to listen on 5000
2026-08-01 11:45:20: ◇ injected env (0) from .env // tip: ⌁ auth for agents [www.vestauth.com]
2026-08-01 11:45:20: 3. About to listen on 5000
2026-08-01 11:45:23: ◇ injected env (0) from .env // tip: ⌘ multiple files { path: ['.env.local', '.env'] }
2026-08-01 11:45:23: 3. About to listen on 5000
2026-08-01 11:45:26: ◇ injected env (0) from .env // tip: ⌘ enable debugging { debug: true }
2026-08-01 11:45:26: 3. About to listen on 5000
2026-08-01 11:45:29: ◇ injected env (0) from .env // tip: ⌘ suppress logs { quiet: true }
2026-08-01 11:45:29: 3. About to listen on 5000
2026-08-01 11:45:33: ◇ injected env (0) from .env // tip: ⌘ custom filepath { path: '/custom/path/.env' }
2026-08-01 11:45:33: 3. About to listen on 5000
2026-08-01 11:45:36: ◇ injected env (0) from .env // tip: ⌘ override existing { override: true }
2026-08-01 11:45:36: 3. About to listen on 5000
2026-08-01 11:45:39: ◇ injected env (0) from .env // tip: ⌘ enable debugging { debug: true }
2026-08-01 11:45:39: 3. About to listen on 5000
2026-08-01 11:45:43: ◇ injected env (0) from .env // tip: ◈ encrypted .env [www.dotenvx.com]
2026-08-01 11:45:43: 3. About to listen on 5000
2026-08-01 11:45:46: ◇ injected env (0) from .env // tip: ⌘ enable debugging { debug: true }
2026-08-01 11:45:46: 3. About to listen on 5000
2026-08-01 11:45:49: ◇ injected env (0) from .env // tip: ⌘ suppress logs { quiet: true }
2026-08-01 11:45:49: 3. About to listen on 5000
2026-08-01 11:45:52: ◇ injected env (0) from .env // tip: ◈ secrets for agents [www.dotenvx.com]
2026-08-01 11:45:52: 3. About to listen on 5000
2026-08-01 11:45:56: ◇ injected env (0) from .env // tip: ⌘ override existing { override: true }
2026-08-01 11:45:56: 3. About to listen on 5000
2026-08-01 11:45:59: ◇ injected env (0) from .env // tip: ◈ encrypted .env [www.dotenvx.com]
2026-08-01 11:45:59: 3. About to listen on 5000
2026-08-01 11:46:02: ◇ injected env (0) from .env // tip: ◈ encrypted .env [www.dotenvx.com]
2026-08-01 11:46:02: 3. About to listen on 5000
2026-08-01 11:46:05: ◇ injected env (0) from .env // tip: ⌁ auth for agents [www.vestauth.com]
2026-08-01 11:46:05: 3. About to listen on 5000
2026-08-01 11:46:09: ◇ injected env (0) from .env // tip: ◈ secrets for agents [www.dotenvx.com]
2026-08-01 11:46:09: 3. About to listen on 5000
2026-08-01 11:46:12: ◇ injected env (0) from .env // tip: ⌘ multiple files { path: ['.env.local', '.env'] }
2026-08-01 11:46:12: 3. About to listen on 5000
2026-08-01 11:46:15: ◇ injected env (0) from .env // tip: ⌘ multiple files { path: ['.env.local', '.env'] }
2026-08-01 11:46:15: 3. About to listen on 5000
2026-08-01 11:46:19: ◇ injected env (0) from .env // tip: ⌘ override existing { override: true }
2026-08-01 11:46:19: 3. About to listen on 5000
2026-08-01 11:46:22: ◇ injected env (0) from .env // tip: ⌘ multiple files { path: ['.env.local', '.env'] }
2026-08-01 11:46:22: 3. About to listen on 5000
2026-08-01 11:46:25: ◇ injected env (0) from .env // tip: ⌘ custom filepath { path: '/custom/path/.env' }
2026-08-01 11:46:25: 3. About to listen on 5000
2026-08-01 11:46:28: ◇ injected env (0) from .env // tip: ⌘ suppress logs { quiet: true }
2026-08-01 11:46:28: 3. About to listen on 5000
2026-08-01 11:46:32: ◇ injected env (0) from .env // tip: ⌘ multiple files { path: ['.env.local', '.env'] }
2026-08-01 11:46:32: 3. About to listen on 5000
2026-08-01 11:46:35: ◇ injected env (0) from .env // tip: ◈ secrets for agents [www.dotenvx.com]
2026-08-01 11:46:35: 3. About to listen on 5000
2026-08-01 11:46:38: ◇ injected env (0) from .env // tip: ⌘ suppress logs { quiet: true }
2026-08-01 11:46:38: 3. About to listen on 5000
2026-08-01 11:46:41: ◇ injected env (0) from .env // tip: ⌘ multiple files { path: ['.env.local', '.env'] }
2026-08-01 11:46:41: 3. About to listen on 5000
2026-08-01 11:46:45: ◇ injected env (0) from .env // tip: ⌘ custom filepath { path: '/custom/path/.env' }
2026-08-01 11:46:45: 3. About to listen on 5000
2026-08-01 11:46:48: ◇ injected env (0) from .env // tip: ⌘ multiple files { path: ['.env.local', '.env'] }
2026-08-01 11:46:48: 3. About to listen on 5000
2026-08-01 11:46:51: ◇ injected env (0) from .env // tip: ⌘ multiple files { path: ['.env.local', '.env'] }
2026-08-01 11:46:51: 3. About to listen on 5000
2026-08-01 11:46:54: ◇ injected env (0) from .env // tip: ⌘ custom filepath { path: '/custom/path/.env' }
2026-08-01 11:46:54: 3. About to listen on 5000
2026-08-01 11:46:58: ◇ injected env (0) from .env // tip: ⌘ enable debugging { debug: true }
2026-08-01 11:46:58: 3. About to listen on 5000
2026-08-01 11:47:01: ◇ injected env (0) from .env // tip: ◈ secrets for agents [www.dotenvx.com]
2026-08-01 11:47:01: 3. About to listen on 5000
2026-08-01 11:47:04: ◇ injected env (0) from .env // tip: ⌘ suppress logs { quiet: true }
2026-08-01 11:47:04: 3. About to listen on 5000
2026-08-01 11:47:08: ◇ injected env (0) from .env // tip: ◈ encrypted .env [www.dotenvx.com]
2026-08-01 11:47:08: 3. About to listen on 5000
2026-08-01 11:47:11: ◇ injected env (0) from .env // tip: ⌘ custom filepath { path: '/custom/path/.env' }
2026-08-01 11:47:11: 3. About to listen on 5000
2026-08-01 11:47:14: ◇ injected env (0) from .env // tip: ◈ secrets for agents [www.dotenvx.com]
2026-08-01 11:47:14: 3. About to listen on 5000
2026-08-01 11:47:17: ◇ injected env (0) from .env // tip: ⌁ auth for agents [www.vestauth.com]
2026-08-01 11:47:17: 3. About to listen on 5000
2026-08-01 11:47:21: ◇ injected env (0) from .env // tip: ◈ secrets for agents [www.dotenvx.com]
2026-08-01 11:47:21: 3. About to listen on 5000
2026-08-01 11:47:24: ◇ injected env (0) from .env // tip: ⌘ override existing { override: true }
2026-08-01 11:47:24: 3. About to listen on 5000
2026-08-01 11:47:27: ◇ injected env (0) from .env // tip: ⌘ override existing { override: true }
2026-08-01 11:47:27: 3. About to listen on 5000
2026-08-01 11:47:30: ◇ injected env (0) from .env // tip: ⌁ auth for agents [www.vestauth.com]
2026-08-01 11:47:30: 3. About to listen on 5000
2026-08-01 11:47:34: ◇ injected env (0) from .env // tip: ⌘ custom filepath { path: '/custom/path/.env' }
2026-08-01 11:47:34: 3. About to listen on 5000
2026-08-01 11:47:37: ◇ injected env (0) from .env // tip: ◈ secrets for agents [www.dotenvx.com]
2026-08-01 11:47:37: 3. About to listen on 5000
2026-08-01 11:47:40: ◇ injected env (0) from .env // tip: ⌘ multiple files { path: ['.env.local', '.env'] }
2026-08-01 11:47:40: 3. About to listen on 5000
2026-08-01 11:47:44: ◇ injected env (0) from .env // tip: ◈ secrets for agents [www.dotenvx.com]
2026-08-01 11:47:44: 3. About to listen on 5000
2026-08-01 11:47:47: ◇ injected env (0) from .env // tip: ◈ secrets for agents [www.dotenvx.com]
2026-08-01 11:47:47: 3. About to listen on 5000
2026-08-01 11:47:50: ◇ injected env (0) from .env // tip: ⌁ auth for agents [www.vestauth.com]
2026-08-01 11:47:50: 3. About to listen on 5000
2026-08-01 11:47:53: ◇ injected env (0) from .env // tip: ⌘ suppress logs { quiet: true }
2026-08-01 11:47:53: 3. About to listen on 5000
2026-08-01 11:47:57: ◇ injected env (0) from .env // tip: ◈ encrypted .env [www.dotenvx.com]
2026-08-01 11:47:57: 3. About to listen on 5000
2026-08-01 11:48:00: ◇ injected env (0) from .env // tip: ⌘ suppress logs { quiet: true }
2026-08-01 11:48:00: 3. About to listen on 5000
2026-08-01 11:48:03: ◇ injected env (0) from .env // tip: ⌘ custom filepath { path: '/custom/path/.env' }
2026-08-01 11:48:03: 3. About to listen on 5000
2026-08-01 11:48:06: ◇ injected env (0) from .env // tip: ◈ secrets for agents [www.dotenvx.com]
2026-08-01 11:48:06: 3. About to listen on 5000
2026-08-01 11:48:10: ◇ injected env (0) from .env // tip: ◈ encrypted .env [www.dotenvx.com]
2026-08-01 11:48:10: 3. About to listen on 5000
2026-08-01 11:48:13: ◇ injected env (0) from .env // tip: ◈ encrypted .env [www.dotenvx.com]
2026-08-01 11:48:13: 3. About to listen on 5000
2026-08-01 11:48:16: ◇ injected env (0) from .env // tip: ⌘ custom filepath { path: '/custom/path/.env' }
2026-08-01 11:48:16: 3. About to listen on 5000
2026-08-01 11:48:20: ◇ injected env (0) from .env // tip: ⌘ suppress logs { quiet: true }
2026-08-01 11:48:20: 3. About to listen on 5000
2026-08-01 11:48:23: ◇ injected env (0) from .env // tip: ◈ encrypted .env [www.dotenvx.com]
2026-08-01 11:48:23: 3. About to listen on 5000
2026-08-01 11:48:26: ◇ injected env (0) from .env // tip: ⌘ override existing { override: true }
2026-08-01 11:48:26: 3. About to listen on 5000
2026-08-01 11:48:29: ◇ injected env (0) from .env // tip: ⌘ enable debugging { debug: true }
2026-08-01 11:48:29: 3. About to listen on 5000
2026-08-01 11:48:33: ◇ injected env (0) from .env // tip: ⌘ custom filepath { path: '/custom/path/.env' }
2026-08-01 11:48:33: 3. About to listen on 5000
2026-08-01 11:48:36: ◇ injected env (0) from .env // tip: ⌁ auth for agents [www.vestauth.com]
2026-08-01 11:48:36: 3. About to listen on 5000
2026-08-01 11:48:39: ◇ injected env (0) from .env // tip: ⌘ override existing { override: true }
2026-08-01 11:48:39: 3. About to listen on 5000
2026-08-01 11:48:42: ◇ injected env (0) from .env // tip: ◈ encrypted .env [www.dotenvx.com]
2026-08-01 11:48:42: 3. About to listen on 5000
2026-08-01 11:48:46: ◇ injected env (0) from .env // tip: ⌘ multiple files { path: ['.env.local', '.env'] }
2026-08-01 11:48:46: 3. About to listen on 5000
2026-08-01 11:48:49: ◇ injected env (0) from .env // tip: ◈ secrets for agents [www.dotenvx.com]
2026-08-01 11:48:49: 3. About to listen on 5000
2026-08-01 11:48:52: ◇ injected env (0) from .env // tip: ⌘ suppress logs { quiet: true }
2026-08-01 11:48:52: 3. About to listen on 5000
2026-08-01 11:48:55: ◇ injected env (0) from .env // tip: ◈ encrypted .env [www.dotenvx.com]
2026-08-01 11:48:55: 3. About to listen on 5000
2026-08-01 11:48:59: ◇ injected env (0) from .env // tip: ⌘ enable debugging { debug: true }
2026-08-01 11:48:59: 3. About to listen on 5000
2026-08-01 11:49:02: ◇ injected env (0) from .env // tip: ⌘ custom filepath { path: '/custom/path/.env' }
2026-08-01 11:49:02: 3. About to listen on 5000
2026-08-01 11:49:05: ◇ injected env (0) from .env // tip: ⌘ suppress logs { quiet: true }
2026-08-01 11:49:05: 3. About to listen on 5000
2026-08-01 11:49:09: ◇ injected env (0) from .env // tip: ⌘ suppress logs { quiet: true }
2026-08-01 11:49:09: 3. About to listen on 5000
2026-08-01 11:49:12: ◇ injected env (0) from .env // tip: ⌁ auth for agents [www.vestauth.com]
2026-08-01 11:49:12: 3. About to listen on 5000
2026-08-01 11:49:15: ◇ injected env (0) from .env // tip: ⌘ multiple files { path: ['.env.local', '.env'] }
2026-08-01 11:49:15: 3. About to listen on 5000
2026-08-01 11:49:18: ◇ injected env (0) from .env // tip: ⌁ auth for agents [www.vestauth.com]
2026-08-01 11:49:18: 3. About to listen on 5000
2026-08-01 11:49:22: ◇ injected env (0) from .env // tip: ⌘ custom filepath { path: '/custom/path/.env' }
2026-08-01 11:49:22: 3. About to listen on 5000
2026-08-01 11:49:25: ◇ injected env (0) from .env // tip: ◈ encrypted .env [www.dotenvx.com]
2026-08-01 11:49:25: 3. About to listen on 5000
2026-08-01 11:49:28: ◇ injected env (0) from .env // tip: ⌘ override existing { override: true }
2026-08-01 11:49:28: 3. About to listen on 5000
2026-08-01 11:49:31: ◇ injected env (0) from .env // tip: ⌘ suppress logs { quiet: true }
2026-08-01 11:49:31: 3. About to listen on 5000
2026-08-01 11:49:35: ◇ injected env (0) from .env // tip: ⌘ enable debugging { debug: true }
2026-08-01 11:49:35: 3. About to listen on 5000
2026-08-01 11:49:38: ◇ injected env (0) from .env // tip: ⌘ multiple files { path: ['.env.local', '.env'] }
2026-08-01 11:49:38: 3. About to listen on 5000
2026-08-01 11:49:41: ◇ injected env (0) from .env // tip: ◈ encrypted .env [www.dotenvx.com]
2026-08-01 11:49:41: 3. About to listen on 5000
2026-08-01 11:49:45: ◇ injected env (0) from .env // tip: ⌁ auth for agents [www.vestauth.com]
2026-08-01 11:49:45: 3. About to listen on 5000
2026-08-01 11:49:48: ◇ injected env (0) from .env // tip: ◈ secrets for agents [www.dotenvx.com]
2026-08-01 11:49:48: 3. About to listen on 5000
2026-08-01 11:49:51: ◇ injected env (0) from .env // tip: ◈ secrets for agents [www.dotenvx.com]
2026-08-01 11:49:51: 3. About to listen on 5000
2026-08-01 11:49:54: ◇ injected env (0) from .env // tip: ◈ secrets for agents [www.dotenvx.com]
2026-08-01 11:49:54: 3. About to listen on 5000
2026-08-01 11:49:58: ◇ injected env (0) from .env // tip: ◈ secrets for agents [www.dotenvx.com]
2026-08-01 11:49:58: 3. About to listen on 5000
2026-08-01 11:50:01: ◇ injected env (0) from .env // tip: ⌘ suppress logs { quiet: true }
2026-08-01 11:50:01: 3. About to listen on 5000
2026-08-01 11:50:04: ◇ injected env (0) from .env // tip: ⌘ override existing { override: true }
2026-08-01 11:50:04: 3. About to listen on 5000
2026-08-01 11:50:07: ◇ injected env (0) from .env // tip: ◈ encrypted .env [www.dotenvx.com]
2026-08-01 11:50:07: 3. About to listen on 5000
2026-08-01 11:50:11: ◇ injected env (0) from .env // tip: ◈ encrypted .env [www.dotenvx.com]
2026-08-01 11:50:11: 3. About to listen on 5000
2026-08-01 11:50:14: ◇ injected env (0) from .env // tip: ⌘ override existing { override: true }
2026-08-01 11:50:14: 3. About to listen on 5000
2026-08-01 11:50:17: ◇ injected env (0) from .env // tip: ⌘ suppress logs { quiet: true }
2026-08-01 11:50:17: 3. About to listen on 5000
2026-08-01 11:50:21: ◇ injected env (0) from .env // tip: ⌘ multiple files { path: ['.env.local', '.env'] }
2026-08-01 11:50:21: 3. About to listen on 5000
2026-08-01 11:50:24: ◇ injected env (0) from .env // tip: ⌘ custom filepath { path: '/custom/path/.env' }
2026-08-01 11:50:24: 3. About to listen on 5000
2026-08-01 11:50:27: ◇ injected env (0) from .env // tip: ◈ encrypted .env [www.dotenvx.com]
2026-08-01 11:50:27: 3. About to listen on 5000
2026-08-01 11:50:30: ◇ injected env (0) from .env // tip: ⌘ suppress logs { quiet: true }
2026-08-01 11:50:30: 3. About to listen on 5000
2026-08-01 11:50:34: ◇ injected env (0) from .env // tip: ⌘ override existing { override: true }
2026-08-01 11:50:34: 3. About to listen on 5000
2026-08-01 11:50:37: ◇ injected env (0) from .env // tip: ⌘ custom filepath { path: '/custom/path/.env' }
2026-08-01 11:50:37: 3. About to listen on 5000
2026-08-01 11:50:40: ◇ injected env (0) from .env // tip: ⌘ override existing { override: true }
2026-08-01 11:50:40: 3. About to listen on 5000
2026-08-01 11:50:43: ◇ injected env (0) from .env // tip: ⌘ enable debugging { debug: true }
2026-08-01 11:50:43: 3. About to listen on 5000
2026-08-01 11:50:47: ◇ injected env (0) from .env // tip: ⌘ multiple files { path: ['.env.local', '.env'] }
2026-08-01 11:50:47: 3. About to listen on 5000
2026-08-01 11:50:50: ◇ injected env (0) from .env // tip: ⌘ enable debugging { debug: true }
2026-08-01 11:50:50: 3. About to listen on 5000
2026-08-01 11:50:53: ◇ injected env (0) from .env // tip: ⌘ override existing { override: true }
2026-08-01 11:50:53: 3. About to listen on 5000
2026-08-01 11:50:56: ◇ injected env (0) from .env // tip: ⌘ override existing { override: true }
2026-08-01 11:50:56: 3. About to listen on 5000
2026-08-01 11:51:00: ◇ injected env (0) from .env // tip: ⌘ suppress logs { quiet: true }
2026-08-01 11:51:00: 3. About to listen on 5000
2026-08-01 11:51:03: ◇ injected env (0) from .env // tip: ⌁ auth for agents [www.vestauth.com]
2026-08-01 11:51:03: 3. About to listen on 5000
2026-08-01 11:51:06: ◇ injected env (0) from .env // tip: ⌘ enable debugging { debug: true }
2026-08-01 11:51:06: 3. About to listen on 5000
2026-08-01 11:51:10: ◇ injected env (0) from .env // tip: ⌘ multiple files { path: ['.env.local', '.env'] }
2026-08-01 11:51:10: 3. About to listen on 5000
2026-08-01 11:51:13: ◇ injected env (0) from .env // tip: ◈ encrypted .env [www.dotenvx.com]
2026-08-01 11:51:13: 3. About to listen on 5000
2026-08-01 11:51:16: ◇ injected env (0) from .env // tip: ◈ encrypted .env [www.dotenvx.com]
2026-08-01 11:51:16: 3. About to listen on 5000
2026-08-01 11:51:19: ◇ injected env (0) from .env // tip: ⌘ suppress logs { quiet: true }
2026-08-01 11:51:19: 3. About to listen on 5000
2026-08-01 11:51:23: ◇ injected env (0) from .env // tip: ⌘ custom filepath { path: '/custom/path/.env' }
2026-08-01 11:51:23: 3. About to listen on 5000
2026-08-01 11:51:26: ◇ injected env (0) from .env // tip: ⌘ enable debugging { debug: true }
2026-08-01 11:51:26: 3. About to listen on 5000
2026-08-01 11:51:29: ◇ injected env (0) from .env // tip: ⌁ auth for agents [www.vestauth.com]
2026-08-01 11:51:29: 3. About to listen on 5000
2026-08-01 11:51:32: ◇ injected env (0) from .env // tip: ◈ secrets for agents [www.dotenvx.com]
2026-08-01 11:51:32: 3. About to listen on 5000
2026-08-01 11:51:36: ◇ injected env (0) from .env // tip: ⌘ multiple files { path: ['.env.local', '.env'] }
2026-08-01 11:51:36: 3. About to listen on 5000
2026-08-01 11:51:39: ◇ injected env (0) from .env // tip: ⌘ custom filepath { path: '/custom/path/.env' }
2026-08-01 11:51:39: 3. About to listen on 5000
2026-08-01 11:51:42: ◇ injected env (0) from .env // tip: ⌘ custom filepath { path: '/custom/path/.env' }
2026-08-01 11:51:42: 3. About to listen on 5000
2026-08-01 11:51:45: ◇ injected env (0) from .env // tip: ⌘ custom filepath { path: '/custom/path/.env' }
2026-08-01 11:51:45: 3. About to listen on 5000
2026-08-01 11:51:49: ◇ injected env (0) from .env // tip: ◈ secrets for agents [www.dotenvx.com]
2026-08-01 11:51:49: 3. About to listen on 5000
2026-08-01 11:51:52: ◇ injected env (0) from .env // tip: ⌘ suppress logs { quiet: true }
2026-08-01 11:51:52: 3. About to listen on 5000
2026-08-01 11:51:55: ◇ injected env (0) from .env // tip: ⌘ enable debugging { debug: true }
2026-08-01 11:51:55: 3. About to listen on 5000
2026-08-01 11:51:59: ◇ injected env (0) from .env // tip: ⌁ auth for agents [www.vestauth.com]
2026-08-01 11:51:59: 3. About to listen on 5000
2026-08-01 11:52:02: ◇ injected env (0) from .env // tip: ◈ encrypted .env [www.dotenvx.com]
2026-08-01 11:52:02: 3. About to listen on 5000
2026-08-01 11:52:05: ◇ injected env (0) from .env // tip: ◈ secrets for agents [www.dotenvx.com]
2026-08-01 11:52:05: 3. About to listen on 5000
2026-08-01 11:52:08: ◇ injected env (0) from .env // tip: ⌘ enable debugging { debug: true }
2026-08-01 11:52:08: 3. About to listen on 5000
2026-08-01 11:52:12: ◇ injected env (0) from .env // tip: ⌘ suppress logs { quiet: true }
2026-08-01 11:52:12: 3. About to listen on 5000
2026-08-01 11:52:15: ◇ injected env (0) from .env // tip: ⌁ auth for agents [www.vestauth.com]
2026-08-01 11:52:15: 3. About to listen on 5000
2026-08-01 11:52:18: ◇ injected env (0) from .env // tip: ◈ secrets for agents [www.dotenvx.com]
2026-08-01 11:52:18: 3. About to listen on 5000
2026-08-01 11:52:21: ◇ injected env (0) from .env // tip: ⌘ override existing { override: true }
2026-08-01 11:52:21: 3. About to listen on 5000
2026-08-01 11:52:25: ◇ injected env (0) from .env // tip: ⌘ suppress logs { quiet: true }
2026-08-01 11:52:25: 3. About to listen on 5000
2026-08-01 11:52:28: ◇ injected env (0) from .env // tip: ⌘ custom filepath { path: '/custom/path/.env' }
2026-08-01 11:52:28: 3. About to listen on 5000
2026-08-01 11:52:31: ◇ injected env (0) from .env // tip: ◈ encrypted .env [www.dotenvx.com]
2026-08-01 11:52:31: 3. About to listen on 5000
2026-08-01 11:52:35: ◇ injected env (0) from .env // tip: ◈ secrets for agents [www.dotenvx.com]
2026-08-01 11:52:35: 3. About to listen on 5000
2026-08-01 11:52:38: ◇ injected env (0) from .env // tip: ⌁ auth for agents [www.vestauth.com]
2026-08-01 11:52:38: 3. About to listen on 5000
2026-08-01 11:52:41: ◇ injected env (0) from .env // tip: ◈ secrets for agents [www.dotenvx.com]
2026-08-01 11:52:41: 3. About to listen on 5000
2026-08-01 11:52:44: ◇ injected env (0) from .env // tip: ◈ secrets for agents [www.dotenvx.com]
2026-08-01 11:52:44: 3. About to listen on 5000
2026-08-01 11:52:48: ◇ injected env (0) from .env // tip: ⌘ custom filepath { path: '/custom/path/.env' }
2026-08-01 11:52:48: 3. About to listen on 5000
2026-08-01 11:52:51: ◇ injected env (0) from .env // tip: ⌁ auth for agents [www.vestauth.com]
2026-08-01 11:52:51: 3. About to listen on 5000
2026-08-01 11:52:54: ◇ injected env (0) from .env // tip: ⌘ suppress logs { quiet: true }
2026-08-01 11:52:54: 3. About to listen on 5000
2026-08-01 11:52:57: ◇ injected env (0) from .env // tip: ⌁ auth for agents [www.vestauth.com]
2026-08-01 11:52:57: 3. About to listen on 5000
2026-08-01 11:53:01: ◇ injected env (0) from .env // tip: ⌘ multiple files { path: ['.env.local', '.env'] }
2026-08-01 11:53:01: 3. About to listen on 5000
2026-08-01 11:53:04: ◇ injected env (0) from .env // tip: ◈ encrypted .env [www.dotenvx.com]
2026-08-01 11:53:04: 3. About to listen on 5000
2026-08-01 11:53:07: ◇ injected env (0) from .env // tip: ⌘ custom filepath { path: '/custom/path/.env' }
2026-08-01 11:53:07: 3. About to listen on 5000
2026-08-01 11:53:11: ◇ injected env (0) from .env // tip: ⌘ custom filepath { path: '/custom/path/.env' }
2026-08-01 11:53:11: 3. About to listen on 5000
2026-08-01 11:53:14: ◇ injected env (0) from .env // tip: ⌘ custom filepath { path: '/custom/path/.env' }
2026-08-01 11:53:14: 3. About to listen on 5000
2026-08-01 11:53:17: ◇ injected env (0) from .env // tip: ◈ encrypted .env [www.dotenvx.com]
2026-08-01 11:53:17: 3. About to listen on 5000
2026-08-01 11:53:20: ◇ injected env (0) from .env // tip: ⌁ auth for agents [www.vestauth.com]
2026-08-01 11:53:20: 3. About to listen on 5000
2026-08-01 11:53:24: ◇ injected env (0) from .env // tip: ⌘ multiple files { path: ['.env.local', '.env'] }
2026-08-01 11:53:24: 3. About to listen on 5000
2026-08-01 11:53:27: ◇ injected env (0) from .env // tip: ⌘ suppress logs { quiet: true }
2026-08-01 11:53:27: 3. About to listen on 5000
2026-08-01 11:53:30: ◇ injected env (0) from .env // tip: ⌘ override existing { override: true }
2026-08-01 11:53:30: 3. About to listen on 5000
2026-08-01 11:53:33: ◇ injected env (0) from .env // tip: ⌘ enable debugging { debug: true }
2026-08-01 11:53:33: 3. About to listen on 5000
2026-08-01 11:53:37: ◇ injected env (0) from .env // tip: ⌘ custom filepath { path: '/custom/path/.env' }
2026-08-01 11:53:37: 3. About to listen on 5000
2026-08-01 11:53:40: ◇ injected env (0) from .env // tip: ⌘ custom filepath { path: '/custom/path/.env' }
2026-08-01 11:53:40: 3. About to listen on 5000
2026-08-01 11:53:43: ◇ injected env (0) from .env // tip: ⌘ enable debugging { debug: true }
2026-08-01 11:53:43: 3. About to listen on 5000
2026-08-01 11:53:47: ◇ injected env (0) from .env // tip: ◈ encrypted .env [www.dotenvx.com]
2026-08-01 11:53:47: 3. About to listen on 5000
2026-08-01 11:53:50: ◇ injected env (0) from .env // tip: ⌘ suppress logs { quiet: true }
2026-08-01 11:53:50: 3. About to listen on 5000
2026-08-01 11:53:53: ◇ injected env (0) from .env // tip: ⌁ auth for agents [www.vestauth.com]
2026-08-01 11:53:53: 3. About to listen on 5000
2026-08-01 11:53:56: ◇ injected env (0) from .env // tip: ⌘ multiple files { path: ['.env.local', '.env'] }
2026-08-01 11:53:56: 3. About to listen on 5000
2026-08-01 11:54:00: ◇ injected env (0) from .env // tip: ◈ secrets for agents [www.dotenvx.com]
2026-08-01 11:54:00: 3. About to listen on 5000
2026-08-01 11:54:03: ◇ injected env (0) from .env // tip: ⌘ custom filepath { path: '/custom/path/.env' }
2026-08-01 11:54:03: 3. About to listen on 5000
2026-08-01 11:54:06: ◇ injected env (0) from .env // tip: ⌘ suppress logs { quiet: true }
2026-08-01 11:54:06: 3. About to listen on 5000
2026-08-01 11:54:09: ◇ injected env (0) from .env // tip: ◈ encrypted .env [www.dotenvx.com]
2026-08-01 11:54:09: 3. About to listen on 5000
2026-08-01 11:54:13: ◇ injected env (0) from .env // tip: ⌁ auth for agents [www.vestauth.com]
2026-08-01 11:54:13: 3. About to listen on 5000
2026-08-01 11:54:16: ◇ injected env (0) from .env // tip: ⌁ auth for agents [www.vestauth.com]
2026-08-01 11:54:16: 3. About to listen on 5000
2026-08-01 11:54:19: ◇ injected env (0) from .env // tip: ⌘ suppress logs { quiet: true }
2026-08-01 11:54:19: 3. About to listen on 5000
2026-08-01 11:54:23: ◇ injected env (0) from .env // tip: ⌘ enable debugging { debug: true }
2026-08-01 11:54:23: 3. About to listen on 5000
2026-08-01 11:54:26: ◇ injected env (0) from .env // tip: ⌘ override existing { override: true }
2026-08-01 11:54:26: 3. About to listen on 5000
2026-08-01 11:54:29: ◇ injected env (0) from .env // tip: ◈ encrypted .env [www.dotenvx.com]
2026-08-01 11:54:29: 3. About to listen on 5000
2026-08-01 11:54:32: ◇ injected env (0) from .env // tip: ⌘ custom filepath { path: '/custom/path/.env' }
2026-08-01 11:54:32: 3. About to listen on 5000
2026-08-01 11:54:36: ◇ injected env (0) from .env // tip: ⌘ override existing { override: true }
2026-08-01 11:54:36: 3. About to listen on 5000
2026-08-01 11:54:39: ◇ injected env (0) from .env // tip: ⌁ auth for agents [www.vestauth.com]
2026-08-01 11:54:39: 3. About to listen on 5000
2026-08-01 11:54:42: ◇ injected env (0) from .env // tip: ◈ encrypted .env [www.dotenvx.com]
2026-08-01 11:54:42: 3. About to listen on 5000
2026-08-01 11:54:45: ◇ injected env (0) from .env // tip: ⌁ auth for agents [www.vestauth.com]
2026-08-01 11:54:45: 3. About to listen on 5000
2026-08-01 11:54:49: ◇ injected env (0) from .env // tip: ⌘ enable debugging { debug: true }
2026-08-01 11:54:49: 3. About to listen on 5000
2026-08-01 11:54:52: ◇ injected env (0) from .env // tip: ⌘ multiple files { path: ['.env.local', '.env'] }
2026-08-01 11:54:52: 3. About to listen on 5000
2026-08-01 11:54:55: ◇ injected env (0) from .env // tip: ◈ encrypted .env [www.dotenvx.com]
2026-08-01 11:54:55: 3. About to listen on 5000
2026-08-01 11:54:58: ◇ injected env (0) from .env // tip: ⌘ suppress logs { quiet: true }
2026-08-01 11:54:58: 3. About to listen on 5000
2026-08-01 11:55:02: ◇ injected env (0) from .env // tip: ⌘ suppress logs { quiet: true }
2026-08-01 11:55:02: 3. About to listen on 5000
2026-08-01 11:55:05: ◇ injected env (0) from .env // tip: ⌘ custom filepath { path: '/custom/path/.env' }
2026-08-01 11:55:05: 3. About to listen on 5000
2026-08-01 11:55:08: ◇ injected env (0) from .env // tip: ⌘ multiple files { path: ['.env.local', '.env'] }
2026-08-01 11:55:08: 3. About to listen on 5000
2026-08-01 11:55:12: ◇ injected env (0) from .env // tip: ⌘ enable debugging { debug: true }
2026-08-01 11:55:12: 3. About to listen on 5000
2026-08-01 11:55:15: ◇ injected env (0) from .env // tip: ⌘ multiple files { path: ['.env.local', '.env'] }
2026-08-01 11:55:15: 3. About to listen on 5000
2026-08-01 11:55:18: ◇ injected env (0) from .env // tip: ⌘ custom filepath { path: '/custom/path/.env' }
2026-08-01 11:55:18: 3. About to listen on 5000
2026-08-01 11:55:21: ◇ injected env (0) from .env // tip: ◈ secrets for agents [www.dotenvx.com]
2026-08-01 11:55:21: 3. About to listen on 5000
2026-08-01 11:55:25: ◇ injected env (0) from .env // tip: ⌘ suppress logs { quiet: true }
2026-08-01 11:55:25: 3. About to listen on 5000
2026-08-01 11:55:28: ◇ injected env (0) from .env // tip: ⌘ multiple files { path: ['.env.local', '.env'] }
2026-08-01 11:55:28: 3. About to listen on 5000
2026-08-01 11:55:31: ◇ injected env (0) from .env // tip: ⌁ auth for agents [www.vestauth.com]
2026-08-01 11:55:31: 3. About to listen on 5000
2026-08-01 11:55:34: ◇ injected env (0) from .env // tip: ⌘ custom filepath { path: '/custom/path/.env' }
2026-08-01 11:55:34: 3. About to listen on 5000
2026-08-01 11:55:38: ◇ injected env (0) from .env // tip: ⌘ custom filepath { path: '/custom/path/.env' }
2026-08-01 11:55:38: 3. About to listen on 5000
2026-08-01 11:55:41: ◇ injected env (0) from .env // tip: ◈ secrets for agents [www.dotenvx.com]
2026-08-01 11:55:41: 3. About to listen on 5000
2026-08-01 11:55:44: ◇ injected env (0) from .env // tip: ◈ secrets for agents [www.dotenvx.com]
2026-08-01 11:55:44: 3. About to listen on 5000
2026-08-01 11:55:47: ◇ injected env (0) from .env // tip: ⌘ suppress logs { quiet: true }
2026-08-01 11:55:48: 3. About to listen on 5000
2026-08-01 11:55:51: ◇ injected env (0) from .env // tip: ⌘ suppress logs { quiet: true }
2026-08-01 11:55:51: 3. About to listen on 5000
2026-08-01 11:55:54: ◇ injected env (0) from .env // tip: ⌘ custom filepath { path: '/custom/path/.env' }
2026-08-01 11:55:54: 3. About to listen on 5000
2026-08-01 11:55:57: ◇ injected env (0) from .env // tip: ⌘ multiple files { path: ['.env.local', '.env'] }
2026-08-01 11:55:57: 3. About to listen on 5000
2026-08-01 11:56:01: ◇ injected env (0) from .env // tip: ⌁ auth for agents [www.vestauth.com]
2026-08-01 11:56:01: 3. About to listen on 5000
2026-08-01 11:56:04: ◇ injected env (0) from .env // tip: ⌘ enable debugging { debug: true }
2026-08-01 11:56:04: 3. About to listen on 5000
2026-08-01 11:56:07: ◇ injected env (0) from .env // tip: ⌘ enable debugging { debug: true }
2026-08-01 11:56:07: 3. About to listen on 5000
2026-08-01 11:56:10: ◇ injected env (0) from .env // tip: ⌘ custom filepath { path: '/custom/path/.env' }
2026-08-01 11:56:10: 3. About to listen on 5000
2026-08-01 11:56:14: ◇ injected env (0) from .env // tip: ⌘ suppress logs { quiet: true }
2026-08-01 11:56:14: 3. About to listen on 5000
2026-08-01 11:56:17: ◇ injected env (0) from .env // tip: ⌘ enable debugging { debug: true }
2026-08-01 11:56:17: 3. About to listen on 5000
2026-08-01 11:56:20: ◇ injected env (0) from .env // tip: ⌘ enable debugging { debug: true }
2026-08-01 11:56:20: 3. About to listen on 5000
2026-08-01 11:56:23: ◇ injected env (0) from .env // tip: ⌘ override existing { override: true }
2026-08-01 11:56:23: 3. About to listen on 5000
2026-08-01 11:56:27: ◇ injected env (0) from .env // tip: ⌘ override existing { override: true }
2026-08-01 11:56:27: 3. About to listen on 5000
2026-08-01 11:56:30: ◇ injected env (0) from .env // tip: ⌘ custom filepath { path: '/custom/path/.env' }
2026-08-01 11:56:30: 3. About to listen on 5000
2026-08-01 11:56:33: ◇ injected env (0) from .env // tip: ⌘ multiple files { path: ['.env.local', '.env'] }
2026-08-01 11:56:33: 3. About to listen on 5000
2026-08-01 11:56:37: ◇ injected env (0) from .env // tip: ⌁ auth for agents [www.vestauth.com]
2026-08-01 11:56:37: 3. About to listen on 5000
2026-08-01 11:56:40: ◇ injected env (0) from .env // tip: ⌘ custom filepath { path: '/custom/path/.env' }
2026-08-01 11:56:40: 3. About to listen on 5000
2026-08-01 11:56:43: ◇ injected env (0) from .env // tip: ⌘ suppress logs { quiet: true }
2026-08-01 11:56:43: 3. About to listen on 5000
2026-08-01 11:56:46: ◇ injected env (0) from .env // tip: ⌁ auth for agents [www.vestauth.com]
2026-08-01 11:56:46: 3. About to listen on 5000
2026-08-01 11:56:50: ◇ injected env (0) from .env // tip: ⌘ override existing { override: true }
2026-08-01 11:56:50: 3. About to listen on 5000
2026-08-01 11:56:53: ◇ injected env (0) from .env // tip: ⌘ suppress logs { quiet: true }
2026-08-01 11:56:53: 3. About to listen on 5000
2026-08-01 11:56:56: ◇ injected env (0) from .env // tip: ◈ encrypted .env [www.dotenvx.com]
2026-08-01 11:56:56: 3. About to listen on 5000
2026-08-01 11:56:59: ◇ injected env (0) from .env // tip: ◈ secrets for agents [www.dotenvx.com]
2026-08-01 11:56:59: 3. About to listen on 5000
2026-08-01 11:57:03: ◇ injected env (0) from .env // tip: ⌁ auth for agents [www.vestauth.com]
2026-08-01 11:57:03: 3. About to listen on 5000
2026-08-01 11:57:06: ◇ injected env (0) from .env // tip: ⌘ suppress logs { quiet: true }
2026-08-01 11:57:06: 3. About to listen on 5000
2026-08-01 11:57:09: ◇ injected env (0) from .env // tip: ⌘ override existing { override: true }
2026-08-01 11:57:09: 3. About to listen on 5000
2026-08-01 11:57:13: ◇ injected env (0) from .env // tip: ⌘ enable debugging { debug: true }
2026-08-01 11:57:13: 3. About to listen on 5000
2026-08-01 11:57:16: ◇ injected env (0) from .env // tip: ◈ secrets for agents [www.dotenvx.com]
2026-08-01 11:57:16: 3. About to listen on 5000
2026-08-01 11:57:19: ◇ injected env (0) from .env // tip: ⌘ custom filepath { path: '/custom/path/.env' }
2026-08-01 11:57:19: 3. About to listen on 5000
2026-08-01 11:57:22: ◇ injected env (0) from .env // tip: ◈ encrypted .env [www.dotenvx.com]
2026-08-01 11:57:22: 3. About to listen on 5000
2026-08-01 11:57:26: ◇ injected env (0) from .env // tip: ◈ secrets for agents [www.dotenvx.com]
2026-08-01 11:57:26: 3. About to listen on 5000
2026-08-01 11:57:29: ◇ injected env (0) from .env // tip: ⌘ enable debugging { debug: true }
2026-08-01 11:57:29: 3. About to listen on 5000
2026-08-01 11:57:32: ◇ injected env (0) from .env // tip: ◈ secrets for agents [www.dotenvx.com]
2026-08-01 11:57:32: 3. About to listen on 5000
2026-08-01 11:57:35: ◇ injected env (0) from .env // tip: ⌘ multiple files { path: ['.env.local', '.env'] }
2026-08-01 11:57:35: 3. About to listen on 5000
2026-08-01 11:57:39: ◇ injected env (0) from .env // tip: ◈ secrets for agents [www.dotenvx.com]
2026-08-01 11:57:39: 3. About to listen on 5000
2026-08-01 11:57:42: ◇ injected env (0) from .env // tip: ⌁ auth for agents [www.vestauth.com]
2026-08-01 11:57:42: 3. About to listen on 5000
2026-08-01 11:57:45: ◇ injected env (0) from .env // tip: ⌘ suppress logs { quiet: true }
2026-08-01 11:57:45: 3. About to listen on 5000
2026-08-01 11:57:48: ◇ injected env (0) from .env // tip: ⌘ override existing { override: true }
2026-08-01 11:57:48: 3. About to listen on 5000
2026-08-01 11:57:52: ◇ injected env (0) from .env // tip: ⌁ auth for agents [www.vestauth.com]
2026-08-01 11:57:52: 3. About to listen on 5000
2026-08-01 11:57:55: ◇ injected env (0) from .env // tip: ⌘ multiple files { path: ['.env.local', '.env'] }
2026-08-01 11:57:55: 3. About to listen on 5000
2026-08-01 11:57:58: ◇ injected env (0) from .env // tip: ⌘ custom filepath { path: '/custom/path/.env' }
2026-08-01 11:57:58: 3. About to listen on 5000
2026-08-01 11:58:02: ◇ injected env (0) from .env // tip: ⌘ suppress logs { quiet: true }
2026-08-01 11:58:02: 3. About to listen on 5000
2026-08-01 11:58:05: ◇ injected env (0) from .env // tip: ◈ secrets for agents [www.dotenvx.com]
2026-08-01 11:58:05: 3. About to listen on 5000
2026-08-01 11:58:08: ◇ injected env (0) from .env // tip: ⌘ multiple files { path: ['.env.local', '.env'] }
2026-08-01 11:58:08: 3. About to listen on 5000
2026-08-01 11:58:11: ◇ injected env (0) from .env // tip: ⌘ override existing { override: true }
2026-08-01 11:58:11: 3. About to listen on 5000
2026-08-01 11:58:15: ◇ injected env (0) from .env // tip: ◈ encrypted .env [www.dotenvx.com]
2026-08-01 11:58:15: 3. About to listen on 5000
2026-08-01 11:58:18: ◇ injected env (0) from .env // tip: ⌘ suppress logs { quiet: true }
2026-08-01 11:58:18: 3. About to listen on 5000
2026-08-01 11:58:21: ◇ injected env (0) from .env // tip: ⌘ suppress logs { quiet: true }
2026-08-01 11:58:21: 3. About to listen on 5000
2026-08-01 11:58:24: ◇ injected env (0) from .env // tip: ⌘ enable debugging { debug: true }
2026-08-01 11:58:24: 3. About to listen on 5000
2026-08-01 11:58:28: ◇ injected env (0) from .env // tip: ⌁ auth for agents [www.vestauth.com]
2026-08-01 11:58:28: 3. About to listen on 5000
2026-08-01 11:58:31: ◇ injected env (0) from .env // tip: ⌘ custom filepath { path: '/custom/path/.env' }
2026-08-01 11:58:31: 3. About to listen on 5000
2026-08-01 11:58:34: ◇ injected env (0) from .env // tip: ⌘ override existing { override: true }
2026-08-01 11:58:34: 3. About to listen on 5000
2026-08-01 11:58:38: ◇ injected env (0) from .env // tip: ⌘ custom filepath { path: '/custom/path/.env' }
2026-08-01 11:58:38: 3. About to listen on 5000
2026-08-01 11:58:41: ◇ injected env (0) from .env // tip: ⌘ override existing { override: true }
2026-08-01 11:58:41: 3. About to listen on 5000
2026-08-01 11:58:44: ◇ injected env (0) from .env // tip: ⌘ custom filepath { path: '/custom/path/.env' }
2026-08-01 11:58:44: 3. About to listen on 5000
2026-08-01 11:58:47: ◇ injected env (0) from .env // tip: ⌘ custom filepath { path: '/custom/path/.env' }
2026-08-01 11:58:47: 3. About to listen on 5000
2026-08-01 11:58:51: ◇ injected env (0) from .env // tip: ⌘ multiple files { path: ['.env.local', '.env'] }
2026-08-01 11:58:51: 3. About to listen on 5000
2026-08-01 11:58:54: ◇ injected env (0) from .env // tip: ⌁ auth for agents [www.vestauth.com]
2026-08-01 11:58:54: 3. About to listen on 5000
2026-08-01 11:58:57: ◇ injected env (0) from .env // tip: ◈ secrets for agents [www.dotenvx.com]
2026-08-01 11:58:57: 3. About to listen on 5000
2026-08-01 11:59:00: ◇ injected env (0) from .env // tip: ⌘ override existing { override: true }
2026-08-01 11:59:00: 3. About to listen on 5000
2026-08-01 11:59:04: ◇ injected env (0) from .env // tip: ⌁ auth for agents [www.vestauth.com]
2026-08-01 11:59:04: 3. About to listen on 5000
2026-08-01 11:59:07: ◇ injected env (0) from .env // tip: ⌘ suppress logs { quiet: true }
2026-08-01 11:59:07: 3. About to listen on 5000
2026-08-01 11:59:10: ◇ injected env (0) from .env // tip: ◈ encrypted .env [www.dotenvx.com]
2026-08-01 11:59:10: 3. About to listen on 5000
2026-08-01 11:59:13: ◇ injected env (0) from .env // tip: ⌘ custom filepath { path: '/custom/path/.env' }
2026-08-01 11:59:13: 3. About to listen on 5000
2026-08-01 11:59:17: ◇ injected env (0) from .env // tip: ⌘ enable debugging { debug: true }
2026-08-01 11:59:17: 3. About to listen on 5000
2026-08-01 11:59:20: ◇ injected env (0) from .env // tip: ⌘ multiple files { path: ['.env.local', '.env'] }
2026-08-01 11:59:20: 3. About to listen on 5000
2026-08-01 11:59:23: ◇ injected env (0) from .env // tip: ⌘ suppress logs { quiet: true }
2026-08-01 11:59:23: 3. About to listen on 5000
2026-08-01 11:59:27: ◇ injected env (0) from .env // tip: ⌁ auth for agents [www.vestauth.com]
2026-08-01 11:59:27: 3. About to listen on 5000
2026-08-01 11:59:30: ◇ injected env (0) from .env // tip: ⌘ suppress logs { quiet: true }
2026-08-01 11:59:30: 3. About to listen on 5000
2026-08-01 11:59:33: ◇ injected env (0) from .env // tip: ⌘ enable debugging { debug: true }
2026-08-01 11:59:33: 3. About to listen on 5000
2026-08-01 11:59:36: ◇ injected env (0) from .env // tip: ⌘ suppress logs { quiet: true }
2026-08-01 11:59:36: 3. About to listen on 5000
2026-08-01 11:59:40: ◇ injected env (0) from .env // tip: ⌘ suppress logs { quiet: true }
2026-08-01 11:59:40: 3. About to listen on 5000
2026-08-01 11:59:43: ◇ injected env (0) from .env // tip: ⌘ multiple files { path: ['.env.local', '.env'] }
2026-08-01 11:59:43: 3. About to listen on 5000
2026-08-01 11:59:46: ◇ injected env (0) from .env // tip: ◈ encrypted .env [www.dotenvx.com]
2026-08-01 11:59:46: 3. About to listen on 5000
2026-08-01 11:59:49: ◇ injected env (0) from .env // tip: ⌘ multiple files { path: ['.env.local', '.env'] }
2026-08-01 11:59:49: 3. About to listen on 5000
2026-08-01 11:59:53: ◇ injected env (0) from .env // tip: ⌁ auth for agents [www.vestauth.com]
2026-08-01 11:59:53: 3. About to listen on 5000
2026-08-01 11:59:56: ◇ injected env (0) from .env // tip: ⌘ override existing { override: true }
2026-08-01 11:59:56: 3. About to listen on 5000
2026-08-01 15:00:02: ◇ injected env (0) from .env // tip: ⌘ multiple files { path: ['.env.local', '.env'] }
2026-08-01 15:00:02: 3. About to listen on 5000
2026-08-01 22:51:41: ◇ injected env (0) from .env // tip: ◈ secrets for agents [www.dotenvx.com]
2026-08-01 22:51:41: 3. About to listen on 5000
2026-08-01 22:51:44: ◇ injected env (0) from .env // tip: ◈ secrets for agents [www.dotenvx.com]
2026-08-01 22:51:44: 3. About to listen on 5000
2026-08-01 22:51:48: ◇ injected env (0) from .env // tip: ◈ encrypted .env [www.dotenvx.com]
2026-08-01 22:51:48: 3. About to listen on 5000
2026-08-01 22:51:51: ◇ injected env (0) from .env // tip: ◈ encrypted .env [www.dotenvx.com]
2026-08-01 22:51:51: 3. About to listen on 5000
2026-08-01 22:51:54: ◇ injected env (0) from .env // tip: ⌘ enable debugging { debug: true }
2026-08-01 22:51:54: 3. About to listen on 5000
2026-08-01 22:51:57: ◇ injected env (0) from .env // tip: ⌘ override existing { override: true }
2026-08-01 22:51:57: 3. About to listen on 5000
2026-08-01 22:52:01: ◇ injected env (0) from .env // tip: ◈ encrypted .env [www.dotenvx.com]
2026-08-01 22:52:01: 3. About to listen on 5000
2026-08-01 22:52:04: ◇ injected env (0) from .env // tip: ⌘ multiple files { path: ['.env.local', '.env'] }
2026-08-01 22:52:04: 3. About to listen on 5000
2026-08-01 22:52:07: ◇ injected env (0) from .env // tip: ⌘ override existing { override: true }
2026-08-01 22:52:07: 3. About to listen on 5000
2026-08-01 22:52:11: ◇ injected env (0) from .env // tip: ⌁ auth for agents [www.vestauth.com]
2026-08-01 22:52:11: 3. About to listen on 5000
2026-08-01 22:52:14: ◇ injected env (0) from .env // tip: ⌁ auth for agents [www.vestauth.com]
2026-08-01 22:52:14: 3. About to listen on 5000
2026-08-01 22:52:17: ◇ injected env (0) from .env // tip: ◈ encrypted .env [www.dotenvx.com]
2026-08-01 22:52:17: 3. About to listen on 5000
2026-08-01 22:52:20: ◇ injected env (0) from .env // tip: ⌘ multiple files { path: ['.env.local', '.env'] }
2026-08-01 22:52:21: 3. About to listen on 5000
2026-08-01 22:52:24: ◇ injected env (0) from .env // tip: ⌁ auth for agents [www.vestauth.com]
2026-08-01 22:52:24: 3. About to listen on 5000
2026-08-01 22:52:27: ◇ injected env (0) from .env // tip: ⌘ custom filepath { path: '/custom/path/.env' }
2026-08-01 22:52:27: 3. About to listen on 5000
2026-08-01 22:52:30: ◇ injected env (0) from .env // tip: ⌁ auth for agents [www.vestauth.com]
2026-08-01 22:52:30: 3. About to listen on 5000
2026-08-01 22:52:34: ◇ injected env (0) from .env // tip: ⌘ enable debugging { debug: true }
2026-08-01 22:52:34: 3. About to listen on 5000
2026-08-01 22:52:37: ◇ injected env (0) from .env // tip: ⌘ multiple files { path: ['.env.local', '.env'] }
2026-08-01 22:52:37: 3. About to listen on 5000
2026-08-01 22:52:40: ◇ injected env (0) from .env // tip: ⌘ custom filepath { path: '/custom/path/.env' }
2026-08-01 22:52:40: 3. About to listen on 5000
2026-08-01 22:52:43: ◇ injected env (0) from .env // tip: ⌘ suppress logs { quiet: true }
2026-08-01 22:52:44: 3. About to listen on 5000
2026-08-01 22:52:47: ◇ injected env (0) from .env // tip: ⌘ enable debugging { debug: true }
2026-08-01 22:52:47: 3. About to listen on 5000
2026-08-01 22:52:50: ◇ injected env (0) from .env // tip: ⌘ suppress logs { quiet: true }
2026-08-01 22:52:50: 3. About to listen on 5000
2026-08-01 22:52:53: ◇ injected env (0) from .env // tip: ⌘ override existing { override: true }
2026-08-01 22:52:53: 3. About to listen on 5000
2026-08-01 22:52:57: ◇ injected env (0) from .env // tip: ⌘ suppress logs { quiet: true }
2026-08-01 22:52:57: 3. About to listen on 5000
2026-08-01 22:53:00: ◇ injected env (0) from .env // tip: ⌘ enable debugging { debug: true }
2026-08-01 22:53:00: 3. About to listen on 5000
2026-08-01 22:53:03: ◇ injected env (0) from .env // tip: ⌘ suppress logs { quiet: true }
2026-08-01 22:53:03: 3. About to listen on 5000
2026-08-01 22:53:07: ◇ injected env (0) from .env // tip: ⌘ suppress logs { quiet: true }
2026-08-01 22:53:07: 3. About to listen on 5000
2026-08-01 22:53:10: ◇ injected env (0) from .env // tip: ⌘ override existing { override: true }
2026-08-01 22:53:10: 3. About to listen on 5000
2026-08-01 22:53:10: 
2026-08-01 22:53:10: 🚀 Server running!
2026-08-01 22:53:10:    Local:    http://localhost:5000
2026-08-01 22:53:10:    Network:  http://172.27.192.1:5000
2026-08-01 22:53:10:    SQLite DB: backend/prisma/dev.db
2026-08-01 22:53:10:    Admin:    http://172.27.192.1:5000 (then sign in)
2026-08-01 22:53:10: 
2026-08-03 10:41:23: ◇ injected env (0) from .env // tip: ⌘ enable debugging { debug: true }
2026-08-03 10:41:23: 3. About to listen on 5000
2026-08-03 10:41:23: 
2026-08-03 10:41:23: 🚀 Server running!
2026-08-03 10:41:23:    Local:    http://localhost:5000
2026-08-03 10:41:23:    Network:  http://172.31.13.110:5000
2026-08-03 10:41:23:    SQLite DB: backend/prisma/dev.db
2026-08-03 10:41:23:    Admin:    http://172.31.13.110:5000 (then sign in)
2026-08-03 10:41:23: 
